[1/4] rebuilding the mapper from experiments/S2/out/corpus_globe_v2_2500_1_Qwen3-TTS-12Hz-17B-Base.npz
      2500 pairs | SpeakerSpace(dim=2048, fit_on=2500, shell=17.919+/-0.547, eff_rank=200.1, identity_frac=0.197)

********
Warning: flash-attn is not installed. Will only run the manual PyTorch version. Please install flash-attn for faster inference.
********
 
'sox' is not recognized as an internal or external command,
operable program or batch file.
SoX could not be found!

    If you do not have SoX, proceed here:
     - - - http://sox.sourceforge.net/ - - -

    If you do (or think that you should) have SoX, double-check your
    path variables.
    
Fetching 4 files:   0%|          | 0/4 [00:00<?, ?it/s]Fetching 4 files: 100%|██████████| 4/4 [00:00<00:00, 1328.26it/s]
Could not parse CUDA device string 'cuda': not enough values to unpack (expected 2, got 1). Falling back to device 0.
[2/4] backend qwen3-tts-base@Qwen/Qwen3-TTS-12Hz-1.7B-Base | space_ref space-1-2048d | starting from 0
[3/4] minting 300 voices (novelty 0.0)
      uniqueness floor 0.3 -- rejections here ARE the result
Setting `pad_token_id` to `eos_token_id`:2150 for open-end generation.
Setting `pad_token_id` to `eos_token_id`:2150 for open-end generation.
Setting `pad_token_id` to `eos_token_id`:2150 for open-end generation.
Setting `pad_token_id` to `eos_token_id`:2150 for open-end generation.
Setting `pad_token_id` to `eos_token_id`:2150 for open-end generation.
Setting `pad_token_id` to `eos_token_id`:2150 for open-end generation.
W0905 07:40:04.778000 8916 envs\qwen3\Lib\site-packages\torch\_dynamo\convert_frame.py:1125] WON'T CONVERT forward E:\VoiceForge TTV Pipeine\v3\envs\qwen3\Lib\site-packages\audioseal\libs\moshi\modules\conv.py line 248 
W0905 07:40:04.778000 8916 envs\qwen3\Lib\site-packages\torch\_dynamo\convert_frame.py:1125] due to: 
W0905 07:40:04.778000 8916 envs\qwen3\Lib\site-packages\torch\_dynamo\convert_frame.py:1125] Traceback (most recent call last):
W0905 07:40:04.778000 8916 envs\qwen3\Lib\site-packages\torch\_dynamo\convert_frame.py:1125]   File "E:\VoiceForge TTV Pipeine\v3\envs\qwen3\Lib\site-packages\torch\_inductor\cpp_builder.py", line 130, in check_compiler_exist_windows
W0905 07:40:04.778000 8916 envs\qwen3\Lib\site-packages\torch\_dynamo\convert_frame.py:1125]     subprocess.check_output([compiler, "/help"], stderr=subprocess.STDOUT)
W0905 07:40:04.778000 8916 envs\qwen3\Lib\site-packages\torch\_dynamo\convert_frame.py:1125]   File "C:\Python312\Lib\subprocess.py", line 466, in check_output
W0905 07:40:04.778000 8916 envs\qwen3\Lib\site-packages\torch\_dynamo\convert_frame.py:1125]     return run(*popenargs, stdout=PIPE, timeout=timeout, check=True,
W0905 07:40:04.778000 8916 envs\qwen3\Lib\site-packages\torch\_dynamo\convert_frame.py:1125]            ^^^^^^^^^^^^^^^^^^^^^^^^^^^^^^^^^^^^^^^^^^^^^^^^^^^^^^^^^
W0905 07:40:04.778000 8916 envs\qwen3\Lib\site-packages\torch\_dynamo\convert_frame.py:1125]   File "C:\Python312\Lib\subprocess.py", line 548, in run
W0905 07:40:04.778000 8916 envs\qwen3\Lib\site-packages\torch\_dynamo\convert_frame.py:1125]     with Popen(*popenargs, **kwargs) as process:
W0905 07:40:04.778000 8916 envs\qwen3\Lib\site-packages\torch\_dynamo\convert_frame.py:1125]          ^^^^^^^^^^^^^^^^^^^^^^^^^^^
W0905 07:40:04.778000 8916 envs\qwen3\Lib\site-packages\torch\_dynamo\convert_frame.py:1125]   File "C:\Python312\Lib\subprocess.py", line 1026, in __init__
W0905 07:40:04.778000 8916 envs\qwen3\Lib\site-packages\torch\_dynamo\convert_frame.py:1125]     self._execute_child(args, executable, preexec_fn, close_fds,
W0905 07:40:04.778000 8916 envs\qwen3\Lib\site-packages\torch\_dynamo\convert_frame.py:1125]   File "C:\Python312\Lib\subprocess.py", line 1538, in _execute_child
W0905 07:40:04.778000 8916 envs\qwen3\Lib\site-packages\torch\_dynamo\convert_frame.py:1125]     hp, ht, pid, tid = _winapi.CreateProcess(executable, args,
W0905 07:40:04.778000 8916 envs\qwen3\Lib\site-packages\torch\_dynamo\convert_frame.py:1125]                        ^^^^^^^^^^^^^^^^^^^^^^^^^^^^^^^^^^^^^^^
W0905 07:40:04.778000 8916 envs\qwen3\Lib\site-packages\torch\_dynamo\convert_frame.py:1125] FileNotFoundError: [WinError 2] The system cannot find the file specified
W0905 07:40:04.778000 8916 envs\qwen3\Lib\site-packages\torch\_dynamo\convert_frame.py:1125] 
W0905 07:40:04.778000 8916 envs\qwen3\Lib\site-packages\torch\_dynamo\convert_frame.py:1125] The above exception was the direct cause of the following exception:
W0905 07:40:04.778000 8916 envs\qwen3\Lib\site-packages\torch\_dynamo\convert_frame.py:1125] 
W0905 07:40:04.778000 8916 envs\qwen3\Lib\site-packages\torch\_dynamo\convert_frame.py:1125] Traceback (most recent call last):
W0905 07:40:04.778000 8916 envs\qwen3\Lib\site-packages\torch\_dynamo\convert_frame.py:1125]   File "E:\VoiceForge TTV Pipeine\v3\envs\qwen3\Lib\site-packages\torch\_dynamo\output_graph.py", line 1446, in _call_user_compiler
W0905 07:40:04.778000 8916 envs\qwen3\Lib\site-packages\torch\_dynamo\convert_frame.py:1125]     compiled_fn = compiler_fn(gm, self.example_inputs())
W0905 07:40:04.778000 8916 envs\qwen3\Lib\site-packages\torch\_dynamo\convert_frame.py:1125]                   ^^^^^^^^^^^^^^^^^^^^^^^^^^^^^^^^^^^^^^
W0905 07:40:04.778000 8916 envs\qwen3\Lib\site-packages\torch\_dynamo\convert_frame.py:1125]   File "E:\VoiceForge TTV Pipeine\v3\envs\qwen3\Lib\site-packages\torch\_dynamo\repro\after_dynamo.py", line 129, in __call__
W0905 07:40:04.778000 8916 envs\qwen3\Lib\site-packages\torch\_dynamo\convert_frame.py:1125]     compiled_gm = compiler_fn(gm, example_inputs)
W0905 07:40:04.778000 8916 envs\qwen3\Lib\site-packages\torch\_dynamo\convert_frame.py:1125]                   ^^^^^^^^^^^^^^^^^^^^^^^^^^^^^^^
W0905 07:40:04.778000 8916 envs\qwen3\Lib\site-packages\torch\_dynamo\convert_frame.py:1125]   File "E:\VoiceForge TTV Pipeine\v3\envs\qwen3\Lib\site-packages\torch\__init__.py", line 2234, in __call__
W0905 07:40:04.778000 8916 envs\qwen3\Lib\site-packages\torch\_dynamo\convert_frame.py:1125]     return compile_fx(model_, inputs_, config_patches=self.config)
W0905 07:40:04.778000 8916 envs\qwen3\Lib\site-packages\torch\_dynamo\convert_frame.py:1125]            ^^^^^^^^^^^^^^^^^^^^^^^^^^^^^^^^^^^^^^^^^^^^^^^^^^^^^^^
W0905 07:40:04.778000 8916 envs\qwen3\Lib\site-packages\torch\_dynamo\convert_frame.py:1125]   File "E:\VoiceForge TTV Pipeine\v3\envs\qwen3\Lib\site-packages\torch\_inductor\compile_fx.py", line 1521, in compile_fx
W0905 07:40:04.778000 8916 envs\qwen3\Lib\site-packages\torch\_dynamo\convert_frame.py:1125]     return aot_autograd(
W0905 07:40:04.778000 8916 envs\qwen3\Lib\site-packages\torch\_dynamo\convert_frame.py:1125]            ^^^^^^^^^^^^^
W0905 07:40:04.778000 8916 envs\qwen3\Lib\site-packages\torch\_dynamo\convert_frame.py:1125]   File "E:\VoiceForge TTV Pipeine\v3\envs\qwen3\Lib\site-packages\torch\_dynamo\backends\common.py", line 72, in __call__
W0905 07:40:04.778000 8916 envs\qwen3\Lib\site-packages\torch\_dynamo\convert_frame.py:1125]     cg = aot_module_simplified(gm, example_inputs, **self.kwargs)
W0905 07:40:04.778000 8916 envs\qwen3\Lib\site-packages\torch\_dynamo\convert_frame.py:1125]          ^^^^^^^^^^^^^^^^^^^^^^^^^^^^^^^^^^^^^^^^^^^^^^^^^^^^^^^^
W0905 07:40:04.778000 8916 envs\qwen3\Lib\site-packages\torch\_dynamo\convert_frame.py:1125]   File "E:\VoiceForge TTV Pipeine\v3\envs\qwen3\Lib\site-packages\torch\_functorch\aot_autograd.py", line 1071, in aot_module_simplified
W0905 07:40:04.778000 8916 envs\qwen3\Lib\site-packages\torch\_dynamo\convert_frame.py:1125]     compiled_fn = dispatch_and_compile()
W0905 07:40:04.778000 8916 envs\qwen3\Lib\site-packages\torch\_dynamo\convert_frame.py:1125]                   ^^^^^^^^^^^^^^^^^^^^^^
W0905 07:40:04.778000 8916 envs\qwen3\Lib\site-packages\torch\_dynamo\convert_frame.py:1125]   File "E:\VoiceForge TTV Pipeine\v3\envs\qwen3\Lib\site-packages\torch\_functorch\aot_autograd.py", line 1056, in dispatch_and_compile
W0905 07:40:04.778000 8916 envs\qwen3\Lib\site-packages\torch\_dynamo\convert_frame.py:1125]     compiled_fn, _ = create_aot_dispatcher_function(
W0905 07:40:04.778000 8916 envs\qwen3\Lib\site-packages\torch\_dynamo\convert_frame.py:1125]                      ^^^^^^^^^^^^^^^^^^^^^^^^^^^^^^^
W0905 07:40:04.778000 8916 envs\qwen3\Lib\site-packages\torch\_dynamo\convert_frame.py:1125]   File "E:\VoiceForge TTV Pipeine\v3\envs\qwen3\Lib\site-packages\torch\_functorch\aot_autograd.py", line 522, in create_aot_dispatcher_function
W0905 07:40:04.778000 8916 envs\qwen3\Lib\site-packages\torch\_dynamo\convert_frame.py:1125]     return _create_aot_dispatcher_function(
W0905 07:40:04.778000 8916 envs\qwen3\Lib\site-packages\torch\_dynamo\convert_frame.py:1125]            ^^^^^^^^^^^^^^^^^^^^^^^^^^^^^^^^
W0905 07:40:04.778000 8916 envs\qwen3\Lib\site-packages\torch\_dynamo\convert_frame.py:1125]   File "E:\VoiceForge TTV Pipeine\v3\envs\qwen3\Lib\site-packages\torch\_functorch\aot_autograd.py", line 759, in _create_aot_dispatcher_function
W0905 07:40:04.778000 8916 envs\qwen3\Lib\site-packages\torch\_dynamo\convert_frame.py:1125]     compiled_fn, fw_metadata = compiler_fn(
W0905 07:40:04.778000 8916 envs\qwen3\Lib\site-packages\torch\_dynamo\convert_frame.py:1125]                                ^^^^^^^^^^^^
W0905 07:40:04.778000 8916 envs\qwen3\Lib\site-packages\torch\_dynamo\convert_frame.py:1125]   File "E:\VoiceForge TTV Pipeine\v3\envs\qwen3\Lib\site-packages\torch\_functorch\_aot_autograd\jit_compile_runtime_wrappers.py", line 179, in aot_dispatch_base
W0905 07:40:04.778000 8916 envs\qwen3\Lib\site-packages\torch\_dynamo\convert_frame.py:1125]     compiled_fw = compiler(fw_module, updated_flat_args)
W0905 07:40:04.778000 8916 envs\qwen3\Lib\site-packages\torch\_dynamo\convert_frame.py:1125]                   ^^^^^^^^^^^^^^^^^^^^^^^^^^^^^^^^^^^^^^
W0905 07:40:04.778000 8916 envs\qwen3\Lib\site-packages\torch\_dynamo\convert_frame.py:1125]   File "E:\VoiceForge TTV Pipeine\v3\envs\qwen3\Lib\site-packages\torch\_inductor\compile_fx.py", line 1350, in fw_compiler_base
W0905 07:40:04.778000 8916 envs\qwen3\Lib\site-packages\torch\_dynamo\convert_frame.py:1125]     return _fw_compiler_base(model, example_inputs, is_inference)
W0905 07:40:04.778000 8916 envs\qwen3\Lib\site-packages\torch\_dynamo\convert_frame.py:1125]            ^^^^^^^^^^^^^^^^^^^^^^^^^^^^^^^^^^^^^^^^^^^^^^^^^^^^^^
W0905 07:40:04.778000 8916 envs\qwen3\Lib\site-packages\torch\_dynamo\convert_frame.py:1125]   File "E:\VoiceForge TTV Pipeine\v3\envs\qwen3\Lib\site-packages\torch\_inductor\compile_fx.py", line 1421, in _fw_compiler_base
W0905 07:40:04.778000 8916 envs\qwen3\Lib\site-packages\torch\_dynamo\convert_frame.py:1125]     return inner_compile(
W0905 07:40:04.778000 8916 envs\qwen3\Lib\site-packages\torch\_dynamo\convert_frame.py:1125]            ^^^^^^^^^^^^^^
W0905 07:40:04.778000 8916 envs\qwen3\Lib\site-packages\torch\_dynamo\convert_frame.py:1125]   File "E:\VoiceForge TTV Pipeine\v3\envs\qwen3\Lib\site-packages\torch\_inductor\compile_fx.py", line 475, in compile_fx_inner
W0905 07:40:04.778000 8916 envs\qwen3\Lib\site-packages\torch\_dynamo\convert_frame.py:1125]     return wrap_compiler_debug(_compile_fx_inner, compiler_name="inductor")(
W0905 07:40:04.778000 8916 envs\qwen3\Lib\site-packages\torch\_dynamo\convert_frame.py:1125]            ^^^^^^^^^^^^^^^^^^^^^^^^^^^^^^^^^^^^^^^^^^^^^^^^^^^^^^^^^^^^^^^^^
W0905 07:40:04.778000 8916 envs\qwen3\Lib\site-packages\torch\_dynamo\convert_frame.py:1125]   File "E:\VoiceForge TTV Pipeine\v3\envs\qwen3\Lib\site-packages\torch\_dynamo\repro\after_aot.py", line 85, in debug_wrapper
W0905 07:40:04.778000 8916 envs\qwen3\Lib\site-packages\torch\_dynamo\convert_frame.py:1125]     inner_compiled_fn = compiler_fn(gm, example_inputs)
W0905 07:40:04.778000 8916 envs\qwen3\Lib\site-packages\torch\_dynamo\convert_frame.py:1125]                         ^^^^^^^^^^^^^^^^^^^^^^^^^^^^^^^
W0905 07:40:04.778000 8916 envs\qwen3\Lib\site-packages\torch\_dynamo\convert_frame.py:1125]   File "E:\VoiceForge TTV Pipeine\v3\envs\qwen3\Lib\site-packages\torch\_inductor\compile_fx.py", line 661, in _compile_fx_inner
W0905 07:40:04.778000 8916 envs\qwen3\Lib\site-packages\torch\_dynamo\convert_frame.py:1125]     compiled_graph = FxGraphCache.load(
W0905 07:40:04.778000 8916 envs\qwen3\Lib\site-packages\torch\_dynamo\convert_frame.py:1125]                      ^^^^^^^^^^^^^^^^^^
W0905 07:40:04.778000 8916 envs\qwen3\Lib\site-packages\torch\_dynamo\convert_frame.py:1125]   File "E:\VoiceForge TTV Pipeine\v3\envs\qwen3\Lib\site-packages\torch\_inductor\codecache.py", line 1334, in load
W0905 07:40:04.778000 8916 envs\qwen3\Lib\site-packages\torch\_dynamo\convert_frame.py:1125]     compiled_graph = compile_fx_fn(
W0905 07:40:04.778000 8916 envs\qwen3\Lib\site-packages\torch\_dynamo\convert_frame.py:1125]                      ^^^^^^^^^^^^^^
W0905 07:40:04.778000 8916 envs\qwen3\Lib\site-packages\torch\_dynamo\convert_frame.py:1125]   File "E:\VoiceForge TTV Pipeine\v3\envs\qwen3\Lib\site-packages\torch\_inductor\compile_fx.py", line 570, in codegen_and_compile
W0905 07:40:04.778000 8916 envs\qwen3\Lib\site-packages\torch\_dynamo\convert_frame.py:1125]     compiled_graph = fx_codegen_and_compile(gm, example_inputs, **fx_kwargs)
W0905 07:40:04.778000 8916 envs\qwen3\Lib\site-packages\torch\_dynamo\convert_frame.py:1125]                      ^^^^^^^^^^^^^^^^^^^^^^^^^^^^^^^^^^^^^^^^^^^^^^^^^^^^^^^
W0905 07:40:04.778000 8916 envs\qwen3\Lib\site-packages\torch\_dynamo\convert_frame.py:1125]   File "E:\VoiceForge TTV Pipeine\v3\envs\qwen3\Lib\site-packages\torch\_inductor\compile_fx.py", line 878, in fx_codegen_and_compile
W0905 07:40:04.778000 8916 envs\qwen3\Lib\site-packages\torch\_dynamo\convert_frame.py:1125]     compiled_fn = graph.compile_to_fn()
W0905 07:40:04.778000 8916 envs\qwen3\Lib\site-packages\torch\_dynamo\convert_frame.py:1125]                   ^^^^^^^^^^^^^^^^^^^^^
W0905 07:40:04.778000 8916 envs\qwen3\Lib\site-packages\torch\_dynamo\convert_frame.py:1125]   File "E:\VoiceForge TTV Pipeine\v3\envs\qwen3\Lib\site-packages\torch\_inductor\graph.py", line 1913, in compile_to_fn
W0905 07:40:04.778000 8916 envs\qwen3\Lib\site-packages\torch\_dynamo\convert_frame.py:1125]     return self.compile_to_module().call
W0905 07:40:04.778000 8916 envs\qwen3\Lib\site-packages\torch\_dynamo\convert_frame.py:1125]            ^^^^^^^^^^^^^^^^^^^^^^^^
W0905 07:40:04.778000 8916 envs\qwen3\Lib\site-packages\torch\_dynamo\convert_frame.py:1125]   File "E:\VoiceForge TTV Pipeine\v3\envs\qwen3\Lib\site-packages\torch\_inductor\graph.py", line 1839, in compile_to_module
W0905 07:40:04.778000 8916 envs\qwen3\Lib\site-packages\torch\_dynamo\convert_frame.py:1125]     return self._compile_to_module()
W0905 07:40:04.778000 8916 envs\qwen3\Lib\site-packages\torch\_dynamo\convert_frame.py:1125]            ^^^^^^^^^^^^^^^^^^^^^^^^^
W0905 07:40:04.778000 8916 envs\qwen3\Lib\site-packages\torch\_dynamo\convert_frame.py:1125]   File "E:\VoiceForge TTV Pipeine\v3\envs\qwen3\Lib\site-packages\torch\_inductor\graph.py", line 1845, in _compile_to_module
W0905 07:40:04.778000 8916 envs\qwen3\Lib\site-packages\torch\_dynamo\convert_frame.py:1125]     self.codegen_with_cpp_wrapper() if self.cpp_wrapper else self.codegen()
W0905 07:40:04.778000 8916 envs\qwen3\Lib\site-packages\torch\_dynamo\convert_frame.py:1125]                                                              ^^^^^^^^^^^^^^
W0905 07:40:04.778000 8916 envs\qwen3\Lib\site-packages\torch\_dynamo\convert_frame.py:1125]   File "E:\VoiceForge TTV Pipeine\v3\envs\qwen3\Lib\site-packages\torch\_inductor\graph.py", line 1784, in codegen
W0905 07:40:04.778000 8916 envs\qwen3\Lib\site-packages\torch\_dynamo\convert_frame.py:1125]     self.scheduler.codegen()
W0905 07:40:04.778000 8916 envs\qwen3\Lib\site-packages\torch\_dynamo\convert_frame.py:1125]   File "E:\VoiceForge TTV Pipeine\v3\envs\qwen3\Lib\site-packages\torch\_inductor\scheduler.py", line 3383, in codegen
W0905 07:40:04.778000 8916 envs\qwen3\Lib\site-packages\torch\_dynamo\convert_frame.py:1125]     return self._codegen()
W0905 07:40:04.778000 8916 envs\qwen3\Lib\site-packages\torch\_dynamo\convert_frame.py:1125]            ^^^^^^^^^^^^^^^
W0905 07:40:04.778000 8916 envs\qwen3\Lib\site-packages\torch\_dynamo\convert_frame.py:1125]   File "E:\VoiceForge TTV Pipeine\v3\envs\qwen3\Lib\site-packages\torch\_inductor\scheduler.py", line 3461, in _codegen
W0905 07:40:04.778000 8916 envs\qwen3\Lib\site-packages\torch\_dynamo\convert_frame.py:1125]     self.get_backend(device).codegen_node(node)
W0905 07:40:04.778000 8916 envs\qwen3\Lib\site-packages\torch\_dynamo\convert_frame.py:1125]   File "E:\VoiceForge TTV Pipeine\v3\envs\qwen3\Lib\site-packages\torch\_inductor\codegen\cpp.py", line 4468, in codegen_node
W0905 07:40:04.778000 8916 envs\qwen3\Lib\site-packages\torch\_dynamo\convert_frame.py:1125]     cpp_kernel_proxy = CppKernelProxy(kernel_group)
W0905 07:40:04.778000 8916 envs\qwen3\Lib\site-packages\torch\_dynamo\convert_frame.py:1125]                        ^^^^^^^^^^^^^^^^^^^^^^^^^^^^
W0905 07:40:04.778000 8916 envs\qwen3\Lib\site-packages\torch\_dynamo\convert_frame.py:1125]   File "E:\VoiceForge TTV Pipeine\v3\envs\qwen3\Lib\site-packages\torch\_inductor\codegen\cpp.py", line 3466, in __init__
W0905 07:40:04.778000 8916 envs\qwen3\Lib\site-packages\torch\_dynamo\convert_frame.py:1125]     self.picked_vec_isa: cpu_vec_isa.VecISA = cpu_vec_isa.pick_vec_isa()
W0905 07:40:04.778000 8916 envs\qwen3\Lib\site-packages\torch\_dynamo\convert_frame.py:1125]                                               ^^^^^^^^^^^^^^^^^^^^^^^^^^
W0905 07:40:04.778000 8916 envs\qwen3\Lib\site-packages\torch\_dynamo\convert_frame.py:1125]   File "E:\VoiceForge TTV Pipeine\v3\envs\qwen3\Lib\site-packages\torch\_inductor\cpu_vec_isa.py", line 360, in pick_vec_isa
W0905 07:40:04.778000 8916 envs\qwen3\Lib\site-packages\torch\_dynamo\convert_frame.py:1125]     _valid_vec_isa_list: List[VecISA] = valid_vec_isa_list()
W0905 07:40:04.778000 8916 envs\qwen3\Lib\site-packages\torch\_dynamo\convert_frame.py:1125]                                         ^^^^^^^^^^^^^^^^^^^^
W0905 07:40:04.778000 8916 envs\qwen3\Lib\site-packages\torch\_dynamo\convert_frame.py:1125]   File "E:\VoiceForge TTV Pipeine\v3\envs\qwen3\Lib\site-packages\torch\_inductor\cpu_vec_isa.py", line 350, in valid_vec_isa_list
W0905 07:40:04.778000 8916 envs\qwen3\Lib\site-packages\torch\_dynamo\convert_frame.py:1125]     if all(flag in _cpu_supported_x86_isa for flag in str(isa).split()) and isa:
W0905 07:40:04.778000 8916 envs\qwen3\Lib\site-packages\torch\_dynamo\convert_frame.py:1125]                                                                             ^^^
W0905 07:40:04.778000 8916 envs\qwen3\Lib\site-packages\torch\_dynamo\convert_frame.py:1125]   File "E:\VoiceForge TTV Pipeine\v3\envs\qwen3\Lib\site-packages\torch\_inductor\cpu_vec_isa.py", line 148, in __bool__
W0905 07:40:04.778000 8916 envs\qwen3\Lib\site-packages\torch\_dynamo\convert_frame.py:1125]     return self.check_build(VecISA._avx_code)
W0905 07:40:04.778000 8916 envs\qwen3\Lib\site-packages\torch\_dynamo\convert_frame.py:1125]            ^^^^^^^^^^^^^^^^^^^^^^^^^^^^^^^^^^
W0905 07:40:04.778000 8916 envs\qwen3\Lib\site-packages\torch\_dynamo\convert_frame.py:1125]   File "E:\VoiceForge TTV Pipeine\v3\envs\qwen3\Lib\site-packages\torch\_inductor\cpu_vec_isa.py", line 101, in check_build
W0905 07:40:04.778000 8916 envs\qwen3\Lib\site-packages\torch\_dynamo\convert_frame.py:1125]     extra=_get_isa_dry_compile_fingerprint(self._arch_flags),
W0905 07:40:04.778000 8916 envs\qwen3\Lib\site-packages\torch\_dynamo\convert_frame.py:1125]           ^^^^^^^^^^^^^^^^^^^^^^^^^^^^^^^^^^^^^^^^^^^^^^^^^^
W0905 07:40:04.778000 8916 envs\qwen3\Lib\site-packages\torch\_dynamo\convert_frame.py:1125]   File "E:\VoiceForge TTV Pipeine\v3\envs\qwen3\Lib\site-packages\torch\_inductor\cpu_vec_isa.py", line 27, in _get_isa_dry_compile_fingerprint
W0905 07:40:04.778000 8916 envs\qwen3\Lib\site-packages\torch\_dynamo\convert_frame.py:1125]     compiler_info = get_compiler_version_info(get_cpp_compiler())
W0905 07:40:04.778000 8916 envs\qwen3\Lib\site-packages\torch\_dynamo\convert_frame.py:1125]                                               ^^^^^^^^^^^^^^^^^^
W0905 07:40:04.778000 8916 envs\qwen3\Lib\site-packages\torch\_dynamo\convert_frame.py:1125]   File "E:\VoiceForge TTV Pipeine\v3\envs\qwen3\Lib\site-packages\torch\_inductor\cpp_builder.py", line 144, in get_cpp_compiler
W0905 07:40:04.778000 8916 envs\qwen3\Lib\site-packages\torch\_dynamo\convert_frame.py:1125]     check_compiler_exist_windows(compiler)
W0905 07:40:04.778000 8916 envs\qwen3\Lib\site-packages\torch\_dynamo\convert_frame.py:1125]   File "E:\VoiceForge TTV Pipeine\v3\envs\qwen3\Lib\site-packages\torch\_inductor\cpp_builder.py", line 135, in check_compiler_exist_windows
W0905 07:40:04.778000 8916 envs\qwen3\Lib\site-packages\torch\_dynamo\convert_frame.py:1125]     raise RuntimeError(f"Compiler: {compiler} is not found.") from exc
W0905 07:40:04.778000 8916 envs\qwen3\Lib\site-packages\torch\_dynamo\convert_frame.py:1125] RuntimeError: Compiler: cl is not found.
W0905 07:40:04.778000 8916 envs\qwen3\Lib\site-packages\torch\_dynamo\convert_frame.py:1125] 
W0905 07:40:04.778000 8916 envs\qwen3\Lib\site-packages\torch\_dynamo\convert_frame.py:1125] The above exception was the direct cause of the following exception:
W0905 07:40:04.778000 8916 envs\qwen3\Lib\site-packages\torch\_dynamo\convert_frame.py:1125] 
W0905 07:40:04.778000 8916 envs\qwen3\Lib\site-packages\torch\_dynamo\convert_frame.py:1125] Traceback (most recent call last):
W0905 07:40:04.778000 8916 envs\qwen3\Lib\site-packages\torch\_dynamo\convert_frame.py:1125]   File "E:\VoiceForge TTV Pipeine\v3\envs\qwen3\Lib\site-packages\torch\_dynamo\convert_frame.py", line 1064, in __call__
W0905 07:40:04.778000 8916 envs\qwen3\Lib\site-packages\torch\_dynamo\convert_frame.py:1125]     result = self._inner_convert(
W0905 07:40:04.778000 8916 envs\qwen3\Lib\site-packages\torch\_dynamo\convert_frame.py:1125]              ^^^^^^^^^^^^^^^^^^^^
W0905 07:40:04.778000 8916 envs\qwen3\Lib\site-packages\torch\_dynamo\convert_frame.py:1125]   File "E:\VoiceForge TTV Pipeine\v3\envs\qwen3\Lib\site-packages\torch\_dynamo\convert_frame.py", line 526, in __call__
W0905 07:40:04.778000 8916 envs\qwen3\Lib\site-packages\torch\_dynamo\convert_frame.py:1125]     return _compile(
W0905 07:40:04.778000 8916 envs\qwen3\Lib\site-packages\torch\_dynamo\convert_frame.py:1125]            ^^^^^^^^^
W0905 07:40:04.778000 8916 envs\qwen3\Lib\site-packages\torch\_dynamo\convert_frame.py:1125]   File "E:\VoiceForge TTV Pipeine\v3\envs\qwen3\Lib\site-packages\torch\_dynamo\convert_frame.py", line 924, in _compile
W0905 07:40:04.778000 8916 envs\qwen3\Lib\site-packages\torch\_dynamo\convert_frame.py:1125]     guarded_code = compile_inner(code, one_graph, hooks, transform)
W0905 07:40:04.778000 8916 envs\qwen3\Lib\site-packages\torch\_dynamo\convert_frame.py:1125]                    ^^^^^^^^^^^^^^^^^^^^^^^^^^^^^^^^^^^^^^^^^^^^^^^^
W0905 07:40:04.778000 8916 envs\qwen3\Lib\site-packages\torch\_dynamo\convert_frame.py:1125]   File "E:\VoiceForge TTV Pipeine\v3\envs\qwen3\Lib\site-packages\torch\_dynamo\convert_frame.py", line 666, in compile_inner
W0905 07:40:04.778000 8916 envs\qwen3\Lib\site-packages\torch\_dynamo\convert_frame.py:1125]     return _compile_inner(code, one_graph, hooks, transform)
W0905 07:40:04.778000 8916 envs\qwen3\Lib\site-packages\torch\_dynamo\convert_frame.py:1125]            ^^^^^^^^^^^^^^^^^^^^^^^^^^^^^^^^^^^^^^^^^^^^^^^^^
W0905 07:40:04.778000 8916 envs\qwen3\Lib\site-packages\torch\_dynamo\convert_frame.py:1125]   File "E:\VoiceForge TTV Pipeine\v3\envs\qwen3\Lib\site-packages\torch\_utils_internal.py", line 87, in wrapper_function
W0905 07:40:04.778000 8916 envs\qwen3\Lib\site-packages\torch\_dynamo\convert_frame.py:1125]     return function(*args, **kwargs)
W0905 07:40:04.778000 8916 envs\qwen3\Lib\site-packages\torch\_dynamo\convert_frame.py:1125]            ^^^^^^^^^^^^^^^^^^^^^^^^^
W0905 07:40:04.778000 8916 envs\qwen3\Lib\site-packages\torch\_dynamo\convert_frame.py:1125]   File "E:\VoiceForge TTV Pipeine\v3\envs\qwen3\Lib\site-packages\torch\_dynamo\convert_frame.py", line 699, in _compile_inner
W0905 07:40:04.778000 8916 envs\qwen3\Lib\site-packages\torch\_dynamo\convert_frame.py:1125]     out_code = transform_code_object(code, transform)
W0905 07:40:04.778000 8916 envs\qwen3\Lib\site-packages\torch\_dynamo\convert_frame.py:1125]                ^^^^^^^^^^^^^^^^^^^^^^^^^^^^^^^^^^^^^^
W0905 07:40:04.778000 8916 envs\qwen3\Lib\site-packages\torch\_dynamo\convert_frame.py:1125]   File "E:\VoiceForge TTV Pipeine\v3\envs\qwen3\Lib\site-packages\torch\_dynamo\bytecode_transformation.py", line 1322, in transform_code_object
W0905 07:40:04.778000 8916 envs\qwen3\Lib\site-packages\torch\_dynamo\convert_frame.py:1125]     transformations(instructions, code_options)
W0905 07:40:04.778000 8916 envs\qwen3\Lib\site-packages\torch\_dynamo\convert_frame.py:1125]   File "E:\VoiceForge TTV Pipeine\v3\envs\qwen3\Lib\site-packages\torch\_dynamo\convert_frame.py", line 219, in _fn
W0905 07:40:04.778000 8916 envs\qwen3\Lib\site-packages\torch\_dynamo\convert_frame.py:1125]     return fn(*args, **kwargs)
W0905 07:40:04.778000 8916 envs\qwen3\Lib\site-packages\torch\_dynamo\convert_frame.py:1125]            ^^^^^^^^^^^^^^^^^^^
W0905 07:40:04.778000 8916 envs\qwen3\Lib\site-packages\torch\_dynamo\convert_frame.py:1125]   File "E:\VoiceForge TTV Pipeine\v3\envs\qwen3\Lib\site-packages\torch\_dynamo\convert_frame.py", line 634, in transform
W0905 07:40:04.778000 8916 envs\qwen3\Lib\site-packages\torch\_dynamo\convert_frame.py:1125]     tracer.run()
W0905 07:40:04.778000 8916 envs\qwen3\Lib\site-packages\torch\_dynamo\convert_frame.py:1125]   File "E:\VoiceForge TTV Pipeine\v3\envs\qwen3\Lib\site-packages\torch\_dynamo\symbolic_convert.py", line 2796, in run
W0905 07:40:04.778000 8916 envs\qwen3\Lib\site-packages\torch\_dynamo\convert_frame.py:1125]     super().run()
W0905 07:40:04.778000 8916 envs\qwen3\Lib\site-packages\torch\_dynamo\convert_frame.py:1125]   File "E:\VoiceForge TTV Pipeine\v3\envs\qwen3\Lib\site-packages\torch\_dynamo\symbolic_convert.py", line 983, in run
W0905 07:40:04.778000 8916 envs\qwen3\Lib\site-packages\torch\_dynamo\convert_frame.py:1125]     while self.step():
W0905 07:40:04.778000 8916 envs\qwen3\Lib\site-packages\torch\_dynamo\convert_frame.py:1125]           ^^^^^^^^^^^
W0905 07:40:04.778000 8916 envs\qwen3\Lib\site-packages\torch\_dynamo\convert_frame.py:1125]   File "E:\VoiceForge TTV Pipeine\v3\envs\qwen3\Lib\site-packages\torch\_dynamo\symbolic_convert.py", line 895, in step
W0905 07:40:04.778000 8916 envs\qwen3\Lib\site-packages\torch\_dynamo\convert_frame.py:1125]     self.dispatch_table[inst.opcode](self, inst)
W0905 07:40:04.778000 8916 envs\qwen3\Lib\site-packages\torch\_dynamo\convert_frame.py:1125]   File "E:\VoiceForge TTV Pipeine\v3\envs\qwen3\Lib\site-packages\torch\_dynamo\symbolic_convert.py", line 2987, in RETURN_VALUE
W0905 07:40:04.778000 8916 envs\qwen3\Lib\site-packages\torch\_dynamo\convert_frame.py:1125]     self._return(inst)
W0905 07:40:04.778000 8916 envs\qwen3\Lib\site-packages\torch\_dynamo\convert_frame.py:1125]   File "E:\VoiceForge TTV Pipeine\v3\envs\qwen3\Lib\site-packages\torch\_dynamo\symbolic_convert.py", line 2972, in _return
W0905 07:40:04.778000 8916 envs\qwen3\Lib\site-packages\torch\_dynamo\convert_frame.py:1125]     self.output.compile_subgraph(
W0905 07:40:04.778000 8916 envs\qwen3\Lib\site-packages\torch\_dynamo\convert_frame.py:1125]   File "E:\VoiceForge TTV Pipeine\v3\envs\qwen3\Lib\site-packages\torch\_dynamo\output_graph.py", line 1117, in compile_subgraph
W0905 07:40:04.778000 8916 envs\qwen3\Lib\site-packages\torch\_dynamo\convert_frame.py:1125]     self.compile_and_call_fx_graph(tx, list(reversed(stack_values)), root)
W0905 07:40:04.778000 8916 envs\qwen3\Lib\site-packages\torch\_dynamo\convert_frame.py:1125]   File "E:\VoiceForge TTV Pipeine\v3\envs\qwen3\Lib\site-packages\torch\_dynamo\output_graph.py", line 1369, in compile_and_call_fx_graph
W0905 07:40:04.778000 8916 envs\qwen3\Lib\site-packages\torch\_dynamo\convert_frame.py:1125]     compiled_fn = self.call_user_compiler(gm)
W0905 07:40:04.778000 8916 envs\qwen3\Lib\site-packages\torch\_dynamo\convert_frame.py:1125]                   ^^^^^^^^^^^^^^^^^^^^^^^^^^^
W0905 07:40:04.778000 8916 envs\qwen3\Lib\site-packages\torch\_dynamo\convert_frame.py:1125]   File "E:\VoiceForge TTV Pipeine\v3\envs\qwen3\Lib\site-packages\torch\_dynamo\output_graph.py", line 1416, in call_user_compiler
W0905 07:40:04.778000 8916 envs\qwen3\Lib\site-packages\torch\_dynamo\convert_frame.py:1125]     return self._call_user_compiler(gm)
W0905 07:40:04.778000 8916 envs\qwen3\Lib\site-packages\torch\_dynamo\convert_frame.py:1125]            ^^^^^^^^^^^^^^^^^^^^^^^^^^^^
W0905 07:40:04.778000 8916 envs\qwen3\Lib\site-packages\torch\_dynamo\convert_frame.py:1125]   File "E:\VoiceForge TTV Pipeine\v3\envs\qwen3\Lib\site-packages\torch\_dynamo\output_graph.py", line 1465, in _call_user_compiler
W0905 07:40:04.778000 8916 envs\qwen3\Lib\site-packages\torch\_dynamo\convert_frame.py:1125]     raise BackendCompilerFailed(self.compiler_fn, e) from e
W0905 07:40:04.778000 8916 envs\qwen3\Lib\site-packages\torch\_dynamo\convert_frame.py:1125] torch._dynamo.exc.BackendCompilerFailed: backend='inductor' raised:
W0905 07:40:04.778000 8916 envs\qwen3\Lib\site-packages\torch\_dynamo\convert_frame.py:1125] RuntimeError: Compiler: cl is not found.
W0905 07:40:04.778000 8916 envs\qwen3\Lib\site-packages\torch\_dynamo\convert_frame.py:1125] 
W0905 07:40:04.778000 8916 envs\qwen3\Lib\site-packages\torch\_dynamo\convert_frame.py:1125] Set TORCH_LOGS="+dynamo" and TORCHDYNAMO_VERBOSE=1 for more information
W0905 07:40:04.778000 8916 envs\qwen3\Lib\site-packages\torch\_dynamo\convert_frame.py:1125] 
W0905 07:40:04.778000 8916 envs\qwen3\Lib\site-packages\torch\_dynamo\convert_frame.py:1125] Traceback (most recent call last):
W0905 07:40:04.778000 8916 envs\qwen3\Lib\site-packages\torch\_dynamo\convert_frame.py:1125]   File "E:\VoiceForge TTV Pipeine\v3\envs\qwen3\Lib\site-packages\torch\_inductor\cpp_builder.py", line 130, in check_compiler_exist_windows
W0905 07:40:04.778000 8916 envs\qwen3\Lib\site-packages\torch\_dynamo\convert_frame.py:1125]     subprocess.check_output([compiler, "/help"], stderr=subprocess.STDOUT)
W0905 07:40:04.778000 8916 envs\qwen3\Lib\site-packages\torch\_dynamo\convert_frame.py:1125]   File "C:\Python312\Lib\subprocess.py", line 466, in check_output
W0905 07:40:04.778000 8916 envs\qwen3\Lib\site-packages\torch\_dynamo\convert_frame.py:1125]     return run(*popenargs, stdout=PIPE, timeout=timeout, check=True,
W0905 07:40:04.778000 8916 envs\qwen3\Lib\site-packages\torch\_dynamo\convert_frame.py:1125]            ^^^^^^^^^^^^^^^^^^^^^^^^^^^^^^^^^^^^^^^^^^^^^^^^^^^^^^^^^
W0905 07:40:04.778000 8916 envs\qwen3\Lib\site-packages\torch\_dynamo\convert_frame.py:1125]   File "C:\Python312\Lib\subprocess.py", line 548, in run
W0905 07:40:04.778000 8916 envs\qwen3\Lib\site-packages\torch\_dynamo\convert_frame.py:1125]     with Popen(*popenargs, **kwargs) as process:
W0905 07:40:04.778000 8916 envs\qwen3\Lib\site-packages\torch\_dynamo\convert_frame.py:1125]          ^^^^^^^^^^^^^^^^^^^^^^^^^^^
W0905 07:40:04.778000 8916 envs\qwen3\Lib\site-packages\torch\_dynamo\convert_frame.py:1125]   File "C:\Python312\Lib\subprocess.py", line 1026, in __init__
W0905 07:40:04.778000 8916 envs\qwen3\Lib\site-packages\torch\_dynamo\convert_frame.py:1125]     self._execute_child(args, executable, preexec_fn, close_fds,
W0905 07:40:04.778000 8916 envs\qwen3\Lib\site-packages\torch\_dynamo\convert_frame.py:1125]   File "C:\Python312\Lib\subprocess.py", line 1538, in _execute_child
W0905 07:40:04.778000 8916 envs\qwen3\Lib\site-packages\torch\_dynamo\convert_frame.py:1125]     hp, ht, pid, tid = _winapi.CreateProcess(executable, args,
W0905 07:40:04.778000 8916 envs\qwen3\Lib\site-packages\torch\_dynamo\convert_frame.py:1125]                        ^^^^^^^^^^^^^^^^^^^^^^^^^^^^^^^^^^^^^^^
W0905 07:40:04.778000 8916 envs\qwen3\Lib\site-packages\torch\_dynamo\convert_frame.py:1125] FileNotFoundError: [WinError 2] The system cannot find the file specified
W0905 07:40:04.778000 8916 envs\qwen3\Lib\site-packages\torch\_dynamo\convert_frame.py:1125] 
W0905 07:40:04.778000 8916 envs\qwen3\Lib\site-packages\torch\_dynamo\convert_frame.py:1125] The above exception was the direct cause of the following exception:
W0905 07:40:04.778000 8916 envs\qwen3\Lib\site-packages\torch\_dynamo\convert_frame.py:1125] 
W0905 07:40:04.778000 8916 envs\qwen3\Lib\site-packages\torch\_dynamo\convert_frame.py:1125] Traceback (most recent call last):
W0905 07:40:04.778000 8916 envs\qwen3\Lib\site-packages\torch\_dynamo\convert_frame.py:1125]   File "E:\VoiceForge TTV Pipeine\v3\envs\qwen3\Lib\site-packages\torch\_dynamo\output_graph.py", line 1446, in _call_user_compiler
W0905 07:40:04.778000 8916 envs\qwen3\Lib\site-packages\torch\_dynamo\convert_frame.py:1125]     compiled_fn = compiler_fn(gm, self.example_inputs())
W0905 07:40:04.778000 8916 envs\qwen3\Lib\site-packages\torch\_dynamo\convert_frame.py:1125]                   ^^^^^^^^^^^^^^^^^^^^^^^^^^^^^^^^^^^^^^
W0905 07:40:04.778000 8916 envs\qwen3\Lib\site-packages\torch\_dynamo\convert_frame.py:1125]   File "E:\VoiceForge TTV Pipeine\v3\envs\qwen3\Lib\site-packages\torch\_dynamo\repro\after_dynamo.py", line 129, in __call__
W0905 07:40:04.778000 8916 envs\qwen3\Lib\site-packages\torch\_dynamo\convert_frame.py:1125]     compiled_gm = compiler_fn(gm, example_inputs)
W0905 07:40:04.778000 8916 envs\qwen3\Lib\site-packages\torch\_dynamo\convert_frame.py:1125]                   ^^^^^^^^^^^^^^^^^^^^^^^^^^^^^^^
W0905 07:40:04.778000 8916 envs\qwen3\Lib\site-packages\torch\_dynamo\convert_frame.py:1125]   File "E:\VoiceForge TTV Pipeine\v3\envs\qwen3\Lib\site-packages\torch\__init__.py", line 2234, in __call__
W0905 07:40:04.778000 8916 envs\qwen3\Lib\site-packages\torch\_dynamo\convert_frame.py:1125]     return compile_fx(model_, inputs_, config_patches=self.config)
W0905 07:40:04.778000 8916 envs\qwen3\Lib\site-packages\torch\_dynamo\convert_frame.py:1125]            ^^^^^^^^^^^^^^^^^^^^^^^^^^^^^^^^^^^^^^^^^^^^^^^^^^^^^^^
W0905 07:40:04.778000 8916 envs\qwen3\Lib\site-packages\torch\_dynamo\convert_frame.py:1125]   File "E:\VoiceForge TTV Pipeine\v3\envs\qwen3\Lib\site-packages\torch\_inductor\compile_fx.py", line 1521, in compile_fx
W0905 07:40:04.778000 8916 envs\qwen3\Lib\site-packages\torch\_dynamo\convert_frame.py:1125]     return aot_autograd(
W0905 07:40:04.778000 8916 envs\qwen3\Lib\site-packages\torch\_dynamo\convert_frame.py:1125]            ^^^^^^^^^^^^^
W0905 07:40:04.778000 8916 envs\qwen3\Lib\site-packages\torch\_dynamo\convert_frame.py:1125]   File "E:\VoiceForge TTV Pipeine\v3\envs\qwen3\Lib\site-packages\torch\_dynamo\backends\common.py", line 72, in __call__
W0905 07:40:04.778000 8916 envs\qwen3\Lib\site-packages\torch\_dynamo\convert_frame.py:1125]     cg = aot_module_simplified(gm, example_inputs, **self.kwargs)
W0905 07:40:04.778000 8916 envs\qwen3\Lib\site-packages\torch\_dynamo\convert_frame.py:1125]          ^^^^^^^^^^^^^^^^^^^^^^^^^^^^^^^^^^^^^^^^^^^^^^^^^^^^^^^^
W0905 07:40:04.778000 8916 envs\qwen3\Lib\site-packages\torch\_dynamo\convert_frame.py:1125]   File "E:\VoiceForge TTV Pipeine\v3\envs\qwen3\Lib\site-packages\torch\_functorch\aot_autograd.py", line 1071, in aot_module_simplified
W0905 07:40:04.778000 8916 envs\qwen3\Lib\site-packages\torch\_dynamo\convert_frame.py:1125]     compiled_fn = dispatch_and_compile()
W0905 07:40:04.778000 8916 envs\qwen3\Lib\site-packages\torch\_dynamo\convert_frame.py:1125]                   ^^^^^^^^^^^^^^^^^^^^^^
W0905 07:40:04.778000 8916 envs\qwen3\Lib\site-packages\torch\_dynamo\convert_frame.py:1125]   File "E:\VoiceForge TTV Pipeine\v3\envs\qwen3\Lib\site-packages\torch\_functorch\aot_autograd.py", line 1056, in dispatch_and_compile
W0905 07:40:04.778000 8916 envs\qwen3\Lib\site-packages\torch\_dynamo\convert_frame.py:1125]     compiled_fn, _ = create_aot_dispatcher_function(
W0905 07:40:04.778000 8916 envs\qwen3\Lib\site-packages\torch\_dynamo\convert_frame.py:1125]                      ^^^^^^^^^^^^^^^^^^^^^^^^^^^^^^^
W0905 07:40:04.778000 8916 envs\qwen3\Lib\site-packages\torch\_dynamo\convert_frame.py:1125]   File "E:\VoiceForge TTV Pipeine\v3\envs\qwen3\Lib\site-packages\torch\_functorch\aot_autograd.py", line 522, in create_aot_dispatcher_function
W0905 07:40:04.778000 8916 envs\qwen3\Lib\site-packages\torch\_dynamo\convert_frame.py:1125]     return _create_aot_dispatcher_function(
W0905 07:40:04.778000 8916 envs\qwen3\Lib\site-packages\torch\_dynamo\convert_frame.py:1125]            ^^^^^^^^^^^^^^^^^^^^^^^^^^^^^^^^
W0905 07:40:04.778000 8916 envs\qwen3\Lib\site-packages\torch\_dynamo\convert_frame.py:1125]   File "E:\VoiceForge TTV Pipeine\v3\envs\qwen3\Lib\site-packages\torch\_functorch\aot_autograd.py", line 759, in _create_aot_dispatcher_function
W0905 07:40:04.778000 8916 envs\qwen3\Lib\site-packages\torch\_dynamo\convert_frame.py:1125]     compiled_fn, fw_metadata = compiler_fn(
W0905 07:40:04.778000 8916 envs\qwen3\Lib\site-packages\torch\_dynamo\convert_frame.py:1125]                                ^^^^^^^^^^^^
W0905 07:40:04.778000 8916 envs\qwen3\Lib\site-packages\torch\_dynamo\convert_frame.py:1125]   File "E:\VoiceForge TTV Pipeine\v3\envs\qwen3\Lib\site-packages\torch\_functorch\_aot_autograd\jit_compile_runtime_wrappers.py", line 179, in aot_dispatch_base
W0905 07:40:04.778000 8916 envs\qwen3\Lib\site-packages\torch\_dynamo\convert_frame.py:1125]     compiled_fw = compiler(fw_module, updated_flat_args)
W0905 07:40:04.778000 8916 envs\qwen3\Lib\site-packages\torch\_dynamo\convert_frame.py:1125]                   ^^^^^^^^^^^^^^^^^^^^^^^^^^^^^^^^^^^^^^
W0905 07:40:04.778000 8916 envs\qwen3\Lib\site-packages\torch\_dynamo\convert_frame.py:1125]   File "E:\VoiceForge TTV Pipeine\v3\envs\qwen3\Lib\site-packages\torch\_inductor\compile_fx.py", line 1350, in fw_compiler_base
W0905 07:40:04.778000 8916 envs\qwen3\Lib\site-packages\torch\_dynamo\convert_frame.py:1125]     return _fw_compiler_base(model, example_inputs, is_inference)
W0905 07:40:04.778000 8916 envs\qwen3\Lib\site-packages\torch\_dynamo\convert_frame.py:1125]            ^^^^^^^^^^^^^^^^^^^^^^^^^^^^^^^^^^^^^^^^^^^^^^^^^^^^^^
W0905 07:40:04.778000 8916 envs\qwen3\Lib\site-packages\torch\_dynamo\convert_frame.py:1125]   File "E:\VoiceForge TTV Pipeine\v3\envs\qwen3\Lib\site-packages\torch\_inductor\compile_fx.py", line 1421, in _fw_compiler_base
W0905 07:40:04.778000 8916 envs\qwen3\Lib\site-packages\torch\_dynamo\convert_frame.py:1125]     return inner_compile(
W0905 07:40:04.778000 8916 envs\qwen3\Lib\site-packages\torch\_dynamo\convert_frame.py:1125]            ^^^^^^^^^^^^^^
W0905 07:40:04.778000 8916 envs\qwen3\Lib\site-packages\torch\_dynamo\convert_frame.py:1125]   File "E:\VoiceForge TTV Pipeine\v3\envs\qwen3\Lib\site-packages\torch\_inductor\compile_fx.py", line 475, in compile_fx_inner
W0905 07:40:04.778000 8916 envs\qwen3\Lib\site-packages\torch\_dynamo\convert_frame.py:1125]     return wrap_compiler_debug(_compile_fx_inner, compiler_name="inductor")(
W0905 07:40:04.778000 8916 envs\qwen3\Lib\site-packages\torch\_dynamo\convert_frame.py:1125]            ^^^^^^^^^^^^^^^^^^^^^^^^^^^^^^^^^^^^^^^^^^^^^^^^^^^^^^^^^^^^^^^^^
W0905 07:40:04.778000 8916 envs\qwen3\Lib\site-packages\torch\_dynamo\convert_frame.py:1125]   File "E:\VoiceForge TTV Pipeine\v3\envs\qwen3\Lib\site-packages\torch\_dynamo\repro\after_aot.py", line 85, in debug_wrapper
W0905 07:40:04.778000 8916 envs\qwen3\Lib\site-packages\torch\_dynamo\convert_frame.py:1125]     inner_compiled_fn = compiler_fn(gm, example_inputs)
W0905 07:40:04.778000 8916 envs\qwen3\Lib\site-packages\torch\_dynamo\convert_frame.py:1125]                         ^^^^^^^^^^^^^^^^^^^^^^^^^^^^^^^
W0905 07:40:04.778000 8916 envs\qwen3\Lib\site-packages\torch\_dynamo\convert_frame.py:1125]   File "E:\VoiceForge TTV Pipeine\v3\envs\qwen3\Lib\site-packages\torch\_inductor\compile_fx.py", line 661, in _compile_fx_inner
W0905 07:40:04.778000 8916 envs\qwen3\Lib\site-packages\torch\_dynamo\convert_frame.py:1125]     compiled_graph = FxGraphCache.load(
W0905 07:40:04.778000 8916 envs\qwen3\Lib\site-packages\torch\_dynamo\convert_frame.py:1125]                      ^^^^^^^^^^^^^^^^^^
W0905 07:40:04.778000 8916 envs\qwen3\Lib\site-packages\torch\_dynamo\convert_frame.py:1125]   File "E:\VoiceForge TTV Pipeine\v3\envs\qwen3\Lib\site-packages\torch\_inductor\codecache.py", line 1334, in load
W0905 07:40:04.778000 8916 envs\qwen3\Lib\site-packages\torch\_dynamo\convert_frame.py:1125]     compiled_graph = compile_fx_fn(
W0905 07:40:04.778000 8916 envs\qwen3\Lib\site-packages\torch\_dynamo\convert_frame.py:1125]                      ^^^^^^^^^^^^^^
W0905 07:40:04.778000 8916 envs\qwen3\Lib\site-packages\torch\_dynamo\convert_frame.py:1125]   File "E:\VoiceForge TTV Pipeine\v3\envs\qwen3\Lib\site-packages\torch\_inductor\compile_fx.py", line 570, in codegen_and_compile
W0905 07:40:04.778000 8916 envs\qwen3\Lib\site-packages\torch\_dynamo\convert_frame.py:1125]     compiled_graph = fx_codegen_and_compile(gm, example_inputs, **fx_kwargs)
W0905 07:40:04.778000 8916 envs\qwen3\Lib\site-packages\torch\_dynamo\convert_frame.py:1125]                      ^^^^^^^^^^^^^^^^^^^^^^^^^^^^^^^^^^^^^^^^^^^^^^^^^^^^^^^
W0905 07:40:04.778000 8916 envs\qwen3\Lib\site-packages\torch\_dynamo\convert_frame.py:1125]   File "E:\VoiceForge TTV Pipeine\v3\envs\qwen3\Lib\site-packages\torch\_inductor\compile_fx.py", line 878, in fx_codegen_and_compile
W0905 07:40:04.778000 8916 envs\qwen3\Lib\site-packages\torch\_dynamo\convert_frame.py:1125]     compiled_fn = graph.compile_to_fn()
W0905 07:40:04.778000 8916 envs\qwen3\Lib\site-packages\torch\_dynamo\convert_frame.py:1125]                   ^^^^^^^^^^^^^^^^^^^^^
W0905 07:40:04.778000 8916 envs\qwen3\Lib\site-packages\torch\_dynamo\convert_frame.py:1125]   File "E:\VoiceForge TTV Pipeine\v3\envs\qwen3\Lib\site-packages\torch\_inductor\graph.py", line 1913, in compile_to_fn
W0905 07:40:04.778000 8916 envs\qwen3\Lib\site-packages\torch\_dynamo\convert_frame.py:1125]     return self.compile_to_module().call
W0905 07:40:04.778000 8916 envs\qwen3\Lib\site-packages\torch\_dynamo\convert_frame.py:1125]            ^^^^^^^^^^^^^^^^^^^^^^^^
W0905 07:40:04.778000 8916 envs\qwen3\Lib\site-packages\torch\_dynamo\convert_frame.py:1125]   File "E:\VoiceForge TTV Pipeine\v3\envs\qwen3\Lib\site-packages\torch\_inductor\graph.py", line 1839, in compile_to_module
W0905 07:40:04.778000 8916 envs\qwen3\Lib\site-packages\torch\_dynamo\convert_frame.py:1125]     return self._compile_to_module()
W0905 07:40:04.778000 8916 envs\qwen3\Lib\site-packages\torch\_dynamo\convert_frame.py:1125]            ^^^^^^^^^^^^^^^^^^^^^^^^^
W0905 07:40:04.778000 8916 envs\qwen3\Lib\site-packages\torch\_dynamo\convert_frame.py:1125]   File "E:\VoiceForge TTV Pipeine\v3\envs\qwen3\Lib\site-packages\torch\_inductor\graph.py", line 1845, in _compile_to_module
W0905 07:40:04.778000 8916 envs\qwen3\Lib\site-packages\torch\_dynamo\convert_frame.py:1125]     self.codegen_with_cpp_wrapper() if self.cpp_wrapper else self.codegen()
W0905 07:40:04.778000 8916 envs\qwen3\Lib\site-packages\torch\_dynamo\convert_frame.py:1125]                                                              ^^^^^^^^^^^^^^
W0905 07:40:04.778000 8916 envs\qwen3\Lib\site-packages\torch\_dynamo\convert_frame.py:1125]   File "E:\VoiceForge TTV Pipeine\v3\envs\qwen3\Lib\site-packages\torch\_inductor\graph.py", line 1784, in codegen
W0905 07:40:04.778000 8916 envs\qwen3\Lib\site-packages\torch\_dynamo\convert_frame.py:1125]     self.scheduler.codegen()
W0905 07:40:04.778000 8916 envs\qwen3\Lib\site-packages\torch\_dynamo\convert_frame.py:1125]   File "E:\VoiceForge TTV Pipeine\v3\envs\qwen3\Lib\site-packages\torch\_inductor\scheduler.py", line 3383, in codegen
W0905 07:40:04.778000 8916 envs\qwen3\Lib\site-packages\torch\_dynamo\convert_frame.py:1125]     return self._codegen()
W0905 07:40:04.778000 8916 envs\qwen3\Lib\site-packages\torch\_dynamo\convert_frame.py:1125]            ^^^^^^^^^^^^^^^
W0905 07:40:04.778000 8916 envs\qwen3\Lib\site-packages\torch\_dynamo\convert_frame.py:1125]   File "E:\VoiceForge TTV Pipeine\v3\envs\qwen3\Lib\site-packages\torch\_inductor\scheduler.py", line 3461, in _codegen
W0905 07:40:04.778000 8916 envs\qwen3\Lib\site-packages\torch\_dynamo\convert_frame.py:1125]     self.get_backend(device).codegen_node(node)
W0905 07:40:04.778000 8916 envs\qwen3\Lib\site-packages\torch\_dynamo\convert_frame.py:1125]   File "E:\VoiceForge TTV Pipeine\v3\envs\qwen3\Lib\site-packages\torch\_inductor\codegen\cpp.py", line 4468, in codegen_node
W0905 07:40:04.778000 8916 envs\qwen3\Lib\site-packages\torch\_dynamo\convert_frame.py:1125]     cpp_kernel_proxy = CppKernelProxy(kernel_group)
W0905 07:40:04.778000 8916 envs\qwen3\Lib\site-packages\torch\_dynamo\convert_frame.py:1125]                        ^^^^^^^^^^^^^^^^^^^^^^^^^^^^
W0905 07:40:04.778000 8916 envs\qwen3\Lib\site-packages\torch\_dynamo\convert_frame.py:1125]   File "E:\VoiceForge TTV Pipeine\v3\envs\qwen3\Lib\site-packages\torch\_inductor\codegen\cpp.py", line 3466, in __init__
W0905 07:40:04.778000 8916 envs\qwen3\Lib\site-packages\torch\_dynamo\convert_frame.py:1125]     self.picked_vec_isa: cpu_vec_isa.VecISA = cpu_vec_isa.pick_vec_isa()
W0905 07:40:04.778000 8916 envs\qwen3\Lib\site-packages\torch\_dynamo\convert_frame.py:1125]                                               ^^^^^^^^^^^^^^^^^^^^^^^^^^
W0905 07:40:04.778000 8916 envs\qwen3\Lib\site-packages\torch\_dynamo\convert_frame.py:1125]   File "E:\VoiceForge TTV Pipeine\v3\envs\qwen3\Lib\site-packages\torch\_inductor\cpu_vec_isa.py", line 360, in pick_vec_isa
W0905 07:40:04.778000 8916 envs\qwen3\Lib\site-packages\torch\_dynamo\convert_frame.py:1125]     _valid_vec_isa_list: List[VecISA] = valid_vec_isa_list()
W0905 07:40:04.778000 8916 envs\qwen3\Lib\site-packages\torch\_dynamo\convert_frame.py:1125]                                         ^^^^^^^^^^^^^^^^^^^^
W0905 07:40:04.778000 8916 envs\qwen3\Lib\site-packages\torch\_dynamo\convert_frame.py:1125]   File "E:\VoiceForge TTV Pipeine\v3\envs\qwen3\Lib\site-packages\torch\_inductor\cpu_vec_isa.py", line 350, in valid_vec_isa_list
W0905 07:40:04.778000 8916 envs\qwen3\Lib\site-packages\torch\_dynamo\convert_frame.py:1125]     if all(flag in _cpu_supported_x86_isa for flag in str(isa).split()) and isa:
W0905 07:40:04.778000 8916 envs\qwen3\Lib\site-packages\torch\_dynamo\convert_frame.py:1125]                                                                             ^^^
W0905 07:40:04.778000 8916 envs\qwen3\Lib\site-packages\torch\_dynamo\convert_frame.py:1125]   File "E:\VoiceForge TTV Pipeine\v3\envs\qwen3\Lib\site-packages\torch\_inductor\cpu_vec_isa.py", line 148, in __bool__
W0905 07:40:04.778000 8916 envs\qwen3\Lib\site-packages\torch\_dynamo\convert_frame.py:1125]     return self.check_build(VecISA._avx_code)
W0905 07:40:04.778000 8916 envs\qwen3\Lib\site-packages\torch\_dynamo\convert_frame.py:1125]            ^^^^^^^^^^^^^^^^^^^^^^^^^^^^^^^^^^
W0905 07:40:04.778000 8916 envs\qwen3\Lib\site-packages\torch\_dynamo\convert_frame.py:1125]   File "E:\VoiceForge TTV Pipeine\v3\envs\qwen3\Lib\site-packages\torch\_inductor\cpu_vec_isa.py", line 101, in check_build
W0905 07:40:04.778000 8916 envs\qwen3\Lib\site-packages\torch\_dynamo\convert_frame.py:1125]     extra=_get_isa_dry_compile_fingerprint(self._arch_flags),
W0905 07:40:04.778000 8916 envs\qwen3\Lib\site-packages\torch\_dynamo\convert_frame.py:1125]           ^^^^^^^^^^^^^^^^^^^^^^^^^^^^^^^^^^^^^^^^^^^^^^^^^^
W0905 07:40:04.778000 8916 envs\qwen3\Lib\site-packages\torch\_dynamo\convert_frame.py:1125]   File "E:\VoiceForge TTV Pipeine\v3\envs\qwen3\Lib\site-packages\torch\_inductor\cpu_vec_isa.py", line 27, in _get_isa_dry_compile_fingerprint
W0905 07:40:04.778000 8916 envs\qwen3\Lib\site-packages\torch\_dynamo\convert_frame.py:1125]     compiler_info = get_compiler_version_info(get_cpp_compiler())
W0905 07:40:04.778000 8916 envs\qwen3\Lib\site-packages\torch\_dynamo\convert_frame.py:1125]                                               ^^^^^^^^^^^^^^^^^^
W0905 07:40:04.778000 8916 envs\qwen3\Lib\site-packages\torch\_dynamo\convert_frame.py:1125]   File "E:\VoiceForge TTV Pipeine\v3\envs\qwen3\Lib\site-packages\torch\_inductor\cpp_builder.py", line 144, in get_cpp_compiler
W0905 07:40:04.778000 8916 envs\qwen3\Lib\site-packages\torch\_dynamo\convert_frame.py:1125]     check_compiler_exist_windows(compiler)
W0905 07:40:04.778000 8916 envs\qwen3\Lib\site-packages\torch\_dynamo\convert_frame.py:1125]   File "E:\VoiceForge TTV Pipeine\v3\envs\qwen3\Lib\site-packages\torch\_inductor\cpp_builder.py", line 135, in check_compiler_exist_windows
W0905 07:40:04.778000 8916 envs\qwen3\Lib\site-packages\torch\_dynamo\convert_frame.py:1125]     raise RuntimeError(f"Compiler: {compiler} is not found.") from exc
W0905 07:40:04.778000 8916 envs\qwen3\Lib\site-packages\torch\_dynamo\convert_frame.py:1125] RuntimeError: Compiler: cl is not found.
W0905 07:40:04.778000 8916 envs\qwen3\Lib\site-packages\torch\_dynamo\convert_frame.py:1125] 
W0905 07:40:04.778000 8916 envs\qwen3\Lib\site-packages\torch\_dynamo\convert_frame.py:1125] The above exception was the direct cause of the following exception:
W0905 07:40:04.778000 8916 envs\qwen3\Lib\site-packages\torch\_dynamo\convert_frame.py:1125] 
W0905 07:40:04.778000 8916 envs\qwen3\Lib\site-packages\torch\_dynamo\convert_frame.py:1125] Traceback (most recent call last):
W0905 07:40:04.778000 8916 envs\qwen3\Lib\site-packages\torch\_dynamo\convert_frame.py:1125]   File "E:\VoiceForge TTV Pipeine\v3\envs\qwen3\Lib\site-packages\torch\_dynamo\convert_frame.py", line 1064, in __call__
W0905 07:40:04.778000 8916 envs\qwen3\Lib\site-packages\torch\_dynamo\convert_frame.py:1125]     result = self._inner_convert(
W0905 07:40:04.778000 8916 envs\qwen3\Lib\site-packages\torch\_dynamo\convert_frame.py:1125]              ^^^^^^^^^^^^^^^^^^^^
W0905 07:40:04.778000 8916 envs\qwen3\Lib\site-packages\torch\_dynamo\convert_frame.py:1125]   File "E:\VoiceForge TTV Pipeine\v3\envs\qwen3\Lib\site-packages\torch\_dynamo\convert_frame.py", line 526, in __call__
W0905 07:40:04.778000 8916 envs\qwen3\Lib\site-packages\torch\_dynamo\convert_frame.py:1125]     return _compile(
W0905 07:40:04.778000 8916 envs\qwen3\Lib\site-packages\torch\_dynamo\convert_frame.py:1125]            ^^^^^^^^^
W0905 07:40:04.778000 8916 envs\qwen3\Lib\site-packages\torch\_dynamo\convert_frame.py:1125]   File "E:\VoiceForge TTV Pipeine\v3\envs\qwen3\Lib\site-packages\torch\_dynamo\convert_frame.py", line 924, in _compile
W0905 07:40:04.778000 8916 envs\qwen3\Lib\site-packages\torch\_dynamo\convert_frame.py:1125]     guarded_code = compile_inner(code, one_graph, hooks, transform)
W0905 07:40:04.778000 8916 envs\qwen3\Lib\site-packages\torch\_dynamo\convert_frame.py:1125]                    ^^^^^^^^^^^^^^^^^^^^^^^^^^^^^^^^^^^^^^^^^^^^^^^^
W0905 07:40:04.778000 8916 envs\qwen3\Lib\site-packages\torch\_dynamo\convert_frame.py:1125]   File "E:\VoiceForge TTV Pipeine\v3\envs\qwen3\Lib\site-packages\torch\_dynamo\convert_frame.py", line 666, in compile_inner
W0905 07:40:04.778000 8916 envs\qwen3\Lib\site-packages\torch\_dynamo\convert_frame.py:1125]     return _compile_inner(code, one_graph, hooks, transform)
W0905 07:40:04.778000 8916 envs\qwen3\Lib\site-packages\torch\_dynamo\convert_frame.py:1125]            ^^^^^^^^^^^^^^^^^^^^^^^^^^^^^^^^^^^^^^^^^^^^^^^^^
W0905 07:40:04.778000 8916 envs\qwen3\Lib\site-packages\torch\_dynamo\convert_frame.py:1125]   File "E:\VoiceForge TTV Pipeine\v3\envs\qwen3\Lib\site-packages\torch\_utils_internal.py", line 87, in wrapper_function
W0905 07:40:04.778000 8916 envs\qwen3\Lib\site-packages\torch\_dynamo\convert_frame.py:1125]     return function(*args, **kwargs)
W0905 07:40:04.778000 8916 envs\qwen3\Lib\site-packages\torch\_dynamo\convert_frame.py:1125]            ^^^^^^^^^^^^^^^^^^^^^^^^^
W0905 07:40:04.778000 8916 envs\qwen3\Lib\site-packages\torch\_dynamo\convert_frame.py:1125]   File "E:\VoiceForge TTV Pipeine\v3\envs\qwen3\Lib\site-packages\torch\_dynamo\convert_frame.py", line 699, in _compile_inner
W0905 07:40:04.778000 8916 envs\qwen3\Lib\site-packages\torch\_dynamo\convert_frame.py:1125]     out_code = transform_code_object(code, transform)
W0905 07:40:04.778000 8916 envs\qwen3\Lib\site-packages\torch\_dynamo\convert_frame.py:1125]                ^^^^^^^^^^^^^^^^^^^^^^^^^^^^^^^^^^^^^^
W0905 07:40:04.778000 8916 envs\qwen3\Lib\site-packages\torch\_dynamo\convert_frame.py:1125]   File "E:\VoiceForge TTV Pipeine\v3\envs\qwen3\Lib\site-packages\torch\_dynamo\bytecode_transformation.py", line 1322, in transform_code_object
W0905 07:40:04.778000 8916 envs\qwen3\Lib\site-packages\torch\_dynamo\convert_frame.py:1125]     transformations(instructions, code_options)
W0905 07:40:04.778000 8916 envs\qwen3\Lib\site-packages\torch\_dynamo\convert_frame.py:1125]   File "E:\VoiceForge TTV Pipeine\v3\envs\qwen3\Lib\site-packages\torch\_dynamo\convert_frame.py", line 219, in _fn
W0905 07:40:04.778000 8916 envs\qwen3\Lib\site-packages\torch\_dynamo\convert_frame.py:1125]     return fn(*args, **kwargs)
W0905 07:40:04.778000 8916 envs\qwen3\Lib\site-packages\torch\_dynamo\convert_frame.py:1125]            ^^^^^^^^^^^^^^^^^^^
W0905 07:40:04.778000 8916 envs\qwen3\Lib\site-packages\torch\_dynamo\convert_frame.py:1125]   File "E:\VoiceForge TTV Pipeine\v3\envs\qwen3\Lib\site-packages\torch\_dynamo\convert_frame.py", line 634, in transform
W0905 07:40:04.778000 8916 envs\qwen3\Lib\site-packages\torch\_dynamo\convert_frame.py:1125]     tracer.run()
W0905 07:40:04.778000 8916 envs\qwen3\Lib\site-packages\torch\_dynamo\convert_frame.py:1125]   File "E:\VoiceForge TTV Pipeine\v3\envs\qwen3\Lib\site-packages\torch\_dynamo\symbolic_convert.py", line 2796, in run
W0905 07:40:04.778000 8916 envs\qwen3\Lib\site-packages\torch\_dynamo\convert_frame.py:1125]     super().run()
W0905 07:40:04.778000 8916 envs\qwen3\Lib\site-packages\torch\_dynamo\convert_frame.py:1125]   File "E:\VoiceForge TTV Pipeine\v3\envs\qwen3\Lib\site-packages\torch\_dynamo\symbolic_convert.py", line 983, in run
W0905 07:40:04.778000 8916 envs\qwen3\Lib\site-packages\torch\_dynamo\convert_frame.py:1125]     while self.step():
W0905 07:40:04.778000 8916 envs\qwen3\Lib\site-packages\torch\_dynamo\convert_frame.py:1125]           ^^^^^^^^^^^
W0905 07:40:04.778000 8916 envs\qwen3\Lib\site-packages\torch\_dynamo\convert_frame.py:1125]   File "E:\VoiceForge TTV Pipeine\v3\envs\qwen3\Lib\site-packages\torch\_dynamo\symbolic_convert.py", line 895, in step
W0905 07:40:04.778000 8916 envs\qwen3\Lib\site-packages\torch\_dynamo\convert_frame.py:1125]     self.dispatch_table[inst.opcode](self, inst)
W0905 07:40:04.778000 8916 envs\qwen3\Lib\site-packages\torch\_dynamo\convert_frame.py:1125]   File "E:\VoiceForge TTV Pipeine\v3\envs\qwen3\Lib\site-packages\torch\_dynamo\symbolic_convert.py", line 2987, in RETURN_VALUE
W0905 07:40:04.778000 8916 envs\qwen3\Lib\site-packages\torch\_dynamo\convert_frame.py:1125]     self._return(inst)
W0905 07:40:04.778000 8916 envs\qwen3\Lib\site-packages\torch\_dynamo\convert_frame.py:1125]   File "E:\VoiceForge TTV Pipeine\v3\envs\qwen3\Lib\site-packages\torch\_dynamo\symbolic_convert.py", line 2972, in _return
W0905 07:40:04.778000 8916 envs\qwen3\Lib\site-packages\torch\_dynamo\convert_frame.py:1125]     self.output.compile_subgraph(
W0905 07:40:04.778000 8916 envs\qwen3\Lib\site-packages\torch\_dynamo\convert_frame.py:1125]   File "E:\VoiceForge TTV Pipeine\v3\envs\qwen3\Lib\site-packages\torch\_dynamo\output_graph.py", line 1117, in compile_subgraph
W0905 07:40:04.778000 8916 envs\qwen3\Lib\site-packages\torch\_dynamo\convert_frame.py:1125]     self.compile_and_call_fx_graph(tx, list(reversed(stack_values)), root)
W0905 07:40:04.778000 8916 envs\qwen3\Lib\site-packages\torch\_dynamo\convert_frame.py:1125]   File "E:\VoiceForge TTV Pipeine\v3\envs\qwen3\Lib\site-packages\torch\_dynamo\output_graph.py", line 1369, in compile_and_call_fx_graph
W0905 07:40:04.778000 8916 envs\qwen3\Lib\site-packages\torch\_dynamo\convert_frame.py:1125]     compiled_fn = self.call_user_compiler(gm)
W0905 07:40:04.778000 8916 envs\qwen3\Lib\site-packages\torch\_dynamo\convert_frame.py:1125]                   ^^^^^^^^^^^^^^^^^^^^^^^^^^^
W0905 07:40:04.778000 8916 envs\qwen3\Lib\site-packages\torch\_dynamo\convert_frame.py:1125]   File "E:\VoiceForge TTV Pipeine\v3\envs\qwen3\Lib\site-packages\torch\_dynamo\output_graph.py", line 1416, in call_user_compiler
W0905 07:40:04.778000 8916 envs\qwen3\Lib\site-packages\torch\_dynamo\convert_frame.py:1125]     return self._call_user_compiler(gm)
W0905 07:40:04.778000 8916 envs\qwen3\Lib\site-packages\torch\_dynamo\convert_frame.py:1125]            ^^^^^^^^^^^^^^^^^^^^^^^^^^^^
W0905 07:40:04.778000 8916 envs\qwen3\Lib\site-packages\torch\_dynamo\convert_frame.py:1125]   File "E:\VoiceForge TTV Pipeine\v3\envs\qwen3\Lib\site-packages\torch\_dynamo\output_graph.py", line 1465, in _call_user_compiler
W0905 07:40:04.778000 8916 envs\qwen3\Lib\site-packages\torch\_dynamo\convert_frame.py:1125]     raise BackendCompilerFailed(self.compiler_fn, e) from e
W0905 07:40:04.778000 8916 envs\qwen3\Lib\site-packages\torch\_dynamo\convert_frame.py:1125] torch._dynamo.exc.BackendCompilerFailed: backend='inductor' raised:
W0905 07:40:04.778000 8916 envs\qwen3\Lib\site-packages\torch\_dynamo\convert_frame.py:1125] RuntimeError: Compiler: cl is not found.
W0905 07:40:04.778000 8916 envs\qwen3\Lib\site-packages\torch\_dynamo\convert_frame.py:1125] 
W0905 07:40:04.778000 8916 envs\qwen3\Lib\site-packages\torch\_dynamo\convert_frame.py:1125] Set TORCH_LOGS="+dynamo" and TORCHDYNAMO_VERBOSE=1 for more information
W0905 07:40:04.778000 8916 envs\qwen3\Lib\site-packages\torch\_dynamo\convert_frame.py:1125] 
W0905 07:40:04.892000 8916 envs\qwen3\Lib\site-packages\torch\_dynamo\convert_frame.py:1125] WON'T CONVERT pad1d E:\VoiceForge TTV Pipeine\v3\envs\qwen3\Lib\site-packages\audioseal\libs\moshi\modules\conv.py line 80 
W0905 07:40:04.892000 8916 envs\qwen3\Lib\site-packages\torch\_dynamo\convert_frame.py:1125] due to: 
W0905 07:40:04.892000 8916 envs\qwen3\Lib\site-packages\torch\_dynamo\convert_frame.py:1125] Traceback (most recent call last):
W0905 07:40:04.892000 8916 envs\qwen3\Lib\site-packages\torch\_dynamo\convert_frame.py:1125]   File "E:\VoiceForge TTV Pipeine\v3\envs\qwen3\Lib\site-packages\torch\_inductor\cpp_builder.py", line 130, in check_compiler_exist_windows
W0905 07:40:04.892000 8916 envs\qwen3\Lib\site-packages\torch\_dynamo\convert_frame.py:1125]     subprocess.check_output([compiler, "/help"], stderr=subprocess.STDOUT)
W0905 07:40:04.892000 8916 envs\qwen3\Lib\site-packages\torch\_dynamo\convert_frame.py:1125]   File "C:\Python312\Lib\subprocess.py", line 466, in check_output
W0905 07:40:04.892000 8916 envs\qwen3\Lib\site-packages\torch\_dynamo\convert_frame.py:1125]     return run(*popenargs, stdout=PIPE, timeout=timeout, check=True,
W0905 07:40:04.892000 8916 envs\qwen3\Lib\site-packages\torch\_dynamo\convert_frame.py:1125]            ^^^^^^^^^^^^^^^^^^^^^^^^^^^^^^^^^^^^^^^^^^^^^^^^^^^^^^^^^
W0905 07:40:04.892000 8916 envs\qwen3\Lib\site-packages\torch\_dynamo\convert_frame.py:1125]   File "C:\Python312\Lib\subprocess.py", line 548, in run
W0905 07:40:04.892000 8916 envs\qwen3\Lib\site-packages\torch\_dynamo\convert_frame.py:1125]     with Popen(*popenargs, **kwargs) as process:
W0905 07:40:04.892000 8916 envs\qwen3\Lib\site-packages\torch\_dynamo\convert_frame.py:1125]          ^^^^^^^^^^^^^^^^^^^^^^^^^^^
W0905 07:40:04.892000 8916 envs\qwen3\Lib\site-packages\torch\_dynamo\convert_frame.py:1125]   File "C:\Python312\Lib\subprocess.py", line 1026, in __init__
W0905 07:40:04.892000 8916 envs\qwen3\Lib\site-packages\torch\_dynamo\convert_frame.py:1125]     self._execute_child(args, executable, preexec_fn, close_fds,
W0905 07:40:04.892000 8916 envs\qwen3\Lib\site-packages\torch\_dynamo\convert_frame.py:1125]   File "C:\Python312\Lib\subprocess.py", line 1538, in _execute_child
W0905 07:40:04.892000 8916 envs\qwen3\Lib\site-packages\torch\_dynamo\convert_frame.py:1125]     hp, ht, pid, tid = _winapi.CreateProcess(executable, args,
W0905 07:40:04.892000 8916 envs\qwen3\Lib\site-packages\torch\_dynamo\convert_frame.py:1125]                        ^^^^^^^^^^^^^^^^^^^^^^^^^^^^^^^^^^^^^^^
W0905 07:40:04.892000 8916 envs\qwen3\Lib\site-packages\torch\_dynamo\convert_frame.py:1125] FileNotFoundError: [WinError 2] The system cannot find the file specified
W0905 07:40:04.892000 8916 envs\qwen3\Lib\site-packages\torch\_dynamo\convert_frame.py:1125] 
W0905 07:40:04.892000 8916 envs\qwen3\Lib\site-packages\torch\_dynamo\convert_frame.py:1125] The above exception was the direct cause of the following exception:
W0905 07:40:04.892000 8916 envs\qwen3\Lib\site-packages\torch\_dynamo\convert_frame.py:1125] 
W0905 07:40:04.892000 8916 envs\qwen3\Lib\site-packages\torch\_dynamo\convert_frame.py:1125] Traceback (most recent call last):
W0905 07:40:04.892000 8916 envs\qwen3\Lib\site-packages\torch\_dynamo\convert_frame.py:1125]   File "E:\VoiceForge TTV Pipeine\v3\envs\qwen3\Lib\site-packages\torch\_dynamo\output_graph.py", line 1446, in _call_user_compiler
W0905 07:40:04.892000 8916 envs\qwen3\Lib\site-packages\torch\_dynamo\convert_frame.py:1125]     compiled_fn = compiler_fn(gm, self.example_inputs())
W0905 07:40:04.892000 8916 envs\qwen3\Lib\site-packages\torch\_dynamo\convert_frame.py:1125]                   ^^^^^^^^^^^^^^^^^^^^^^^^^^^^^^^^^^^^^^
W0905 07:40:04.892000 8916 envs\qwen3\Lib\site-packages\torch\_dynamo\convert_frame.py:1125]   File "E:\VoiceForge TTV Pipeine\v3\envs\qwen3\Lib\site-packages\torch\_dynamo\repro\after_dynamo.py", line 129, in __call__
W0905 07:40:04.892000 8916 envs\qwen3\Lib\site-packages\torch\_dynamo\convert_frame.py:1125]     compiled_gm = compiler_fn(gm, example_inputs)
W0905 07:40:04.892000 8916 envs\qwen3\Lib\site-packages\torch\_dynamo\convert_frame.py:1125]                   ^^^^^^^^^^^^^^^^^^^^^^^^^^^^^^^
W0905 07:40:04.892000 8916 envs\qwen3\Lib\site-packages\torch\_dynamo\convert_frame.py:1125]   File "E:\VoiceForge TTV Pipeine\v3\envs\qwen3\Lib\site-packages\torch\__init__.py", line 2234, in __call__
W0905 07:40:04.892000 8916 envs\qwen3\Lib\site-packages\torch\_dynamo\convert_frame.py:1125]     return compile_fx(model_, inputs_, config_patches=self.config)
W0905 07:40:04.892000 8916 envs\qwen3\Lib\site-packages\torch\_dynamo\convert_frame.py:1125]            ^^^^^^^^^^^^^^^^^^^^^^^^^^^^^^^^^^^^^^^^^^^^^^^^^^^^^^^
W0905 07:40:04.892000 8916 envs\qwen3\Lib\site-packages\torch\_dynamo\convert_frame.py:1125]   File "E:\VoiceForge TTV Pipeine\v3\envs\qwen3\Lib\site-packages\torch\_inductor\compile_fx.py", line 1521, in compile_fx
W0905 07:40:04.892000 8916 envs\qwen3\Lib\site-packages\torch\_dynamo\convert_frame.py:1125]     return aot_autograd(
W0905 07:40:04.892000 8916 envs\qwen3\Lib\site-packages\torch\_dynamo\convert_frame.py:1125]            ^^^^^^^^^^^^^
W0905 07:40:04.892000 8916 envs\qwen3\Lib\site-packages\torch\_dynamo\convert_frame.py:1125]   File "E:\VoiceForge TTV Pipeine\v3\envs\qwen3\Lib\site-packages\torch\_dynamo\backends\common.py", line 72, in __call__
W0905 07:40:04.892000 8916 envs\qwen3\Lib\site-packages\torch\_dynamo\convert_frame.py:1125]     cg = aot_module_simplified(gm, example_inputs, **self.kwargs)
W0905 07:40:04.892000 8916 envs\qwen3\Lib\site-packages\torch\_dynamo\convert_frame.py:1125]          ^^^^^^^^^^^^^^^^^^^^^^^^^^^^^^^^^^^^^^^^^^^^^^^^^^^^^^^^
W0905 07:40:04.892000 8916 envs\qwen3\Lib\site-packages\torch\_dynamo\convert_frame.py:1125]   File "E:\VoiceForge TTV Pipeine\v3\envs\qwen3\Lib\site-packages\torch\_functorch\aot_autograd.py", line 1071, in aot_module_simplified
W0905 07:40:04.892000 8916 envs\qwen3\Lib\site-packages\torch\_dynamo\convert_frame.py:1125]     compiled_fn = dispatch_and_compile()
W0905 07:40:04.892000 8916 envs\qwen3\Lib\site-packages\torch\_dynamo\convert_frame.py:1125]                   ^^^^^^^^^^^^^^^^^^^^^^
W0905 07:40:04.892000 8916 envs\qwen3\Lib\site-packages\torch\_dynamo\convert_frame.py:1125]   File "E:\VoiceForge TTV Pipeine\v3\envs\qwen3\Lib\site-packages\torch\_functorch\aot_autograd.py", line 1056, in dispatch_and_compile
W0905 07:40:04.892000 8916 envs\qwen3\Lib\site-packages\torch\_dynamo\convert_frame.py:1125]     compiled_fn, _ = create_aot_dispatcher_function(
W0905 07:40:04.892000 8916 envs\qwen3\Lib\site-packages\torch\_dynamo\convert_frame.py:1125]                      ^^^^^^^^^^^^^^^^^^^^^^^^^^^^^^^
W0905 07:40:04.892000 8916 envs\qwen3\Lib\site-packages\torch\_dynamo\convert_frame.py:1125]   File "E:\VoiceForge TTV Pipeine\v3\envs\qwen3\Lib\site-packages\torch\_functorch\aot_autograd.py", line 522, in create_aot_dispatcher_function
W0905 07:40:04.892000 8916 envs\qwen3\Lib\site-packages\torch\_dynamo\convert_frame.py:1125]     return _create_aot_dispatcher_function(
W0905 07:40:04.892000 8916 envs\qwen3\Lib\site-packages\torch\_dynamo\convert_frame.py:1125]            ^^^^^^^^^^^^^^^^^^^^^^^^^^^^^^^^
W0905 07:40:04.892000 8916 envs\qwen3\Lib\site-packages\torch\_dynamo\convert_frame.py:1125]   File "E:\VoiceForge TTV Pipeine\v3\envs\qwen3\Lib\site-packages\torch\_functorch\aot_autograd.py", line 759, in _create_aot_dispatcher_function
W0905 07:40:04.892000 8916 envs\qwen3\Lib\site-packages\torch\_dynamo\convert_frame.py:1125]     compiled_fn, fw_metadata = compiler_fn(
W0905 07:40:04.892000 8916 envs\qwen3\Lib\site-packages\torch\_dynamo\convert_frame.py:1125]                                ^^^^^^^^^^^^
W0905 07:40:04.892000 8916 envs\qwen3\Lib\site-packages\torch\_dynamo\convert_frame.py:1125]   File "E:\VoiceForge TTV Pipeine\v3\envs\qwen3\Lib\site-packages\torch\_functorch\_aot_autograd\jit_compile_runtime_wrappers.py", line 179, in aot_dispatch_base
W0905 07:40:04.892000 8916 envs\qwen3\Lib\site-packages\torch\_dynamo\convert_frame.py:1125]     compiled_fw = compiler(fw_module, updated_flat_args)
W0905 07:40:04.892000 8916 envs\qwen3\Lib\site-packages\torch\_dynamo\convert_frame.py:1125]                   ^^^^^^^^^^^^^^^^^^^^^^^^^^^^^^^^^^^^^^
W0905 07:40:04.892000 8916 envs\qwen3\Lib\site-packages\torch\_dynamo\convert_frame.py:1125]   File "E:\VoiceForge TTV Pipeine\v3\envs\qwen3\Lib\site-packages\torch\_inductor\compile_fx.py", line 1350, in fw_compiler_base
W0905 07:40:04.892000 8916 envs\qwen3\Lib\site-packages\torch\_dynamo\convert_frame.py:1125]     return _fw_compiler_base(model, example_inputs, is_inference)
W0905 07:40:04.892000 8916 envs\qwen3\Lib\site-packages\torch\_dynamo\convert_frame.py:1125]            ^^^^^^^^^^^^^^^^^^^^^^^^^^^^^^^^^^^^^^^^^^^^^^^^^^^^^^
W0905 07:40:04.892000 8916 envs\qwen3\Lib\site-packages\torch\_dynamo\convert_frame.py:1125]   File "E:\VoiceForge TTV Pipeine\v3\envs\qwen3\Lib\site-packages\torch\_inductor\compile_fx.py", line 1421, in _fw_compiler_base
W0905 07:40:04.892000 8916 envs\qwen3\Lib\site-packages\torch\_dynamo\convert_frame.py:1125]     return inner_compile(
W0905 07:40:04.892000 8916 envs\qwen3\Lib\site-packages\torch\_dynamo\convert_frame.py:1125]            ^^^^^^^^^^^^^^
W0905 07:40:04.892000 8916 envs\qwen3\Lib\site-packages\torch\_dynamo\convert_frame.py:1125]   File "E:\VoiceForge TTV Pipeine\v3\envs\qwen3\Lib\site-packages\torch\_inductor\compile_fx.py", line 475, in compile_fx_inner
W0905 07:40:04.892000 8916 envs\qwen3\Lib\site-packages\torch\_dynamo\convert_frame.py:1125]     return wrap_compiler_debug(_compile_fx_inner, compiler_name="inductor")(
W0905 07:40:04.892000 8916 envs\qwen3\Lib\site-packages\torch\_dynamo\convert_frame.py:1125]            ^^^^^^^^^^^^^^^^^^^^^^^^^^^^^^^^^^^^^^^^^^^^^^^^^^^^^^^^^^^^^^^^^
W0905 07:40:04.892000 8916 envs\qwen3\Lib\site-packages\torch\_dynamo\convert_frame.py:1125]   File "E:\VoiceForge TTV Pipeine\v3\envs\qwen3\Lib\site-packages\torch\_dynamo\repro\after_aot.py", line 85, in debug_wrapper
W0905 07:40:04.892000 8916 envs\qwen3\Lib\site-packages\torch\_dynamo\convert_frame.py:1125]     inner_compiled_fn = compiler_fn(gm, example_inputs)
W0905 07:40:04.892000 8916 envs\qwen3\Lib\site-packages\torch\_dynamo\convert_frame.py:1125]                         ^^^^^^^^^^^^^^^^^^^^^^^^^^^^^^^
W0905 07:40:04.892000 8916 envs\qwen3\Lib\site-packages\torch\_dynamo\convert_frame.py:1125]   File "E:\VoiceForge TTV Pipeine\v3\envs\qwen3\Lib\site-packages\torch\_inductor\compile_fx.py", line 661, in _compile_fx_inner
W0905 07:40:04.892000 8916 envs\qwen3\Lib\site-packages\torch\_dynamo\convert_frame.py:1125]     compiled_graph = FxGraphCache.load(
W0905 07:40:04.892000 8916 envs\qwen3\Lib\site-packages\torch\_dynamo\convert_frame.py:1125]                      ^^^^^^^^^^^^^^^^^^
W0905 07:40:04.892000 8916 envs\qwen3\Lib\site-packages\torch\_dynamo\convert_frame.py:1125]   File "E:\VoiceForge TTV Pipeine\v3\envs\qwen3\Lib\site-packages\torch\_inductor\codecache.py", line 1334, in load
W0905 07:40:04.892000 8916 envs\qwen3\Lib\site-packages\torch\_dynamo\convert_frame.py:1125]     compiled_graph = compile_fx_fn(
W0905 07:40:04.892000 8916 envs\qwen3\Lib\site-packages\torch\_dynamo\convert_frame.py:1125]                      ^^^^^^^^^^^^^^
W0905 07:40:04.892000 8916 envs\qwen3\Lib\site-packages\torch\_dynamo\convert_frame.py:1125]   File "E:\VoiceForge TTV Pipeine\v3\envs\qwen3\Lib\site-packages\torch\_inductor\compile_fx.py", line 570, in codegen_and_compile
W0905 07:40:04.892000 8916 envs\qwen3\Lib\site-packages\torch\_dynamo\convert_frame.py:1125]     compiled_graph = fx_codegen_and_compile(gm, example_inputs, **fx_kwargs)
W0905 07:40:04.892000 8916 envs\qwen3\Lib\site-packages\torch\_dynamo\convert_frame.py:1125]                      ^^^^^^^^^^^^^^^^^^^^^^^^^^^^^^^^^^^^^^^^^^^^^^^^^^^^^^^
W0905 07:40:04.892000 8916 envs\qwen3\Lib\site-packages\torch\_dynamo\convert_frame.py:1125]   File "E:\VoiceForge TTV Pipeine\v3\envs\qwen3\Lib\site-packages\torch\_inductor\compile_fx.py", line 878, in fx_codegen_and_compile
W0905 07:40:04.892000 8916 envs\qwen3\Lib\site-packages\torch\_dynamo\convert_frame.py:1125]     compiled_fn = graph.compile_to_fn()
W0905 07:40:04.892000 8916 envs\qwen3\Lib\site-packages\torch\_dynamo\convert_frame.py:1125]                   ^^^^^^^^^^^^^^^^^^^^^
W0905 07:40:04.892000 8916 envs\qwen3\Lib\site-packages\torch\_dynamo\convert_frame.py:1125]   File "E:\VoiceForge TTV Pipeine\v3\envs\qwen3\Lib\site-packages\torch\_inductor\graph.py", line 1913, in compile_to_fn
W0905 07:40:04.892000 8916 envs\qwen3\Lib\site-packages\torch\_dynamo\convert_frame.py:1125]     return self.compile_to_module().call
W0905 07:40:04.892000 8916 envs\qwen3\Lib\site-packages\torch\_dynamo\convert_frame.py:1125]            ^^^^^^^^^^^^^^^^^^^^^^^^
W0905 07:40:04.892000 8916 envs\qwen3\Lib\site-packages\torch\_dynamo\convert_frame.py:1125]   File "E:\VoiceForge TTV Pipeine\v3\envs\qwen3\Lib\site-packages\torch\_inductor\graph.py", line 1839, in compile_to_module
W0905 07:40:04.892000 8916 envs\qwen3\Lib\site-packages\torch\_dynamo\convert_frame.py:1125]     return self._compile_to_module()
W0905 07:40:04.892000 8916 envs\qwen3\Lib\site-packages\torch\_dynamo\convert_frame.py:1125]            ^^^^^^^^^^^^^^^^^^^^^^^^^
W0905 07:40:04.892000 8916 envs\qwen3\Lib\site-packages\torch\_dynamo\convert_frame.py:1125]   File "E:\VoiceForge TTV Pipeine\v3\envs\qwen3\Lib\site-packages\torch\_inductor\graph.py", line 1845, in _compile_to_module
W0905 07:40:04.892000 8916 envs\qwen3\Lib\site-packages\torch\_dynamo\convert_frame.py:1125]     self.codegen_with_cpp_wrapper() if self.cpp_wrapper else self.codegen()
W0905 07:40:04.892000 8916 envs\qwen3\Lib\site-packages\torch\_dynamo\convert_frame.py:1125]                                                              ^^^^^^^^^^^^^^
W0905 07:40:04.892000 8916 envs\qwen3\Lib\site-packages\torch\_dynamo\convert_frame.py:1125]   File "E:\VoiceForge TTV Pipeine\v3\envs\qwen3\Lib\site-packages\torch\_inductor\graph.py", line 1784, in codegen
W0905 07:40:04.892000 8916 envs\qwen3\Lib\site-packages\torch\_dynamo\convert_frame.py:1125]     self.scheduler.codegen()
W0905 07:40:04.892000 8916 envs\qwen3\Lib\site-packages\torch\_dynamo\convert_frame.py:1125]   File "E:\VoiceForge TTV Pipeine\v3\envs\qwen3\Lib\site-packages\torch\_inductor\scheduler.py", line 3383, in codegen
W0905 07:40:04.892000 8916 envs\qwen3\Lib\site-packages\torch\_dynamo\convert_frame.py:1125]     return self._codegen()
W0905 07:40:04.892000 8916 envs\qwen3\Lib\site-packages\torch\_dynamo\convert_frame.py:1125]            ^^^^^^^^^^^^^^^
W0905 07:40:04.892000 8916 envs\qwen3\Lib\site-packages\torch\_dynamo\convert_frame.py:1125]   File "E:\VoiceForge TTV Pipeine\v3\envs\qwen3\Lib\site-packages\torch\_inductor\scheduler.py", line 3461, in _codegen
W0905 07:40:04.892000 8916 envs\qwen3\Lib\site-packages\torch\_dynamo\convert_frame.py:1125]     self.get_backend(device).codegen_node(node)
W0905 07:40:04.892000 8916 envs\qwen3\Lib\site-packages\torch\_dynamo\convert_frame.py:1125]   File "E:\VoiceForge TTV Pipeine\v3\envs\qwen3\Lib\site-packages\torch\_inductor\codegen\cpp.py", line 4468, in codegen_node
W0905 07:40:04.892000 8916 envs\qwen3\Lib\site-packages\torch\_dynamo\convert_frame.py:1125]     cpp_kernel_proxy = CppKernelProxy(kernel_group)
W0905 07:40:04.892000 8916 envs\qwen3\Lib\site-packages\torch\_dynamo\convert_frame.py:1125]                        ^^^^^^^^^^^^^^^^^^^^^^^^^^^^
W0905 07:40:04.892000 8916 envs\qwen3\Lib\site-packages\torch\_dynamo\convert_frame.py:1125]   File "E:\VoiceForge TTV Pipeine\v3\envs\qwen3\Lib\site-packages\torch\_inductor\codegen\cpp.py", line 3466, in __init__
W0905 07:40:04.892000 8916 envs\qwen3\Lib\site-packages\torch\_dynamo\convert_frame.py:1125]     self.picked_vec_isa: cpu_vec_isa.VecISA = cpu_vec_isa.pick_vec_isa()
W0905 07:40:04.892000 8916 envs\qwen3\Lib\site-packages\torch\_dynamo\convert_frame.py:1125]                                               ^^^^^^^^^^^^^^^^^^^^^^^^^^
W0905 07:40:04.892000 8916 envs\qwen3\Lib\site-packages\torch\_dynamo\convert_frame.py:1125]   File "E:\VoiceForge TTV Pipeine\v3\envs\qwen3\Lib\site-packages\torch\_inductor\cpu_vec_isa.py", line 360, in pick_vec_isa
W0905 07:40:04.892000 8916 envs\qwen3\Lib\site-packages\torch\_dynamo\convert_frame.py:1125]     _valid_vec_isa_list: List[VecISA] = valid_vec_isa_list()
W0905 07:40:04.892000 8916 envs\qwen3\Lib\site-packages\torch\_dynamo\convert_frame.py:1125]                                         ^^^^^^^^^^^^^^^^^^^^
W0905 07:40:04.892000 8916 envs\qwen3\Lib\site-packages\torch\_dynamo\convert_frame.py:1125]   File "E:\VoiceForge TTV Pipeine\v3\envs\qwen3\Lib\site-packages\torch\_inductor\cpu_vec_isa.py", line 350, in valid_vec_isa_list
W0905 07:40:04.892000 8916 envs\qwen3\Lib\site-packages\torch\_dynamo\convert_frame.py:1125]     if all(flag in _cpu_supported_x86_isa for flag in str(isa).split()) and isa:
W0905 07:40:04.892000 8916 envs\qwen3\Lib\site-packages\torch\_dynamo\convert_frame.py:1125]                                                                             ^^^
W0905 07:40:04.892000 8916 envs\qwen3\Lib\site-packages\torch\_dynamo\convert_frame.py:1125]   File "E:\VoiceForge TTV Pipeine\v3\envs\qwen3\Lib\site-packages\torch\_inductor\cpu_vec_isa.py", line 148, in __bool__
W0905 07:40:04.892000 8916 envs\qwen3\Lib\site-packages\torch\_dynamo\convert_frame.py:1125]     return self.check_build(VecISA._avx_code)
W0905 07:40:04.892000 8916 envs\qwen3\Lib\site-packages\torch\_dynamo\convert_frame.py:1125]            ^^^^^^^^^^^^^^^^^^^^^^^^^^^^^^^^^^
W0905 07:40:04.892000 8916 envs\qwen3\Lib\site-packages\torch\_dynamo\convert_frame.py:1125]   File "E:\VoiceForge TTV Pipeine\v3\envs\qwen3\Lib\site-packages\torch\_inductor\cpu_vec_isa.py", line 101, in check_build
W0905 07:40:04.892000 8916 envs\qwen3\Lib\site-packages\torch\_dynamo\convert_frame.py:1125]     extra=_get_isa_dry_compile_fingerprint(self._arch_flags),
W0905 07:40:04.892000 8916 envs\qwen3\Lib\site-packages\torch\_dynamo\convert_frame.py:1125]           ^^^^^^^^^^^^^^^^^^^^^^^^^^^^^^^^^^^^^^^^^^^^^^^^^^
W0905 07:40:04.892000 8916 envs\qwen3\Lib\site-packages\torch\_dynamo\convert_frame.py:1125]   File "E:\VoiceForge TTV Pipeine\v3\envs\qwen3\Lib\site-packages\torch\_inductor\cpu_vec_isa.py", line 27, in _get_isa_dry_compile_fingerprint
W0905 07:40:04.892000 8916 envs\qwen3\Lib\site-packages\torch\_dynamo\convert_frame.py:1125]     compiler_info = get_compiler_version_info(get_cpp_compiler())
W0905 07:40:04.892000 8916 envs\qwen3\Lib\site-packages\torch\_dynamo\convert_frame.py:1125]                                               ^^^^^^^^^^^^^^^^^^
W0905 07:40:04.892000 8916 envs\qwen3\Lib\site-packages\torch\_dynamo\convert_frame.py:1125]   File "E:\VoiceForge TTV Pipeine\v3\envs\qwen3\Lib\site-packages\torch\_inductor\cpp_builder.py", line 144, in get_cpp_compiler
W0905 07:40:04.892000 8916 envs\qwen3\Lib\site-packages\torch\_dynamo\convert_frame.py:1125]     check_compiler_exist_windows(compiler)
W0905 07:40:04.892000 8916 envs\qwen3\Lib\site-packages\torch\_dynamo\convert_frame.py:1125]   File "E:\VoiceForge TTV Pipeine\v3\envs\qwen3\Lib\site-packages\torch\_inductor\cpp_builder.py", line 135, in check_compiler_exist_windows
W0905 07:40:04.892000 8916 envs\qwen3\Lib\site-packages\torch\_dynamo\convert_frame.py:1125]     raise RuntimeError(f"Compiler: {compiler} is not found.") from exc
W0905 07:40:04.892000 8916 envs\qwen3\Lib\site-packages\torch\_dynamo\convert_frame.py:1125] RuntimeError: Compiler: cl is not found.
W0905 07:40:04.892000 8916 envs\qwen3\Lib\site-packages\torch\_dynamo\convert_frame.py:1125] 
W0905 07:40:04.892000 8916 envs\qwen3\Lib\site-packages\torch\_dynamo\convert_frame.py:1125] The above exception was the direct cause of the following exception:
W0905 07:40:04.892000 8916 envs\qwen3\Lib\site-packages\torch\_dynamo\convert_frame.py:1125] 
W0905 07:40:04.892000 8916 envs\qwen3\Lib\site-packages\torch\_dynamo\convert_frame.py:1125] Traceback (most recent call last):
W0905 07:40:04.892000 8916 envs\qwen3\Lib\site-packages\torch\_dynamo\convert_frame.py:1125]   File "E:\VoiceForge TTV Pipeine\v3\envs\qwen3\Lib\site-packages\torch\_dynamo\convert_frame.py", line 1064, in __call__
W0905 07:40:04.892000 8916 envs\qwen3\Lib\site-packages\torch\_dynamo\convert_frame.py:1125]     result = self._inner_convert(
W0905 07:40:04.892000 8916 envs\qwen3\Lib\site-packages\torch\_dynamo\convert_frame.py:1125]              ^^^^^^^^^^^^^^^^^^^^
W0905 07:40:04.892000 8916 envs\qwen3\Lib\site-packages\torch\_dynamo\convert_frame.py:1125]   File "E:\VoiceForge TTV Pipeine\v3\envs\qwen3\Lib\site-packages\torch\_dynamo\convert_frame.py", line 526, in __call__
W0905 07:40:04.892000 8916 envs\qwen3\Lib\site-packages\torch\_dynamo\convert_frame.py:1125]     return _compile(
W0905 07:40:04.892000 8916 envs\qwen3\Lib\site-packages\torch\_dynamo\convert_frame.py:1125]            ^^^^^^^^^
W0905 07:40:04.892000 8916 envs\qwen3\Lib\site-packages\torch\_dynamo\convert_frame.py:1125]   File "E:\VoiceForge TTV Pipeine\v3\envs\qwen3\Lib\site-packages\torch\_dynamo\convert_frame.py", line 924, in _compile
W0905 07:40:04.892000 8916 envs\qwen3\Lib\site-packages\torch\_dynamo\convert_frame.py:1125]     guarded_code = compile_inner(code, one_graph, hooks, transform)
W0905 07:40:04.892000 8916 envs\qwen3\Lib\site-packages\torch\_dynamo\convert_frame.py:1125]                    ^^^^^^^^^^^^^^^^^^^^^^^^^^^^^^^^^^^^^^^^^^^^^^^^
W0905 07:40:04.892000 8916 envs\qwen3\Lib\site-packages\torch\_dynamo\convert_frame.py:1125]   File "E:\VoiceForge TTV Pipeine\v3\envs\qwen3\Lib\site-packages\torch\_dynamo\convert_frame.py", line 666, in compile_inner
W0905 07:40:04.892000 8916 envs\qwen3\Lib\site-packages\torch\_dynamo\convert_frame.py:1125]     return _compile_inner(code, one_graph, hooks, transform)
W0905 07:40:04.892000 8916 envs\qwen3\Lib\site-packages\torch\_dynamo\convert_frame.py:1125]            ^^^^^^^^^^^^^^^^^^^^^^^^^^^^^^^^^^^^^^^^^^^^^^^^^
W0905 07:40:04.892000 8916 envs\qwen3\Lib\site-packages\torch\_dynamo\convert_frame.py:1125]   File "E:\VoiceForge TTV Pipeine\v3\envs\qwen3\Lib\site-packages\torch\_utils_internal.py", line 87, in wrapper_function
W0905 07:40:04.892000 8916 envs\qwen3\Lib\site-packages\torch\_dynamo\convert_frame.py:1125]     return function(*args, **kwargs)
W0905 07:40:04.892000 8916 envs\qwen3\Lib\site-packages\torch\_dynamo\convert_frame.py:1125]            ^^^^^^^^^^^^^^^^^^^^^^^^^
W0905 07:40:04.892000 8916 envs\qwen3\Lib\site-packages\torch\_dynamo\convert_frame.py:1125]   File "E:\VoiceForge TTV Pipeine\v3\envs\qwen3\Lib\site-packages\torch\_dynamo\convert_frame.py", line 699, in _compile_inner
W0905 07:40:04.892000 8916 envs\qwen3\Lib\site-packages\torch\_dynamo\convert_frame.py:1125]     out_code = transform_code_object(code, transform)
W0905 07:40:04.892000 8916 envs\qwen3\Lib\site-packages\torch\_dynamo\convert_frame.py:1125]                ^^^^^^^^^^^^^^^^^^^^^^^^^^^^^^^^^^^^^^
W0905 07:40:04.892000 8916 envs\qwen3\Lib\site-packages\torch\_dynamo\convert_frame.py:1125]   File "E:\VoiceForge TTV Pipeine\v3\envs\qwen3\Lib\site-packages\torch\_dynamo\bytecode_transformation.py", line 1322, in transform_code_object
W0905 07:40:04.892000 8916 envs\qwen3\Lib\site-packages\torch\_dynamo\convert_frame.py:1125]     transformations(instructions, code_options)
W0905 07:40:04.892000 8916 envs\qwen3\Lib\site-packages\torch\_dynamo\convert_frame.py:1125]   File "E:\VoiceForge TTV Pipeine\v3\envs\qwen3\Lib\site-packages\torch\_dynamo\convert_frame.py", line 219, in _fn
W0905 07:40:04.892000 8916 envs\qwen3\Lib\site-packages\torch\_dynamo\convert_frame.py:1125]     return fn(*args, **kwargs)
W0905 07:40:04.892000 8916 envs\qwen3\Lib\site-packages\torch\_dynamo\convert_frame.py:1125]            ^^^^^^^^^^^^^^^^^^^
W0905 07:40:04.892000 8916 envs\qwen3\Lib\site-packages\torch\_dynamo\convert_frame.py:1125]   File "E:\VoiceForge TTV Pipeine\v3\envs\qwen3\Lib\site-packages\torch\_dynamo\convert_frame.py", line 634, in transform
W0905 07:40:04.892000 8916 envs\qwen3\Lib\site-packages\torch\_dynamo\convert_frame.py:1125]     tracer.run()
W0905 07:40:04.892000 8916 envs\qwen3\Lib\site-packages\torch\_dynamo\convert_frame.py:1125]   File "E:\VoiceForge TTV Pipeine\v3\envs\qwen3\Lib\site-packages\torch\_dynamo\symbolic_convert.py", line 2796, in run
W0905 07:40:04.892000 8916 envs\qwen3\Lib\site-packages\torch\_dynamo\convert_frame.py:1125]     super().run()
W0905 07:40:04.892000 8916 envs\qwen3\Lib\site-packages\torch\_dynamo\convert_frame.py:1125]   File "E:\VoiceForge TTV Pipeine\v3\envs\qwen3\Lib\site-packages\torch\_dynamo\symbolic_convert.py", line 983, in run
W0905 07:40:04.892000 8916 envs\qwen3\Lib\site-packages\torch\_dynamo\convert_frame.py:1125]     while self.step():
W0905 07:40:04.892000 8916 envs\qwen3\Lib\site-packages\torch\_dynamo\convert_frame.py:1125]           ^^^^^^^^^^^
W0905 07:40:04.892000 8916 envs\qwen3\Lib\site-packages\torch\_dynamo\convert_frame.py:1125]   File "E:\VoiceForge TTV Pipeine\v3\envs\qwen3\Lib\site-packages\torch\_dynamo\symbolic_convert.py", line 895, in step
W0905 07:40:04.892000 8916 envs\qwen3\Lib\site-packages\torch\_dynamo\convert_frame.py:1125]     self.dispatch_table[inst.opcode](self, inst)
W0905 07:40:04.892000 8916 envs\qwen3\Lib\site-packages\torch\_dynamo\convert_frame.py:1125]   File "E:\VoiceForge TTV Pipeine\v3\envs\qwen3\Lib\site-packages\torch\_dynamo\symbolic_convert.py", line 2987, in RETURN_VALUE
W0905 07:40:04.892000 8916 envs\qwen3\Lib\site-packages\torch\_dynamo\convert_frame.py:1125]     self._return(inst)
W0905 07:40:04.892000 8916 envs\qwen3\Lib\site-packages\torch\_dynamo\convert_frame.py:1125]   File "E:\VoiceForge TTV Pipeine\v3\envs\qwen3\Lib\site-packages\torch\_dynamo\symbolic_convert.py", line 2972, in _return
W0905 07:40:04.892000 8916 envs\qwen3\Lib\site-packages\torch\_dynamo\convert_frame.py:1125]     self.output.compile_subgraph(
W0905 07:40:04.892000 8916 envs\qwen3\Lib\site-packages\torch\_dynamo\convert_frame.py:1125]   File "E:\VoiceForge TTV Pipeine\v3\envs\qwen3\Lib\site-packages\torch\_dynamo\output_graph.py", line 1117, in compile_subgraph
W0905 07:40:04.892000 8916 envs\qwen3\Lib\site-packages\torch\_dynamo\convert_frame.py:1125]     self.compile_and_call_fx_graph(tx, list(reversed(stack_values)), root)
W0905 07:40:04.892000 8916 envs\qwen3\Lib\site-packages\torch\_dynamo\convert_frame.py:1125]   File "E:\VoiceForge TTV Pipeine\v3\envs\qwen3\Lib\site-packages\torch\_dynamo\output_graph.py", line 1369, in compile_and_call_fx_graph
W0905 07:40:04.892000 8916 envs\qwen3\Lib\site-packages\torch\_dynamo\convert_frame.py:1125]     compiled_fn = self.call_user_compiler(gm)
W0905 07:40:04.892000 8916 envs\qwen3\Lib\site-packages\torch\_dynamo\convert_frame.py:1125]                   ^^^^^^^^^^^^^^^^^^^^^^^^^^^
W0905 07:40:04.892000 8916 envs\qwen3\Lib\site-packages\torch\_dynamo\convert_frame.py:1125]   File "E:\VoiceForge TTV Pipeine\v3\envs\qwen3\Lib\site-packages\torch\_dynamo\output_graph.py", line 1416, in call_user_compiler
W0905 07:40:04.892000 8916 envs\qwen3\Lib\site-packages\torch\_dynamo\convert_frame.py:1125]     return self._call_user_compiler(gm)
W0905 07:40:04.892000 8916 envs\qwen3\Lib\site-packages\torch\_dynamo\convert_frame.py:1125]            ^^^^^^^^^^^^^^^^^^^^^^^^^^^^
W0905 07:40:04.892000 8916 envs\qwen3\Lib\site-packages\torch\_dynamo\convert_frame.py:1125]   File "E:\VoiceForge TTV Pipeine\v3\envs\qwen3\Lib\site-packages\torch\_dynamo\output_graph.py", line 1465, in _call_user_compiler
W0905 07:40:04.892000 8916 envs\qwen3\Lib\site-packages\torch\_dynamo\convert_frame.py:1125]     raise BackendCompilerFailed(self.compiler_fn, e) from e
W0905 07:40:04.892000 8916 envs\qwen3\Lib\site-packages\torch\_dynamo\convert_frame.py:1125] torch._dynamo.exc.BackendCompilerFailed: backend='inductor' raised:
W0905 07:40:04.892000 8916 envs\qwen3\Lib\site-packages\torch\_dynamo\convert_frame.py:1125] RuntimeError: Compiler: cl is not found.
W0905 07:40:04.892000 8916 envs\qwen3\Lib\site-packages\torch\_dynamo\convert_frame.py:1125] 
W0905 07:40:04.892000 8916 envs\qwen3\Lib\site-packages\torch\_dynamo\convert_frame.py:1125] Set TORCH_LOGS="+dynamo" and TORCHDYNAMO_VERBOSE=1 for more information
W0905 07:40:04.892000 8916 envs\qwen3\Lib\site-packages\torch\_dynamo\convert_frame.py:1125] 
W0905 07:40:04.892000 8916 envs\qwen3\Lib\site-packages\torch\_dynamo\convert_frame.py:1125] Traceback (most recent call last):
W0905 07:40:04.892000 8916 envs\qwen3\Lib\site-packages\torch\_dynamo\convert_frame.py:1125]   File "E:\VoiceForge TTV Pipeine\v3\envs\qwen3\Lib\site-packages\torch\_inductor\cpp_builder.py", line 130, in check_compiler_exist_windows
W0905 07:40:04.892000 8916 envs\qwen3\Lib\site-packages\torch\_dynamo\convert_frame.py:1125]     subprocess.check_output([compiler, "/help"], stderr=subprocess.STDOUT)
W0905 07:40:04.892000 8916 envs\qwen3\Lib\site-packages\torch\_dynamo\convert_frame.py:1125]   File "C:\Python312\Lib\subprocess.py", line 466, in check_output
W0905 07:40:04.892000 8916 envs\qwen3\Lib\site-packages\torch\_dynamo\convert_frame.py:1125]     return run(*popenargs, stdout=PIPE, timeout=timeout, check=True,
W0905 07:40:04.892000 8916 envs\qwen3\Lib\site-packages\torch\_dynamo\convert_frame.py:1125]            ^^^^^^^^^^^^^^^^^^^^^^^^^^^^^^^^^^^^^^^^^^^^^^^^^^^^^^^^^
W0905 07:40:04.892000 8916 envs\qwen3\Lib\site-packages\torch\_dynamo\convert_frame.py:1125]   File "C:\Python312\Lib\subprocess.py", line 548, in run
W0905 07:40:04.892000 8916 envs\qwen3\Lib\site-packages\torch\_dynamo\convert_frame.py:1125]     with Popen(*popenargs, **kwargs) as process:
W0905 07:40:04.892000 8916 envs\qwen3\Lib\site-packages\torch\_dynamo\convert_frame.py:1125]          ^^^^^^^^^^^^^^^^^^^^^^^^^^^
W0905 07:40:04.892000 8916 envs\qwen3\Lib\site-packages\torch\_dynamo\convert_frame.py:1125]   File "C:\Python312\Lib\subprocess.py", line 1026, in __init__
W0905 07:40:04.892000 8916 envs\qwen3\Lib\site-packages\torch\_dynamo\convert_frame.py:1125]     self._execute_child(args, executable, preexec_fn, close_fds,
W0905 07:40:04.892000 8916 envs\qwen3\Lib\site-packages\torch\_dynamo\convert_frame.py:1125]   File "C:\Python312\Lib\subprocess.py", line 1538, in _execute_child
W0905 07:40:04.892000 8916 envs\qwen3\Lib\site-packages\torch\_dynamo\convert_frame.py:1125]     hp, ht, pid, tid = _winapi.CreateProcess(executable, args,
W0905 07:40:04.892000 8916 envs\qwen3\Lib\site-packages\torch\_dynamo\convert_frame.py:1125]                        ^^^^^^^^^^^^^^^^^^^^^^^^^^^^^^^^^^^^^^^
W0905 07:40:04.892000 8916 envs\qwen3\Lib\site-packages\torch\_dynamo\convert_frame.py:1125] FileNotFoundError: [WinError 2] The system cannot find the file specified
W0905 07:40:04.892000 8916 envs\qwen3\Lib\site-packages\torch\_dynamo\convert_frame.py:1125] 
W0905 07:40:04.892000 8916 envs\qwen3\Lib\site-packages\torch\_dynamo\convert_frame.py:1125] The above exception was the direct cause of the following exception:
W0905 07:40:04.892000 8916 envs\qwen3\Lib\site-packages\torch\_dynamo\convert_frame.py:1125] 
W0905 07:40:04.892000 8916 envs\qwen3\Lib\site-packages\torch\_dynamo\convert_frame.py:1125] Traceback (most recent call last):
W0905 07:40:04.892000 8916 envs\qwen3\Lib\site-packages\torch\_dynamo\convert_frame.py:1125]   File "E:\VoiceForge TTV Pipeine\v3\envs\qwen3\Lib\site-packages\torch\_dynamo\output_graph.py", line 1446, in _call_user_compiler
W0905 07:40:04.892000 8916 envs\qwen3\Lib\site-packages\torch\_dynamo\convert_frame.py:1125]     compiled_fn = compiler_fn(gm, self.example_inputs())
W0905 07:40:04.892000 8916 envs\qwen3\Lib\site-packages\torch\_dynamo\convert_frame.py:1125]                   ^^^^^^^^^^^^^^^^^^^^^^^^^^^^^^^^^^^^^^
W0905 07:40:04.892000 8916 envs\qwen3\Lib\site-packages\torch\_dynamo\convert_frame.py:1125]   File "E:\VoiceForge TTV Pipeine\v3\envs\qwen3\Lib\site-packages\torch\_dynamo\repro\after_dynamo.py", line 129, in __call__
W0905 07:40:04.892000 8916 envs\qwen3\Lib\site-packages\torch\_dynamo\convert_frame.py:1125]     compiled_gm = compiler_fn(gm, example_inputs)
W0905 07:40:04.892000 8916 envs\qwen3\Lib\site-packages\torch\_dynamo\convert_frame.py:1125]                   ^^^^^^^^^^^^^^^^^^^^^^^^^^^^^^^
W0905 07:40:04.892000 8916 envs\qwen3\Lib\site-packages\torch\_dynamo\convert_frame.py:1125]   File "E:\VoiceForge TTV Pipeine\v3\envs\qwen3\Lib\site-packages\torch\__init__.py", line 2234, in __call__
W0905 07:40:04.892000 8916 envs\qwen3\Lib\site-packages\torch\_dynamo\convert_frame.py:1125]     return compile_fx(model_, inputs_, config_patches=self.config)
W0905 07:40:04.892000 8916 envs\qwen3\Lib\site-packages\torch\_dynamo\convert_frame.py:1125]            ^^^^^^^^^^^^^^^^^^^^^^^^^^^^^^^^^^^^^^^^^^^^^^^^^^^^^^^
W0905 07:40:04.892000 8916 envs\qwen3\Lib\site-packages\torch\_dynamo\convert_frame.py:1125]   File "E:\VoiceForge TTV Pipeine\v3\envs\qwen3\Lib\site-packages\torch\_inductor\compile_fx.py", line 1521, in compile_fx
W0905 07:40:04.892000 8916 envs\qwen3\Lib\site-packages\torch\_dynamo\convert_frame.py:1125]     return aot_autograd(
W0905 07:40:04.892000 8916 envs\qwen3\Lib\site-packages\torch\_dynamo\convert_frame.py:1125]            ^^^^^^^^^^^^^
W0905 07:40:04.892000 8916 envs\qwen3\Lib\site-packages\torch\_dynamo\convert_frame.py:1125]   File "E:\VoiceForge TTV Pipeine\v3\envs\qwen3\Lib\site-packages\torch\_dynamo\backends\common.py", line 72, in __call__
W0905 07:40:04.892000 8916 envs\qwen3\Lib\site-packages\torch\_dynamo\convert_frame.py:1125]     cg = aot_module_simplified(gm, example_inputs, **self.kwargs)
W0905 07:40:04.892000 8916 envs\qwen3\Lib\site-packages\torch\_dynamo\convert_frame.py:1125]          ^^^^^^^^^^^^^^^^^^^^^^^^^^^^^^^^^^^^^^^^^^^^^^^^^^^^^^^^
W0905 07:40:04.892000 8916 envs\qwen3\Lib\site-packages\torch\_dynamo\convert_frame.py:1125]   File "E:\VoiceForge TTV Pipeine\v3\envs\qwen3\Lib\site-packages\torch\_functorch\aot_autograd.py", line 1071, in aot_module_simplified
W0905 07:40:04.892000 8916 envs\qwen3\Lib\site-packages\torch\_dynamo\convert_frame.py:1125]     compiled_fn = dispatch_and_compile()
W0905 07:40:04.892000 8916 envs\qwen3\Lib\site-packages\torch\_dynamo\convert_frame.py:1125]                   ^^^^^^^^^^^^^^^^^^^^^^
W0905 07:40:04.892000 8916 envs\qwen3\Lib\site-packages\torch\_dynamo\convert_frame.py:1125]   File "E:\VoiceForge TTV Pipeine\v3\envs\qwen3\Lib\site-packages\torch\_functorch\aot_autograd.py", line 1056, in dispatch_and_compile
W0905 07:40:04.892000 8916 envs\qwen3\Lib\site-packages\torch\_dynamo\convert_frame.py:1125]     compiled_fn, _ = create_aot_dispatcher_function(
W0905 07:40:04.892000 8916 envs\qwen3\Lib\site-packages\torch\_dynamo\convert_frame.py:1125]                      ^^^^^^^^^^^^^^^^^^^^^^^^^^^^^^^
W0905 07:40:04.892000 8916 envs\qwen3\Lib\site-packages\torch\_dynamo\convert_frame.py:1125]   File "E:\VoiceForge TTV Pipeine\v3\envs\qwen3\Lib\site-packages\torch\_functorch\aot_autograd.py", line 522, in create_aot_dispatcher_function
W0905 07:40:04.892000 8916 envs\qwen3\Lib\site-packages\torch\_dynamo\convert_frame.py:1125]     return _create_aot_dispatcher_function(
W0905 07:40:04.892000 8916 envs\qwen3\Lib\site-packages\torch\_dynamo\convert_frame.py:1125]            ^^^^^^^^^^^^^^^^^^^^^^^^^^^^^^^^
W0905 07:40:04.892000 8916 envs\qwen3\Lib\site-packages\torch\_dynamo\convert_frame.py:1125]   File "E:\VoiceForge TTV Pipeine\v3\envs\qwen3\Lib\site-packages\torch\_functorch\aot_autograd.py", line 759, in _create_aot_dispatcher_function
W0905 07:40:04.892000 8916 envs\qwen3\Lib\site-packages\torch\_dynamo\convert_frame.py:1125]     compiled_fn, fw_metadata = compiler_fn(
W0905 07:40:04.892000 8916 envs\qwen3\Lib\site-packages\torch\_dynamo\convert_frame.py:1125]                                ^^^^^^^^^^^^
W0905 07:40:04.892000 8916 envs\qwen3\Lib\site-packages\torch\_dynamo\convert_frame.py:1125]   File "E:\VoiceForge TTV Pipeine\v3\envs\qwen3\Lib\site-packages\torch\_functorch\_aot_autograd\jit_compile_runtime_wrappers.py", line 179, in aot_dispatch_base
W0905 07:40:04.892000 8916 envs\qwen3\Lib\site-packages\torch\_dynamo\convert_frame.py:1125]     compiled_fw = compiler(fw_module, updated_flat_args)
W0905 07:40:04.892000 8916 envs\qwen3\Lib\site-packages\torch\_dynamo\convert_frame.py:1125]                   ^^^^^^^^^^^^^^^^^^^^^^^^^^^^^^^^^^^^^^
W0905 07:40:04.892000 8916 envs\qwen3\Lib\site-packages\torch\_dynamo\convert_frame.py:1125]   File "E:\VoiceForge TTV Pipeine\v3\envs\qwen3\Lib\site-packages\torch\_inductor\compile_fx.py", line 1350, in fw_compiler_base
W0905 07:40:04.892000 8916 envs\qwen3\Lib\site-packages\torch\_dynamo\convert_frame.py:1125]     return _fw_compiler_base(model, example_inputs, is_inference)
W0905 07:40:04.892000 8916 envs\qwen3\Lib\site-packages\torch\_dynamo\convert_frame.py:1125]            ^^^^^^^^^^^^^^^^^^^^^^^^^^^^^^^^^^^^^^^^^^^^^^^^^^^^^^
W0905 07:40:04.892000 8916 envs\qwen3\Lib\site-packages\torch\_dynamo\convert_frame.py:1125]   File "E:\VoiceForge TTV Pipeine\v3\envs\qwen3\Lib\site-packages\torch\_inductor\compile_fx.py", line 1421, in _fw_compiler_base
W0905 07:40:04.892000 8916 envs\qwen3\Lib\site-packages\torch\_dynamo\convert_frame.py:1125]     return inner_compile(
W0905 07:40:04.892000 8916 envs\qwen3\Lib\site-packages\torch\_dynamo\convert_frame.py:1125]            ^^^^^^^^^^^^^^
W0905 07:40:04.892000 8916 envs\qwen3\Lib\site-packages\torch\_dynamo\convert_frame.py:1125]   File "E:\VoiceForge TTV Pipeine\v3\envs\qwen3\Lib\site-packages\torch\_inductor\compile_fx.py", line 475, in compile_fx_inner
W0905 07:40:04.892000 8916 envs\qwen3\Lib\site-packages\torch\_dynamo\convert_frame.py:1125]     return wrap_compiler_debug(_compile_fx_inner, compiler_name="inductor")(
W0905 07:40:04.892000 8916 envs\qwen3\Lib\site-packages\torch\_dynamo\convert_frame.py:1125]            ^^^^^^^^^^^^^^^^^^^^^^^^^^^^^^^^^^^^^^^^^^^^^^^^^^^^^^^^^^^^^^^^^
W0905 07:40:04.892000 8916 envs\qwen3\Lib\site-packages\torch\_dynamo\convert_frame.py:1125]   File "E:\VoiceForge TTV Pipeine\v3\envs\qwen3\Lib\site-packages\torch\_dynamo\repro\after_aot.py", line 85, in debug_wrapper
W0905 07:40:04.892000 8916 envs\qwen3\Lib\site-packages\torch\_dynamo\convert_frame.py:1125]     inner_compiled_fn = compiler_fn(gm, example_inputs)
W0905 07:40:04.892000 8916 envs\qwen3\Lib\site-packages\torch\_dynamo\convert_frame.py:1125]                         ^^^^^^^^^^^^^^^^^^^^^^^^^^^^^^^
W0905 07:40:04.892000 8916 envs\qwen3\Lib\site-packages\torch\_dynamo\convert_frame.py:1125]   File "E:\VoiceForge TTV Pipeine\v3\envs\qwen3\Lib\site-packages\torch\_inductor\compile_fx.py", line 661, in _compile_fx_inner
W0905 07:40:04.892000 8916 envs\qwen3\Lib\site-packages\torch\_dynamo\convert_frame.py:1125]     compiled_graph = FxGraphCache.load(
W0905 07:40:04.892000 8916 envs\qwen3\Lib\site-packages\torch\_dynamo\convert_frame.py:1125]                      ^^^^^^^^^^^^^^^^^^
W0905 07:40:04.892000 8916 envs\qwen3\Lib\site-packages\torch\_dynamo\convert_frame.py:1125]   File "E:\VoiceForge TTV Pipeine\v3\envs\qwen3\Lib\site-packages\torch\_inductor\codecache.py", line 1334, in load
W0905 07:40:04.892000 8916 envs\qwen3\Lib\site-packages\torch\_dynamo\convert_frame.py:1125]     compiled_graph = compile_fx_fn(
W0905 07:40:04.892000 8916 envs\qwen3\Lib\site-packages\torch\_dynamo\convert_frame.py:1125]                      ^^^^^^^^^^^^^^
W0905 07:40:04.892000 8916 envs\qwen3\Lib\site-packages\torch\_dynamo\convert_frame.py:1125]   File "E:\VoiceForge TTV Pipeine\v3\envs\qwen3\Lib\site-packages\torch\_inductor\compile_fx.py", line 570, in codegen_and_compile
W0905 07:40:04.892000 8916 envs\qwen3\Lib\site-packages\torch\_dynamo\convert_frame.py:1125]     compiled_graph = fx_codegen_and_compile(gm, example_inputs, **fx_kwargs)
W0905 07:40:04.892000 8916 envs\qwen3\Lib\site-packages\torch\_dynamo\convert_frame.py:1125]                      ^^^^^^^^^^^^^^^^^^^^^^^^^^^^^^^^^^^^^^^^^^^^^^^^^^^^^^^
W0905 07:40:04.892000 8916 envs\qwen3\Lib\site-packages\torch\_dynamo\convert_frame.py:1125]   File "E:\VoiceForge TTV Pipeine\v3\envs\qwen3\Lib\site-packages\torch\_inductor\compile_fx.py", line 878, in fx_codegen_and_compile
W0905 07:40:04.892000 8916 envs\qwen3\Lib\site-packages\torch\_dynamo\convert_frame.py:1125]     compiled_fn = graph.compile_to_fn()
W0905 07:40:04.892000 8916 envs\qwen3\Lib\site-packages\torch\_dynamo\convert_frame.py:1125]                   ^^^^^^^^^^^^^^^^^^^^^
W0905 07:40:04.892000 8916 envs\qwen3\Lib\site-packages\torch\_dynamo\convert_frame.py:1125]   File "E:\VoiceForge TTV Pipeine\v3\envs\qwen3\Lib\site-packages\torch\_inductor\graph.py", line 1913, in compile_to_fn
W0905 07:40:04.892000 8916 envs\qwen3\Lib\site-packages\torch\_dynamo\convert_frame.py:1125]     return self.compile_to_module().call
W0905 07:40:04.892000 8916 envs\qwen3\Lib\site-packages\torch\_dynamo\convert_frame.py:1125]            ^^^^^^^^^^^^^^^^^^^^^^^^
W0905 07:40:04.892000 8916 envs\qwen3\Lib\site-packages\torch\_dynamo\convert_frame.py:1125]   File "E:\VoiceForge TTV Pipeine\v3\envs\qwen3\Lib\site-packages\torch\_inductor\graph.py", line 1839, in compile_to_module
W0905 07:40:04.892000 8916 envs\qwen3\Lib\site-packages\torch\_dynamo\convert_frame.py:1125]     return self._compile_to_module()
W0905 07:40:04.892000 8916 envs\qwen3\Lib\site-packages\torch\_dynamo\convert_frame.py:1125]            ^^^^^^^^^^^^^^^^^^^^^^^^^
W0905 07:40:04.892000 8916 envs\qwen3\Lib\site-packages\torch\_dynamo\convert_frame.py:1125]   File "E:\VoiceForge TTV Pipeine\v3\envs\qwen3\Lib\site-packages\torch\_inductor\graph.py", line 1845, in _compile_to_module
W0905 07:40:04.892000 8916 envs\qwen3\Lib\site-packages\torch\_dynamo\convert_frame.py:1125]     self.codegen_with_cpp_wrapper() if self.cpp_wrapper else self.codegen()
W0905 07:40:04.892000 8916 envs\qwen3\Lib\site-packages\torch\_dynamo\convert_frame.py:1125]                                                              ^^^^^^^^^^^^^^
W0905 07:40:04.892000 8916 envs\qwen3\Lib\site-packages\torch\_dynamo\convert_frame.py:1125]   File "E:\VoiceForge TTV Pipeine\v3\envs\qwen3\Lib\site-packages\torch\_inductor\graph.py", line 1784, in codegen
W0905 07:40:04.892000 8916 envs\qwen3\Lib\site-packages\torch\_dynamo\convert_frame.py:1125]     self.scheduler.codegen()
W0905 07:40:04.892000 8916 envs\qwen3\Lib\site-packages\torch\_dynamo\convert_frame.py:1125]   File "E:\VoiceForge TTV Pipeine\v3\envs\qwen3\Lib\site-packages\torch\_inductor\scheduler.py", line 3383, in codegen
W0905 07:40:04.892000 8916 envs\qwen3\Lib\site-packages\torch\_dynamo\convert_frame.py:1125]     return self._codegen()
W0905 07:40:04.892000 8916 envs\qwen3\Lib\site-packages\torch\_dynamo\convert_frame.py:1125]            ^^^^^^^^^^^^^^^
W0905 07:40:04.892000 8916 envs\qwen3\Lib\site-packages\torch\_dynamo\convert_frame.py:1125]   File "E:\VoiceForge TTV Pipeine\v3\envs\qwen3\Lib\site-packages\torch\_inductor\scheduler.py", line 3461, in _codegen
W0905 07:40:04.892000 8916 envs\qwen3\Lib\site-packages\torch\_dynamo\convert_frame.py:1125]     self.get_backend(device).codegen_node(node)
W0905 07:40:04.892000 8916 envs\qwen3\Lib\site-packages\torch\_dynamo\convert_frame.py:1125]   File "E:\VoiceForge TTV Pipeine\v3\envs\qwen3\Lib\site-packages\torch\_inductor\codegen\cpp.py", line 4468, in codegen_node
W0905 07:40:04.892000 8916 envs\qwen3\Lib\site-packages\torch\_dynamo\convert_frame.py:1125]     cpp_kernel_proxy = CppKernelProxy(kernel_group)
W0905 07:40:04.892000 8916 envs\qwen3\Lib\site-packages\torch\_dynamo\convert_frame.py:1125]                        ^^^^^^^^^^^^^^^^^^^^^^^^^^^^
W0905 07:40:04.892000 8916 envs\qwen3\Lib\site-packages\torch\_dynamo\convert_frame.py:1125]   File "E:\VoiceForge TTV Pipeine\v3\envs\qwen3\Lib\site-packages\torch\_inductor\codegen\cpp.py", line 3466, in __init__
W0905 07:40:04.892000 8916 envs\qwen3\Lib\site-packages\torch\_dynamo\convert_frame.py:1125]     self.picked_vec_isa: cpu_vec_isa.VecISA = cpu_vec_isa.pick_vec_isa()
W0905 07:40:04.892000 8916 envs\qwen3\Lib\site-packages\torch\_dynamo\convert_frame.py:1125]                                               ^^^^^^^^^^^^^^^^^^^^^^^^^^
W0905 07:40:04.892000 8916 envs\qwen3\Lib\site-packages\torch\_dynamo\convert_frame.py:1125]   File "E:\VoiceForge TTV Pipeine\v3\envs\qwen3\Lib\site-packages\torch\_inductor\cpu_vec_isa.py", line 360, in pick_vec_isa
W0905 07:40:04.892000 8916 envs\qwen3\Lib\site-packages\torch\_dynamo\convert_frame.py:1125]     _valid_vec_isa_list: List[VecISA] = valid_vec_isa_list()
W0905 07:40:04.892000 8916 envs\qwen3\Lib\site-packages\torch\_dynamo\convert_frame.py:1125]                                         ^^^^^^^^^^^^^^^^^^^^
W0905 07:40:04.892000 8916 envs\qwen3\Lib\site-packages\torch\_dynamo\convert_frame.py:1125]   File "E:\VoiceForge TTV Pipeine\v3\envs\qwen3\Lib\site-packages\torch\_inductor\cpu_vec_isa.py", line 350, in valid_vec_isa_list
W0905 07:40:04.892000 8916 envs\qwen3\Lib\site-packages\torch\_dynamo\convert_frame.py:1125]     if all(flag in _cpu_supported_x86_isa for flag in str(isa).split()) and isa:
W0905 07:40:04.892000 8916 envs\qwen3\Lib\site-packages\torch\_dynamo\convert_frame.py:1125]                                                                             ^^^
W0905 07:40:04.892000 8916 envs\qwen3\Lib\site-packages\torch\_dynamo\convert_frame.py:1125]   File "E:\VoiceForge TTV Pipeine\v3\envs\qwen3\Lib\site-packages\torch\_inductor\cpu_vec_isa.py", line 148, in __bool__
W0905 07:40:04.892000 8916 envs\qwen3\Lib\site-packages\torch\_dynamo\convert_frame.py:1125]     return self.check_build(VecISA._avx_code)
W0905 07:40:04.892000 8916 envs\qwen3\Lib\site-packages\torch\_dynamo\convert_frame.py:1125]            ^^^^^^^^^^^^^^^^^^^^^^^^^^^^^^^^^^
W0905 07:40:04.892000 8916 envs\qwen3\Lib\site-packages\torch\_dynamo\convert_frame.py:1125]   File "E:\VoiceForge TTV Pipeine\v3\envs\qwen3\Lib\site-packages\torch\_inductor\cpu_vec_isa.py", line 101, in check_build
W0905 07:40:04.892000 8916 envs\qwen3\Lib\site-packages\torch\_dynamo\convert_frame.py:1125]     extra=_get_isa_dry_compile_fingerprint(self._arch_flags),
W0905 07:40:04.892000 8916 envs\qwen3\Lib\site-packages\torch\_dynamo\convert_frame.py:1125]           ^^^^^^^^^^^^^^^^^^^^^^^^^^^^^^^^^^^^^^^^^^^^^^^^^^
W0905 07:40:04.892000 8916 envs\qwen3\Lib\site-packages\torch\_dynamo\convert_frame.py:1125]   File "E:\VoiceForge TTV Pipeine\v3\envs\qwen3\Lib\site-packages\torch\_inductor\cpu_vec_isa.py", line 27, in _get_isa_dry_compile_fingerprint
W0905 07:40:04.892000 8916 envs\qwen3\Lib\site-packages\torch\_dynamo\convert_frame.py:1125]     compiler_info = get_compiler_version_info(get_cpp_compiler())
W0905 07:40:04.892000 8916 envs\qwen3\Lib\site-packages\torch\_dynamo\convert_frame.py:1125]                                               ^^^^^^^^^^^^^^^^^^
W0905 07:40:04.892000 8916 envs\qwen3\Lib\site-packages\torch\_dynamo\convert_frame.py:1125]   File "E:\VoiceForge TTV Pipeine\v3\envs\qwen3\Lib\site-packages\torch\_inductor\cpp_builder.py", line 144, in get_cpp_compiler
W0905 07:40:04.892000 8916 envs\qwen3\Lib\site-packages\torch\_dynamo\convert_frame.py:1125]     check_compiler_exist_windows(compiler)
W0905 07:40:04.892000 8916 envs\qwen3\Lib\site-packages\torch\_dynamo\convert_frame.py:1125]   File "E:\VoiceForge TTV Pipeine\v3\envs\qwen3\Lib\site-packages\torch\_inductor\cpp_builder.py", line 135, in check_compiler_exist_windows
W0905 07:40:04.892000 8916 envs\qwen3\Lib\site-packages\torch\_dynamo\convert_frame.py:1125]     raise RuntimeError(f"Compiler: {compiler} is not found.") from exc
W0905 07:40:04.892000 8916 envs\qwen3\Lib\site-packages\torch\_dynamo\convert_frame.py:1125] RuntimeError: Compiler: cl is not found.
W0905 07:40:04.892000 8916 envs\qwen3\Lib\site-packages\torch\_dynamo\convert_frame.py:1125] 
W0905 07:40:04.892000 8916 envs\qwen3\Lib\site-packages\torch\_dynamo\convert_frame.py:1125] The above exception was the direct cause of the following exception:
W0905 07:40:04.892000 8916 envs\qwen3\Lib\site-packages\torch\_dynamo\convert_frame.py:1125] 
W0905 07:40:04.892000 8916 envs\qwen3\Lib\site-packages\torch\_dynamo\convert_frame.py:1125] Traceback (most recent call last):
W0905 07:40:04.892000 8916 envs\qwen3\Lib\site-packages\torch\_dynamo\convert_frame.py:1125]   File "E:\VoiceForge TTV Pipeine\v3\envs\qwen3\Lib\site-packages\torch\_dynamo\convert_frame.py", line 1064, in __call__
W0905 07:40:04.892000 8916 envs\qwen3\Lib\site-packages\torch\_dynamo\convert_frame.py:1125]     result = self._inner_convert(
W0905 07:40:04.892000 8916 envs\qwen3\Lib\site-packages\torch\_dynamo\convert_frame.py:1125]              ^^^^^^^^^^^^^^^^^^^^
W0905 07:40:04.892000 8916 envs\qwen3\Lib\site-packages\torch\_dynamo\convert_frame.py:1125]   File "E:\VoiceForge TTV Pipeine\v3\envs\qwen3\Lib\site-packages\torch\_dynamo\convert_frame.py", line 526, in __call__
W0905 07:40:04.892000 8916 envs\qwen3\Lib\site-packages\torch\_dynamo\convert_frame.py:1125]     return _compile(
W0905 07:40:04.892000 8916 envs\qwen3\Lib\site-packages\torch\_dynamo\convert_frame.py:1125]            ^^^^^^^^^
W0905 07:40:04.892000 8916 envs\qwen3\Lib\site-packages\torch\_dynamo\convert_frame.py:1125]   File "E:\VoiceForge TTV Pipeine\v3\envs\qwen3\Lib\site-packages\torch\_dynamo\convert_frame.py", line 924, in _compile
W0905 07:40:04.892000 8916 envs\qwen3\Lib\site-packages\torch\_dynamo\convert_frame.py:1125]     guarded_code = compile_inner(code, one_graph, hooks, transform)
W0905 07:40:04.892000 8916 envs\qwen3\Lib\site-packages\torch\_dynamo\convert_frame.py:1125]                    ^^^^^^^^^^^^^^^^^^^^^^^^^^^^^^^^^^^^^^^^^^^^^^^^
W0905 07:40:04.892000 8916 envs\qwen3\Lib\site-packages\torch\_dynamo\convert_frame.py:1125]   File "E:\VoiceForge TTV Pipeine\v3\envs\qwen3\Lib\site-packages\torch\_dynamo\convert_frame.py", line 666, in compile_inner
W0905 07:40:04.892000 8916 envs\qwen3\Lib\site-packages\torch\_dynamo\convert_frame.py:1125]     return _compile_inner(code, one_graph, hooks, transform)
W0905 07:40:04.892000 8916 envs\qwen3\Lib\site-packages\torch\_dynamo\convert_frame.py:1125]            ^^^^^^^^^^^^^^^^^^^^^^^^^^^^^^^^^^^^^^^^^^^^^^^^^
W0905 07:40:04.892000 8916 envs\qwen3\Lib\site-packages\torch\_dynamo\convert_frame.py:1125]   File "E:\VoiceForge TTV Pipeine\v3\envs\qwen3\Lib\site-packages\torch\_utils_internal.py", line 87, in wrapper_function
W0905 07:40:04.892000 8916 envs\qwen3\Lib\site-packages\torch\_dynamo\convert_frame.py:1125]     return function(*args, **kwargs)
W0905 07:40:04.892000 8916 envs\qwen3\Lib\site-packages\torch\_dynamo\convert_frame.py:1125]            ^^^^^^^^^^^^^^^^^^^^^^^^^
W0905 07:40:04.892000 8916 envs\qwen3\Lib\site-packages\torch\_dynamo\convert_frame.py:1125]   File "E:\VoiceForge TTV Pipeine\v3\envs\qwen3\Lib\site-packages\torch\_dynamo\convert_frame.py", line 699, in _compile_inner
W0905 07:40:04.892000 8916 envs\qwen3\Lib\site-packages\torch\_dynamo\convert_frame.py:1125]     out_code = transform_code_object(code, transform)
W0905 07:40:04.892000 8916 envs\qwen3\Lib\site-packages\torch\_dynamo\convert_frame.py:1125]                ^^^^^^^^^^^^^^^^^^^^^^^^^^^^^^^^^^^^^^
W0905 07:40:04.892000 8916 envs\qwen3\Lib\site-packages\torch\_dynamo\convert_frame.py:1125]   File "E:\VoiceForge TTV Pipeine\v3\envs\qwen3\Lib\site-packages\torch\_dynamo\bytecode_transformation.py", line 1322, in transform_code_object
W0905 07:40:04.892000 8916 envs\qwen3\Lib\site-packages\torch\_dynamo\convert_frame.py:1125]     transformations(instructions, code_options)
W0905 07:40:04.892000 8916 envs\qwen3\Lib\site-packages\torch\_dynamo\convert_frame.py:1125]   File "E:\VoiceForge TTV Pipeine\v3\envs\qwen3\Lib\site-packages\torch\_dynamo\convert_frame.py", line 219, in _fn
W0905 07:40:04.892000 8916 envs\qwen3\Lib\site-packages\torch\_dynamo\convert_frame.py:1125]     return fn(*args, **kwargs)
W0905 07:40:04.892000 8916 envs\qwen3\Lib\site-packages\torch\_dynamo\convert_frame.py:1125]            ^^^^^^^^^^^^^^^^^^^
W0905 07:40:04.892000 8916 envs\qwen3\Lib\site-packages\torch\_dynamo\convert_frame.py:1125]   File "E:\VoiceForge TTV Pipeine\v3\envs\qwen3\Lib\site-packages\torch\_dynamo\convert_frame.py", line 634, in transform
W0905 07:40:04.892000 8916 envs\qwen3\Lib\site-packages\torch\_dynamo\convert_frame.py:1125]     tracer.run()
W0905 07:40:04.892000 8916 envs\qwen3\Lib\site-packages\torch\_dynamo\convert_frame.py:1125]   File "E:\VoiceForge TTV Pipeine\v3\envs\qwen3\Lib\site-packages\torch\_dynamo\symbolic_convert.py", line 2796, in run
W0905 07:40:04.892000 8916 envs\qwen3\Lib\site-packages\torch\_dynamo\convert_frame.py:1125]     super().run()
W0905 07:40:04.892000 8916 envs\qwen3\Lib\site-packages\torch\_dynamo\convert_frame.py:1125]   File "E:\VoiceForge TTV Pipeine\v3\envs\qwen3\Lib\site-packages\torch\_dynamo\symbolic_convert.py", line 983, in run
W0905 07:40:04.892000 8916 envs\qwen3\Lib\site-packages\torch\_dynamo\convert_frame.py:1125]     while self.step():
W0905 07:40:04.892000 8916 envs\qwen3\Lib\site-packages\torch\_dynamo\convert_frame.py:1125]           ^^^^^^^^^^^
W0905 07:40:04.892000 8916 envs\qwen3\Lib\site-packages\torch\_dynamo\convert_frame.py:1125]   File "E:\VoiceForge TTV Pipeine\v3\envs\qwen3\Lib\site-packages\torch\_dynamo\symbolic_convert.py", line 895, in step
W0905 07:40:04.892000 8916 envs\qwen3\Lib\site-packages\torch\_dynamo\convert_frame.py:1125]     self.dispatch_table[inst.opcode](self, inst)
W0905 07:40:04.892000 8916 envs\qwen3\Lib\site-packages\torch\_dynamo\convert_frame.py:1125]   File "E:\VoiceForge TTV Pipeine\v3\envs\qwen3\Lib\site-packages\torch\_dynamo\symbolic_convert.py", line 2987, in RETURN_VALUE
W0905 07:40:04.892000 8916 envs\qwen3\Lib\site-packages\torch\_dynamo\convert_frame.py:1125]     self._return(inst)
W0905 07:40:04.892000 8916 envs\qwen3\Lib\site-packages\torch\_dynamo\convert_frame.py:1125]   File "E:\VoiceForge TTV Pipeine\v3\envs\qwen3\Lib\site-packages\torch\_dynamo\symbolic_convert.py", line 2972, in _return
W0905 07:40:04.892000 8916 envs\qwen3\Lib\site-packages\torch\_dynamo\convert_frame.py:1125]     self.output.compile_subgraph(
W0905 07:40:04.892000 8916 envs\qwen3\Lib\site-packages\torch\_dynamo\convert_frame.py:1125]   File "E:\VoiceForge TTV Pipeine\v3\envs\qwen3\Lib\site-packages\torch\_dynamo\output_graph.py", line 1117, in compile_subgraph
W0905 07:40:04.892000 8916 envs\qwen3\Lib\site-packages\torch\_dynamo\convert_frame.py:1125]     self.compile_and_call_fx_graph(tx, list(reversed(stack_values)), root)
W0905 07:40:04.892000 8916 envs\qwen3\Lib\site-packages\torch\_dynamo\convert_frame.py:1125]   File "E:\VoiceForge TTV Pipeine\v3\envs\qwen3\Lib\site-packages\torch\_dynamo\output_graph.py", line 1369, in compile_and_call_fx_graph
W0905 07:40:04.892000 8916 envs\qwen3\Lib\site-packages\torch\_dynamo\convert_frame.py:1125]     compiled_fn = self.call_user_compiler(gm)
W0905 07:40:04.892000 8916 envs\qwen3\Lib\site-packages\torch\_dynamo\convert_frame.py:1125]                   ^^^^^^^^^^^^^^^^^^^^^^^^^^^
W0905 07:40:04.892000 8916 envs\qwen3\Lib\site-packages\torch\_dynamo\convert_frame.py:1125]   File "E:\VoiceForge TTV Pipeine\v3\envs\qwen3\Lib\site-packages\torch\_dynamo\output_graph.py", line 1416, in call_user_compiler
W0905 07:40:04.892000 8916 envs\qwen3\Lib\site-packages\torch\_dynamo\convert_frame.py:1125]     return self._call_user_compiler(gm)
W0905 07:40:04.892000 8916 envs\qwen3\Lib\site-packages\torch\_dynamo\convert_frame.py:1125]            ^^^^^^^^^^^^^^^^^^^^^^^^^^^^
W0905 07:40:04.892000 8916 envs\qwen3\Lib\site-packages\torch\_dynamo\convert_frame.py:1125]   File "E:\VoiceForge TTV Pipeine\v3\envs\qwen3\Lib\site-packages\torch\_dynamo\output_graph.py", line 1465, in _call_user_compiler
W0905 07:40:04.892000 8916 envs\qwen3\Lib\site-packages\torch\_dynamo\convert_frame.py:1125]     raise BackendCompilerFailed(self.compiler_fn, e) from e
W0905 07:40:04.892000 8916 envs\qwen3\Lib\site-packages\torch\_dynamo\convert_frame.py:1125] torch._dynamo.exc.BackendCompilerFailed: backend='inductor' raised:
W0905 07:40:04.892000 8916 envs\qwen3\Lib\site-packages\torch\_dynamo\convert_frame.py:1125] RuntimeError: Compiler: cl is not found.
W0905 07:40:04.892000 8916 envs\qwen3\Lib\site-packages\torch\_dynamo\convert_frame.py:1125] 
W0905 07:40:04.892000 8916 envs\qwen3\Lib\site-packages\torch\_dynamo\convert_frame.py:1125] Set TORCH_LOGS="+dynamo" and TORCHDYNAMO_VERBOSE=1 for more information
W0905 07:40:04.892000 8916 envs\qwen3\Lib\site-packages\torch\_dynamo\convert_frame.py:1125] 
W0905 07:40:05.451000 8916 envs\qwen3\Lib\site-packages\torch\_dynamo\convert_frame.py:1125] WON'T CONVERT forward E:\VoiceForge TTV Pipeine\v3\envs\qwen3\Lib\site-packages\audioseal\libs\moshi\modules\seanet.py line 93 
W0905 07:40:05.451000 8916 envs\qwen3\Lib\site-packages\torch\_dynamo\convert_frame.py:1125] due to: 
W0905 07:40:05.451000 8916 envs\qwen3\Lib\site-packages\torch\_dynamo\convert_frame.py:1125] Traceback (most recent call last):
W0905 07:40:05.451000 8916 envs\qwen3\Lib\site-packages\torch\_dynamo\convert_frame.py:1125]   File "E:\VoiceForge TTV Pipeine\v3\envs\qwen3\Lib\site-packages\torch\_inductor\cpp_builder.py", line 130, in check_compiler_exist_windows
W0905 07:40:05.451000 8916 envs\qwen3\Lib\site-packages\torch\_dynamo\convert_frame.py:1125]     subprocess.check_output([compiler, "/help"], stderr=subprocess.STDOUT)
W0905 07:40:05.451000 8916 envs\qwen3\Lib\site-packages\torch\_dynamo\convert_frame.py:1125]   File "C:\Python312\Lib\subprocess.py", line 466, in check_output
W0905 07:40:05.451000 8916 envs\qwen3\Lib\site-packages\torch\_dynamo\convert_frame.py:1125]     return run(*popenargs, stdout=PIPE, timeout=timeout, check=True,
W0905 07:40:05.451000 8916 envs\qwen3\Lib\site-packages\torch\_dynamo\convert_frame.py:1125]            ^^^^^^^^^^^^^^^^^^^^^^^^^^^^^^^^^^^^^^^^^^^^^^^^^^^^^^^^^
W0905 07:40:05.451000 8916 envs\qwen3\Lib\site-packages\torch\_dynamo\convert_frame.py:1125]   File "C:\Python312\Lib\subprocess.py", line 548, in run
W0905 07:40:05.451000 8916 envs\qwen3\Lib\site-packages\torch\_dynamo\convert_frame.py:1125]     with Popen(*popenargs, **kwargs) as process:
W0905 07:40:05.451000 8916 envs\qwen3\Lib\site-packages\torch\_dynamo\convert_frame.py:1125]          ^^^^^^^^^^^^^^^^^^^^^^^^^^^
W0905 07:40:05.451000 8916 envs\qwen3\Lib\site-packages\torch\_dynamo\convert_frame.py:1125]   File "C:\Python312\Lib\subprocess.py", line 1026, in __init__
W0905 07:40:05.451000 8916 envs\qwen3\Lib\site-packages\torch\_dynamo\convert_frame.py:1125]     self._execute_child(args, executable, preexec_fn, close_fds,
W0905 07:40:05.451000 8916 envs\qwen3\Lib\site-packages\torch\_dynamo\convert_frame.py:1125]   File "C:\Python312\Lib\subprocess.py", line 1538, in _execute_child
W0905 07:40:05.451000 8916 envs\qwen3\Lib\site-packages\torch\_dynamo\convert_frame.py:1125]     hp, ht, pid, tid = _winapi.CreateProcess(executable, args,
W0905 07:40:05.451000 8916 envs\qwen3\Lib\site-packages\torch\_dynamo\convert_frame.py:1125]                        ^^^^^^^^^^^^^^^^^^^^^^^^^^^^^^^^^^^^^^^
W0905 07:40:05.451000 8916 envs\qwen3\Lib\site-packages\torch\_dynamo\convert_frame.py:1125] FileNotFoundError: [WinError 2] The system cannot find the file specified
W0905 07:40:05.451000 8916 envs\qwen3\Lib\site-packages\torch\_dynamo\convert_frame.py:1125] 
W0905 07:40:05.451000 8916 envs\qwen3\Lib\site-packages\torch\_dynamo\convert_frame.py:1125] The above exception was the direct cause of the following exception:
W0905 07:40:05.451000 8916 envs\qwen3\Lib\site-packages\torch\_dynamo\convert_frame.py:1125] 
W0905 07:40:05.451000 8916 envs\qwen3\Lib\site-packages\torch\_dynamo\convert_frame.py:1125] Traceback (most recent call last):
W0905 07:40:05.451000 8916 envs\qwen3\Lib\site-packages\torch\_dynamo\convert_frame.py:1125]   File "E:\VoiceForge TTV Pipeine\v3\envs\qwen3\Lib\site-packages\torch\_dynamo\output_graph.py", line 1446, in _call_user_compiler
W0905 07:40:05.451000 8916 envs\qwen3\Lib\site-packages\torch\_dynamo\convert_frame.py:1125]     compiled_fn = compiler_fn(gm, self.example_inputs())
W0905 07:40:05.451000 8916 envs\qwen3\Lib\site-packages\torch\_dynamo\convert_frame.py:1125]                   ^^^^^^^^^^^^^^^^^^^^^^^^^^^^^^^^^^^^^^
W0905 07:40:05.451000 8916 envs\qwen3\Lib\site-packages\torch\_dynamo\convert_frame.py:1125]   File "E:\VoiceForge TTV Pipeine\v3\envs\qwen3\Lib\site-packages\torch\_dynamo\repro\after_dynamo.py", line 129, in __call__
W0905 07:40:05.451000 8916 envs\qwen3\Lib\site-packages\torch\_dynamo\convert_frame.py:1125]     compiled_gm = compiler_fn(gm, example_inputs)
W0905 07:40:05.451000 8916 envs\qwen3\Lib\site-packages\torch\_dynamo\convert_frame.py:1125]                   ^^^^^^^^^^^^^^^^^^^^^^^^^^^^^^^
W0905 07:40:05.451000 8916 envs\qwen3\Lib\site-packages\torch\_dynamo\convert_frame.py:1125]   File "E:\VoiceForge TTV Pipeine\v3\envs\qwen3\Lib\site-packages\torch\__init__.py", line 2234, in __call__
W0905 07:40:05.451000 8916 envs\qwen3\Lib\site-packages\torch\_dynamo\convert_frame.py:1125]     return compile_fx(model_, inputs_, config_patches=self.config)
W0905 07:40:05.451000 8916 envs\qwen3\Lib\site-packages\torch\_dynamo\convert_frame.py:1125]            ^^^^^^^^^^^^^^^^^^^^^^^^^^^^^^^^^^^^^^^^^^^^^^^^^^^^^^^
W0905 07:40:05.451000 8916 envs\qwen3\Lib\site-packages\torch\_dynamo\convert_frame.py:1125]   File "E:\VoiceForge TTV Pipeine\v3\envs\qwen3\Lib\site-packages\torch\_inductor\compile_fx.py", line 1521, in compile_fx
W0905 07:40:05.451000 8916 envs\qwen3\Lib\site-packages\torch\_dynamo\convert_frame.py:1125]     return aot_autograd(
W0905 07:40:05.451000 8916 envs\qwen3\Lib\site-packages\torch\_dynamo\convert_frame.py:1125]            ^^^^^^^^^^^^^
W0905 07:40:05.451000 8916 envs\qwen3\Lib\site-packages\torch\_dynamo\convert_frame.py:1125]   File "E:\VoiceForge TTV Pipeine\v3\envs\qwen3\Lib\site-packages\torch\_dynamo\backends\common.py", line 72, in __call__
W0905 07:40:05.451000 8916 envs\qwen3\Lib\site-packages\torch\_dynamo\convert_frame.py:1125]     cg = aot_module_simplified(gm, example_inputs, **self.kwargs)
W0905 07:40:05.451000 8916 envs\qwen3\Lib\site-packages\torch\_dynamo\convert_frame.py:1125]          ^^^^^^^^^^^^^^^^^^^^^^^^^^^^^^^^^^^^^^^^^^^^^^^^^^^^^^^^
W0905 07:40:05.451000 8916 envs\qwen3\Lib\site-packages\torch\_dynamo\convert_frame.py:1125]   File "E:\VoiceForge TTV Pipeine\v3\envs\qwen3\Lib\site-packages\torch\_functorch\aot_autograd.py", line 1071, in aot_module_simplified
W0905 07:40:05.451000 8916 envs\qwen3\Lib\site-packages\torch\_dynamo\convert_frame.py:1125]     compiled_fn = dispatch_and_compile()
W0905 07:40:05.451000 8916 envs\qwen3\Lib\site-packages\torch\_dynamo\convert_frame.py:1125]                   ^^^^^^^^^^^^^^^^^^^^^^
W0905 07:40:05.451000 8916 envs\qwen3\Lib\site-packages\torch\_dynamo\convert_frame.py:1125]   File "E:\VoiceForge TTV Pipeine\v3\envs\qwen3\Lib\site-packages\torch\_functorch\aot_autograd.py", line 1056, in dispatch_and_compile
W0905 07:40:05.451000 8916 envs\qwen3\Lib\site-packages\torch\_dynamo\convert_frame.py:1125]     compiled_fn, _ = create_aot_dispatcher_function(
W0905 07:40:05.451000 8916 envs\qwen3\Lib\site-packages\torch\_dynamo\convert_frame.py:1125]                      ^^^^^^^^^^^^^^^^^^^^^^^^^^^^^^^
W0905 07:40:05.451000 8916 envs\qwen3\Lib\site-packages\torch\_dynamo\convert_frame.py:1125]   File "E:\VoiceForge TTV Pipeine\v3\envs\qwen3\Lib\site-packages\torch\_functorch\aot_autograd.py", line 522, in create_aot_dispatcher_function
W0905 07:40:05.451000 8916 envs\qwen3\Lib\site-packages\torch\_dynamo\convert_frame.py:1125]     return _create_aot_dispatcher_function(
W0905 07:40:05.451000 8916 envs\qwen3\Lib\site-packages\torch\_dynamo\convert_frame.py:1125]            ^^^^^^^^^^^^^^^^^^^^^^^^^^^^^^^^
W0905 07:40:05.451000 8916 envs\qwen3\Lib\site-packages\torch\_dynamo\convert_frame.py:1125]   File "E:\VoiceForge TTV Pipeine\v3\envs\qwen3\Lib\site-packages\torch\_functorch\aot_autograd.py", line 759, in _create_aot_dispatcher_function
W0905 07:40:05.451000 8916 envs\qwen3\Lib\site-packages\torch\_dynamo\convert_frame.py:1125]     compiled_fn, fw_metadata = compiler_fn(
W0905 07:40:05.451000 8916 envs\qwen3\Lib\site-packages\torch\_dynamo\convert_frame.py:1125]                                ^^^^^^^^^^^^
W0905 07:40:05.451000 8916 envs\qwen3\Lib\site-packages\torch\_dynamo\convert_frame.py:1125]   File "E:\VoiceForge TTV Pipeine\v3\envs\qwen3\Lib\site-packages\torch\_functorch\_aot_autograd\jit_compile_runtime_wrappers.py", line 179, in aot_dispatch_base
W0905 07:40:05.451000 8916 envs\qwen3\Lib\site-packages\torch\_dynamo\convert_frame.py:1125]     compiled_fw = compiler(fw_module, updated_flat_args)
W0905 07:40:05.451000 8916 envs\qwen3\Lib\site-packages\torch\_dynamo\convert_frame.py:1125]                   ^^^^^^^^^^^^^^^^^^^^^^^^^^^^^^^^^^^^^^
W0905 07:40:05.451000 8916 envs\qwen3\Lib\site-packages\torch\_dynamo\convert_frame.py:1125]   File "E:\VoiceForge TTV Pipeine\v3\envs\qwen3\Lib\site-packages\torch\_inductor\compile_fx.py", line 1350, in fw_compiler_base
W0905 07:40:05.451000 8916 envs\qwen3\Lib\site-packages\torch\_dynamo\convert_frame.py:1125]     return _fw_compiler_base(model, example_inputs, is_inference)
W0905 07:40:05.451000 8916 envs\qwen3\Lib\site-packages\torch\_dynamo\convert_frame.py:1125]            ^^^^^^^^^^^^^^^^^^^^^^^^^^^^^^^^^^^^^^^^^^^^^^^^^^^^^^
W0905 07:40:05.451000 8916 envs\qwen3\Lib\site-packages\torch\_dynamo\convert_frame.py:1125]   File "E:\VoiceForge TTV Pipeine\v3\envs\qwen3\Lib\site-packages\torch\_inductor\compile_fx.py", line 1421, in _fw_compiler_base
W0905 07:40:05.451000 8916 envs\qwen3\Lib\site-packages\torch\_dynamo\convert_frame.py:1125]     return inner_compile(
W0905 07:40:05.451000 8916 envs\qwen3\Lib\site-packages\torch\_dynamo\convert_frame.py:1125]            ^^^^^^^^^^^^^^
W0905 07:40:05.451000 8916 envs\qwen3\Lib\site-packages\torch\_dynamo\convert_frame.py:1125]   File "E:\VoiceForge TTV Pipeine\v3\envs\qwen3\Lib\site-packages\torch\_inductor\compile_fx.py", line 475, in compile_fx_inner
W0905 07:40:05.451000 8916 envs\qwen3\Lib\site-packages\torch\_dynamo\convert_frame.py:1125]     return wrap_compiler_debug(_compile_fx_inner, compiler_name="inductor")(
W0905 07:40:05.451000 8916 envs\qwen3\Lib\site-packages\torch\_dynamo\convert_frame.py:1125]            ^^^^^^^^^^^^^^^^^^^^^^^^^^^^^^^^^^^^^^^^^^^^^^^^^^^^^^^^^^^^^^^^^
W0905 07:40:05.451000 8916 envs\qwen3\Lib\site-packages\torch\_dynamo\convert_frame.py:1125]   File "E:\VoiceForge TTV Pipeine\v3\envs\qwen3\Lib\site-packages\torch\_dynamo\repro\after_aot.py", line 85, in debug_wrapper
W0905 07:40:05.451000 8916 envs\qwen3\Lib\site-packages\torch\_dynamo\convert_frame.py:1125]     inner_compiled_fn = compiler_fn(gm, example_inputs)
W0905 07:40:05.451000 8916 envs\qwen3\Lib\site-packages\torch\_dynamo\convert_frame.py:1125]                         ^^^^^^^^^^^^^^^^^^^^^^^^^^^^^^^
W0905 07:40:05.451000 8916 envs\qwen3\Lib\site-packages\torch\_dynamo\convert_frame.py:1125]   File "E:\VoiceForge TTV Pipeine\v3\envs\qwen3\Lib\site-packages\torch\_inductor\compile_fx.py", line 661, in _compile_fx_inner
W0905 07:40:05.451000 8916 envs\qwen3\Lib\site-packages\torch\_dynamo\convert_frame.py:1125]     compiled_graph = FxGraphCache.load(
W0905 07:40:05.451000 8916 envs\qwen3\Lib\site-packages\torch\_dynamo\convert_frame.py:1125]                      ^^^^^^^^^^^^^^^^^^
W0905 07:40:05.451000 8916 envs\qwen3\Lib\site-packages\torch\_dynamo\convert_frame.py:1125]   File "E:\VoiceForge TTV Pipeine\v3\envs\qwen3\Lib\site-packages\torch\_inductor\codecache.py", line 1334, in load
W0905 07:40:05.451000 8916 envs\qwen3\Lib\site-packages\torch\_dynamo\convert_frame.py:1125]     compiled_graph = compile_fx_fn(
W0905 07:40:05.451000 8916 envs\qwen3\Lib\site-packages\torch\_dynamo\convert_frame.py:1125]                      ^^^^^^^^^^^^^^
W0905 07:40:05.451000 8916 envs\qwen3\Lib\site-packages\torch\_dynamo\convert_frame.py:1125]   File "E:\VoiceForge TTV Pipeine\v3\envs\qwen3\Lib\site-packages\torch\_inductor\compile_fx.py", line 570, in codegen_and_compile
W0905 07:40:05.451000 8916 envs\qwen3\Lib\site-packages\torch\_dynamo\convert_frame.py:1125]     compiled_graph = fx_codegen_and_compile(gm, example_inputs, **fx_kwargs)
W0905 07:40:05.451000 8916 envs\qwen3\Lib\site-packages\torch\_dynamo\convert_frame.py:1125]                      ^^^^^^^^^^^^^^^^^^^^^^^^^^^^^^^^^^^^^^^^^^^^^^^^^^^^^^^
W0905 07:40:05.451000 8916 envs\qwen3\Lib\site-packages\torch\_dynamo\convert_frame.py:1125]   File "E:\VoiceForge TTV Pipeine\v3\envs\qwen3\Lib\site-packages\torch\_inductor\compile_fx.py", line 878, in fx_codegen_and_compile
W0905 07:40:05.451000 8916 envs\qwen3\Lib\site-packages\torch\_dynamo\convert_frame.py:1125]     compiled_fn = graph.compile_to_fn()
W0905 07:40:05.451000 8916 envs\qwen3\Lib\site-packages\torch\_dynamo\convert_frame.py:1125]                   ^^^^^^^^^^^^^^^^^^^^^
W0905 07:40:05.451000 8916 envs\qwen3\Lib\site-packages\torch\_dynamo\convert_frame.py:1125]   File "E:\VoiceForge TTV Pipeine\v3\envs\qwen3\Lib\site-packages\torch\_inductor\graph.py", line 1913, in compile_to_fn
W0905 07:40:05.451000 8916 envs\qwen3\Lib\site-packages\torch\_dynamo\convert_frame.py:1125]     return self.compile_to_module().call
W0905 07:40:05.451000 8916 envs\qwen3\Lib\site-packages\torch\_dynamo\convert_frame.py:1125]            ^^^^^^^^^^^^^^^^^^^^^^^^
W0905 07:40:05.451000 8916 envs\qwen3\Lib\site-packages\torch\_dynamo\convert_frame.py:1125]   File "E:\VoiceForge TTV Pipeine\v3\envs\qwen3\Lib\site-packages\torch\_inductor\graph.py", line 1839, in compile_to_module
W0905 07:40:05.451000 8916 envs\qwen3\Lib\site-packages\torch\_dynamo\convert_frame.py:1125]     return self._compile_to_module()
W0905 07:40:05.451000 8916 envs\qwen3\Lib\site-packages\torch\_dynamo\convert_frame.py:1125]            ^^^^^^^^^^^^^^^^^^^^^^^^^
W0905 07:40:05.451000 8916 envs\qwen3\Lib\site-packages\torch\_dynamo\convert_frame.py:1125]   File "E:\VoiceForge TTV Pipeine\v3\envs\qwen3\Lib\site-packages\torch\_inductor\graph.py", line 1845, in _compile_to_module
W0905 07:40:05.451000 8916 envs\qwen3\Lib\site-packages\torch\_dynamo\convert_frame.py:1125]     self.codegen_with_cpp_wrapper() if self.cpp_wrapper else self.codegen()
W0905 07:40:05.451000 8916 envs\qwen3\Lib\site-packages\torch\_dynamo\convert_frame.py:1125]                                                              ^^^^^^^^^^^^^^
W0905 07:40:05.451000 8916 envs\qwen3\Lib\site-packages\torch\_dynamo\convert_frame.py:1125]   File "E:\VoiceForge TTV Pipeine\v3\envs\qwen3\Lib\site-packages\torch\_inductor\graph.py", line 1784, in codegen
W0905 07:40:05.451000 8916 envs\qwen3\Lib\site-packages\torch\_dynamo\convert_frame.py:1125]     self.scheduler.codegen()
W0905 07:40:05.451000 8916 envs\qwen3\Lib\site-packages\torch\_dynamo\convert_frame.py:1125]   File "E:\VoiceForge TTV Pipeine\v3\envs\qwen3\Lib\site-packages\torch\_inductor\scheduler.py", line 3383, in codegen
W0905 07:40:05.451000 8916 envs\qwen3\Lib\site-packages\torch\_dynamo\convert_frame.py:1125]     return self._codegen()
W0905 07:40:05.451000 8916 envs\qwen3\Lib\site-packages\torch\_dynamo\convert_frame.py:1125]            ^^^^^^^^^^^^^^^
W0905 07:40:05.451000 8916 envs\qwen3\Lib\site-packages\torch\_dynamo\convert_frame.py:1125]   File "E:\VoiceForge TTV Pipeine\v3\envs\qwen3\Lib\site-packages\torch\_inductor\scheduler.py", line 3461, in _codegen
W0905 07:40:05.451000 8916 envs\qwen3\Lib\site-packages\torch\_dynamo\convert_frame.py:1125]     self.get_backend(device).codegen_node(node)
W0905 07:40:05.451000 8916 envs\qwen3\Lib\site-packages\torch\_dynamo\convert_frame.py:1125]   File "E:\VoiceForge TTV Pipeine\v3\envs\qwen3\Lib\site-packages\torch\_inductor\codegen\cpp.py", line 4468, in codegen_node
W0905 07:40:05.451000 8916 envs\qwen3\Lib\site-packages\torch\_dynamo\convert_frame.py:1125]     cpp_kernel_proxy = CppKernelProxy(kernel_group)
W0905 07:40:05.451000 8916 envs\qwen3\Lib\site-packages\torch\_dynamo\convert_frame.py:1125]                        ^^^^^^^^^^^^^^^^^^^^^^^^^^^^
W0905 07:40:05.451000 8916 envs\qwen3\Lib\site-packages\torch\_dynamo\convert_frame.py:1125]   File "E:\VoiceForge TTV Pipeine\v3\envs\qwen3\Lib\site-packages\torch\_inductor\codegen\cpp.py", line 3466, in __init__
W0905 07:40:05.451000 8916 envs\qwen3\Lib\site-packages\torch\_dynamo\convert_frame.py:1125]     self.picked_vec_isa: cpu_vec_isa.VecISA = cpu_vec_isa.pick_vec_isa()
W0905 07:40:05.451000 8916 envs\qwen3\Lib\site-packages\torch\_dynamo\convert_frame.py:1125]                                               ^^^^^^^^^^^^^^^^^^^^^^^^^^
W0905 07:40:05.451000 8916 envs\qwen3\Lib\site-packages\torch\_dynamo\convert_frame.py:1125]   File "E:\VoiceForge TTV Pipeine\v3\envs\qwen3\Lib\site-packages\torch\_inductor\cpu_vec_isa.py", line 360, in pick_vec_isa
W0905 07:40:05.451000 8916 envs\qwen3\Lib\site-packages\torch\_dynamo\convert_frame.py:1125]     _valid_vec_isa_list: List[VecISA] = valid_vec_isa_list()
W0905 07:40:05.451000 8916 envs\qwen3\Lib\site-packages\torch\_dynamo\convert_frame.py:1125]                                         ^^^^^^^^^^^^^^^^^^^^
W0905 07:40:05.451000 8916 envs\qwen3\Lib\site-packages\torch\_dynamo\convert_frame.py:1125]   File "E:\VoiceForge TTV Pipeine\v3\envs\qwen3\Lib\site-packages\torch\_inductor\cpu_vec_isa.py", line 350, in valid_vec_isa_list
W0905 07:40:05.451000 8916 envs\qwen3\Lib\site-packages\torch\_dynamo\convert_frame.py:1125]     if all(flag in _cpu_supported_x86_isa for flag in str(isa).split()) and isa:
W0905 07:40:05.451000 8916 envs\qwen3\Lib\site-packages\torch\_dynamo\convert_frame.py:1125]                                                                             ^^^
W0905 07:40:05.451000 8916 envs\qwen3\Lib\site-packages\torch\_dynamo\convert_frame.py:1125]   File "E:\VoiceForge TTV Pipeine\v3\envs\qwen3\Lib\site-packages\torch\_inductor\cpu_vec_isa.py", line 148, in __bool__
W0905 07:40:05.451000 8916 envs\qwen3\Lib\site-packages\torch\_dynamo\convert_frame.py:1125]     return self.check_build(VecISA._avx_code)
W0905 07:40:05.451000 8916 envs\qwen3\Lib\site-packages\torch\_dynamo\convert_frame.py:1125]            ^^^^^^^^^^^^^^^^^^^^^^^^^^^^^^^^^^
W0905 07:40:05.451000 8916 envs\qwen3\Lib\site-packages\torch\_dynamo\convert_frame.py:1125]   File "E:\VoiceForge TTV Pipeine\v3\envs\qwen3\Lib\site-packages\torch\_inductor\cpu_vec_isa.py", line 101, in check_build
W0905 07:40:05.451000 8916 envs\qwen3\Lib\site-packages\torch\_dynamo\convert_frame.py:1125]     extra=_get_isa_dry_compile_fingerprint(self._arch_flags),
W0905 07:40:05.451000 8916 envs\qwen3\Lib\site-packages\torch\_dynamo\convert_frame.py:1125]           ^^^^^^^^^^^^^^^^^^^^^^^^^^^^^^^^^^^^^^^^^^^^^^^^^^
W0905 07:40:05.451000 8916 envs\qwen3\Lib\site-packages\torch\_dynamo\convert_frame.py:1125]   File "E:\VoiceForge TTV Pipeine\v3\envs\qwen3\Lib\site-packages\torch\_inductor\cpu_vec_isa.py", line 27, in _get_isa_dry_compile_fingerprint
W0905 07:40:05.451000 8916 envs\qwen3\Lib\site-packages\torch\_dynamo\convert_frame.py:1125]     compiler_info = get_compiler_version_info(get_cpp_compiler())
W0905 07:40:05.451000 8916 envs\qwen3\Lib\site-packages\torch\_dynamo\convert_frame.py:1125]                                               ^^^^^^^^^^^^^^^^^^
W0905 07:40:05.451000 8916 envs\qwen3\Lib\site-packages\torch\_dynamo\convert_frame.py:1125]   File "E:\VoiceForge TTV Pipeine\v3\envs\qwen3\Lib\site-packages\torch\_inductor\cpp_builder.py", line 144, in get_cpp_compiler
W0905 07:40:05.451000 8916 envs\qwen3\Lib\site-packages\torch\_dynamo\convert_frame.py:1125]     check_compiler_exist_windows(compiler)
W0905 07:40:05.451000 8916 envs\qwen3\Lib\site-packages\torch\_dynamo\convert_frame.py:1125]   File "E:\VoiceForge TTV Pipeine\v3\envs\qwen3\Lib\site-packages\torch\_inductor\cpp_builder.py", line 135, in check_compiler_exist_windows
W0905 07:40:05.451000 8916 envs\qwen3\Lib\site-packages\torch\_dynamo\convert_frame.py:1125]     raise RuntimeError(f"Compiler: {compiler} is not found.") from exc
W0905 07:40:05.451000 8916 envs\qwen3\Lib\site-packages\torch\_dynamo\convert_frame.py:1125] RuntimeError: Compiler: cl is not found.
W0905 07:40:05.451000 8916 envs\qwen3\Lib\site-packages\torch\_dynamo\convert_frame.py:1125] 
W0905 07:40:05.451000 8916 envs\qwen3\Lib\site-packages\torch\_dynamo\convert_frame.py:1125] The above exception was the direct cause of the following exception:
W0905 07:40:05.451000 8916 envs\qwen3\Lib\site-packages\torch\_dynamo\convert_frame.py:1125] 
W0905 07:40:05.451000 8916 envs\qwen3\Lib\site-packages\torch\_dynamo\convert_frame.py:1125] Traceback (most recent call last):
W0905 07:40:05.451000 8916 envs\qwen3\Lib\site-packages\torch\_dynamo\convert_frame.py:1125]   File "E:\VoiceForge TTV Pipeine\v3\envs\qwen3\Lib\site-packages\torch\_dynamo\convert_frame.py", line 1064, in __call__
W0905 07:40:05.451000 8916 envs\qwen3\Lib\site-packages\torch\_dynamo\convert_frame.py:1125]     result = self._inner_convert(
W0905 07:40:05.451000 8916 envs\qwen3\Lib\site-packages\torch\_dynamo\convert_frame.py:1125]              ^^^^^^^^^^^^^^^^^^^^
W0905 07:40:05.451000 8916 envs\qwen3\Lib\site-packages\torch\_dynamo\convert_frame.py:1125]   File "E:\VoiceForge TTV Pipeine\v3\envs\qwen3\Lib\site-packages\torch\_dynamo\convert_frame.py", line 526, in __call__
W0905 07:40:05.451000 8916 envs\qwen3\Lib\site-packages\torch\_dynamo\convert_frame.py:1125]     return _compile(
W0905 07:40:05.451000 8916 envs\qwen3\Lib\site-packages\torch\_dynamo\convert_frame.py:1125]            ^^^^^^^^^
W0905 07:40:05.451000 8916 envs\qwen3\Lib\site-packages\torch\_dynamo\convert_frame.py:1125]   File "E:\VoiceForge TTV Pipeine\v3\envs\qwen3\Lib\site-packages\torch\_dynamo\convert_frame.py", line 924, in _compile
W0905 07:40:05.451000 8916 envs\qwen3\Lib\site-packages\torch\_dynamo\convert_frame.py:1125]     guarded_code = compile_inner(code, one_graph, hooks, transform)
W0905 07:40:05.451000 8916 envs\qwen3\Lib\site-packages\torch\_dynamo\convert_frame.py:1125]                    ^^^^^^^^^^^^^^^^^^^^^^^^^^^^^^^^^^^^^^^^^^^^^^^^
W0905 07:40:05.451000 8916 envs\qwen3\Lib\site-packages\torch\_dynamo\convert_frame.py:1125]   File "E:\VoiceForge TTV Pipeine\v3\envs\qwen3\Lib\site-packages\torch\_dynamo\convert_frame.py", line 666, in compile_inner
W0905 07:40:05.451000 8916 envs\qwen3\Lib\site-packages\torch\_dynamo\convert_frame.py:1125]     return _compile_inner(code, one_graph, hooks, transform)
W0905 07:40:05.451000 8916 envs\qwen3\Lib\site-packages\torch\_dynamo\convert_frame.py:1125]            ^^^^^^^^^^^^^^^^^^^^^^^^^^^^^^^^^^^^^^^^^^^^^^^^^
W0905 07:40:05.451000 8916 envs\qwen3\Lib\site-packages\torch\_dynamo\convert_frame.py:1125]   File "E:\VoiceForge TTV Pipeine\v3\envs\qwen3\Lib\site-packages\torch\_utils_internal.py", line 87, in wrapper_function
W0905 07:40:05.451000 8916 envs\qwen3\Lib\site-packages\torch\_dynamo\convert_frame.py:1125]     return function(*args, **kwargs)
W0905 07:40:05.451000 8916 envs\qwen3\Lib\site-packages\torch\_dynamo\convert_frame.py:1125]            ^^^^^^^^^^^^^^^^^^^^^^^^^
W0905 07:40:05.451000 8916 envs\qwen3\Lib\site-packages\torch\_dynamo\convert_frame.py:1125]   File "E:\VoiceForge TTV Pipeine\v3\envs\qwen3\Lib\site-packages\torch\_dynamo\convert_frame.py", line 699, in _compile_inner
W0905 07:40:05.451000 8916 envs\qwen3\Lib\site-packages\torch\_dynamo\convert_frame.py:1125]     out_code = transform_code_object(code, transform)
W0905 07:40:05.451000 8916 envs\qwen3\Lib\site-packages\torch\_dynamo\convert_frame.py:1125]                ^^^^^^^^^^^^^^^^^^^^^^^^^^^^^^^^^^^^^^
W0905 07:40:05.451000 8916 envs\qwen3\Lib\site-packages\torch\_dynamo\convert_frame.py:1125]   File "E:\VoiceForge TTV Pipeine\v3\envs\qwen3\Lib\site-packages\torch\_dynamo\bytecode_transformation.py", line 1322, in transform_code_object
W0905 07:40:05.451000 8916 envs\qwen3\Lib\site-packages\torch\_dynamo\convert_frame.py:1125]     transformations(instructions, code_options)
W0905 07:40:05.451000 8916 envs\qwen3\Lib\site-packages\torch\_dynamo\convert_frame.py:1125]   File "E:\VoiceForge TTV Pipeine\v3\envs\qwen3\Lib\site-packages\torch\_dynamo\convert_frame.py", line 219, in _fn
W0905 07:40:05.451000 8916 envs\qwen3\Lib\site-packages\torch\_dynamo\convert_frame.py:1125]     return fn(*args, **kwargs)
W0905 07:40:05.451000 8916 envs\qwen3\Lib\site-packages\torch\_dynamo\convert_frame.py:1125]            ^^^^^^^^^^^^^^^^^^^
W0905 07:40:05.451000 8916 envs\qwen3\Lib\site-packages\torch\_dynamo\convert_frame.py:1125]   File "E:\VoiceForge TTV Pipeine\v3\envs\qwen3\Lib\site-packages\torch\_dynamo\convert_frame.py", line 634, in transform
W0905 07:40:05.451000 8916 envs\qwen3\Lib\site-packages\torch\_dynamo\convert_frame.py:1125]     tracer.run()
W0905 07:40:05.451000 8916 envs\qwen3\Lib\site-packages\torch\_dynamo\convert_frame.py:1125]   File "E:\VoiceForge TTV Pipeine\v3\envs\qwen3\Lib\site-packages\torch\_dynamo\symbolic_convert.py", line 2796, in run
W0905 07:40:05.451000 8916 envs\qwen3\Lib\site-packages\torch\_dynamo\convert_frame.py:1125]     super().run()
W0905 07:40:05.451000 8916 envs\qwen3\Lib\site-packages\torch\_dynamo\convert_frame.py:1125]   File "E:\VoiceForge TTV Pipeine\v3\envs\qwen3\Lib\site-packages\torch\_dynamo\symbolic_convert.py", line 983, in run
W0905 07:40:05.451000 8916 envs\qwen3\Lib\site-packages\torch\_dynamo\convert_frame.py:1125]     while self.step():
W0905 07:40:05.451000 8916 envs\qwen3\Lib\site-packages\torch\_dynamo\convert_frame.py:1125]           ^^^^^^^^^^^
W0905 07:40:05.451000 8916 envs\qwen3\Lib\site-packages\torch\_dynamo\convert_frame.py:1125]   File "E:\VoiceForge TTV Pipeine\v3\envs\qwen3\Lib\site-packages\torch\_dynamo\symbolic_convert.py", line 895, in step
W0905 07:40:05.451000 8916 envs\qwen3\Lib\site-packages\torch\_dynamo\convert_frame.py:1125]     self.dispatch_table[inst.opcode](self, inst)
W0905 07:40:05.451000 8916 envs\qwen3\Lib\site-packages\torch\_dynamo\convert_frame.py:1125]   File "E:\VoiceForge TTV Pipeine\v3\envs\qwen3\Lib\site-packages\torch\_dynamo\symbolic_convert.py", line 2987, in RETURN_VALUE
W0905 07:40:05.451000 8916 envs\qwen3\Lib\site-packages\torch\_dynamo\convert_frame.py:1125]     self._return(inst)
W0905 07:40:05.451000 8916 envs\qwen3\Lib\site-packages\torch\_dynamo\convert_frame.py:1125]   File "E:\VoiceForge TTV Pipeine\v3\envs\qwen3\Lib\site-packages\torch\_dynamo\symbolic_convert.py", line 2972, in _return
W0905 07:40:05.451000 8916 envs\qwen3\Lib\site-packages\torch\_dynamo\convert_frame.py:1125]     self.output.compile_subgraph(
W0905 07:40:05.451000 8916 envs\qwen3\Lib\site-packages\torch\_dynamo\convert_frame.py:1125]   File "E:\VoiceForge TTV Pipeine\v3\envs\qwen3\Lib\site-packages\torch\_dynamo\output_graph.py", line 1117, in compile_subgraph
W0905 07:40:05.451000 8916 envs\qwen3\Lib\site-packages\torch\_dynamo\convert_frame.py:1125]     self.compile_and_call_fx_graph(tx, list(reversed(stack_values)), root)
W0905 07:40:05.451000 8916 envs\qwen3\Lib\site-packages\torch\_dynamo\convert_frame.py:1125]   File "E:\VoiceForge TTV Pipeine\v3\envs\qwen3\Lib\site-packages\torch\_dynamo\output_graph.py", line 1369, in compile_and_call_fx_graph
W0905 07:40:05.451000 8916 envs\qwen3\Lib\site-packages\torch\_dynamo\convert_frame.py:1125]     compiled_fn = self.call_user_compiler(gm)
W0905 07:40:05.451000 8916 envs\qwen3\Lib\site-packages\torch\_dynamo\convert_frame.py:1125]                   ^^^^^^^^^^^^^^^^^^^^^^^^^^^
W0905 07:40:05.451000 8916 envs\qwen3\Lib\site-packages\torch\_dynamo\convert_frame.py:1125]   File "E:\VoiceForge TTV Pipeine\v3\envs\qwen3\Lib\site-packages\torch\_dynamo\output_graph.py", line 1416, in call_user_compiler
W0905 07:40:05.451000 8916 envs\qwen3\Lib\site-packages\torch\_dynamo\convert_frame.py:1125]     return self._call_user_compiler(gm)
W0905 07:40:05.451000 8916 envs\qwen3\Lib\site-packages\torch\_dynamo\convert_frame.py:1125]            ^^^^^^^^^^^^^^^^^^^^^^^^^^^^
W0905 07:40:05.451000 8916 envs\qwen3\Lib\site-packages\torch\_dynamo\convert_frame.py:1125]   File "E:\VoiceForge TTV Pipeine\v3\envs\qwen3\Lib\site-packages\torch\_dynamo\output_graph.py", line 1465, in _call_user_compiler
W0905 07:40:05.451000 8916 envs\qwen3\Lib\site-packages\torch\_dynamo\convert_frame.py:1125]     raise BackendCompilerFailed(self.compiler_fn, e) from e
W0905 07:40:05.451000 8916 envs\qwen3\Lib\site-packages\torch\_dynamo\convert_frame.py:1125] torch._dynamo.exc.BackendCompilerFailed: backend='inductor' raised:
W0905 07:40:05.451000 8916 envs\qwen3\Lib\site-packages\torch\_dynamo\convert_frame.py:1125] RuntimeError: Compiler: cl is not found.
W0905 07:40:05.451000 8916 envs\qwen3\Lib\site-packages\torch\_dynamo\convert_frame.py:1125] 
W0905 07:40:05.451000 8916 envs\qwen3\Lib\site-packages\torch\_dynamo\convert_frame.py:1125] Set TORCH_LOGS="+dynamo" and TORCHDYNAMO_VERBOSE=1 for more information
W0905 07:40:05.451000 8916 envs\qwen3\Lib\site-packages\torch\_dynamo\convert_frame.py:1125] 
W0905 07:40:05.451000 8916 envs\qwen3\Lib\site-packages\torch\_dynamo\convert_frame.py:1125] Traceback (most recent call last):
W0905 07:40:05.451000 8916 envs\qwen3\Lib\site-packages\torch\_dynamo\convert_frame.py:1125]   File "E:\VoiceForge TTV Pipeine\v3\envs\qwen3\Lib\site-packages\torch\_inductor\cpp_builder.py", line 130, in check_compiler_exist_windows
W0905 07:40:05.451000 8916 envs\qwen3\Lib\site-packages\torch\_dynamo\convert_frame.py:1125]     subprocess.check_output([compiler, "/help"], stderr=subprocess.STDOUT)
W0905 07:40:05.451000 8916 envs\qwen3\Lib\site-packages\torch\_dynamo\convert_frame.py:1125]   File "C:\Python312\Lib\subprocess.py", line 466, in check_output
W0905 07:40:05.451000 8916 envs\qwen3\Lib\site-packages\torch\_dynamo\convert_frame.py:1125]     return run(*popenargs, stdout=PIPE, timeout=timeout, check=True,
W0905 07:40:05.451000 8916 envs\qwen3\Lib\site-packages\torch\_dynamo\convert_frame.py:1125]            ^^^^^^^^^^^^^^^^^^^^^^^^^^^^^^^^^^^^^^^^^^^^^^^^^^^^^^^^^
W0905 07:40:05.451000 8916 envs\qwen3\Lib\site-packages\torch\_dynamo\convert_frame.py:1125]   File "C:\Python312\Lib\subprocess.py", line 548, in run
W0905 07:40:05.451000 8916 envs\qwen3\Lib\site-packages\torch\_dynamo\convert_frame.py:1125]     with Popen(*popenargs, **kwargs) as process:
W0905 07:40:05.451000 8916 envs\qwen3\Lib\site-packages\torch\_dynamo\convert_frame.py:1125]          ^^^^^^^^^^^^^^^^^^^^^^^^^^^
W0905 07:40:05.451000 8916 envs\qwen3\Lib\site-packages\torch\_dynamo\convert_frame.py:1125]   File "C:\Python312\Lib\subprocess.py", line 1026, in __init__
W0905 07:40:05.451000 8916 envs\qwen3\Lib\site-packages\torch\_dynamo\convert_frame.py:1125]     self._execute_child(args, executable, preexec_fn, close_fds,
W0905 07:40:05.451000 8916 envs\qwen3\Lib\site-packages\torch\_dynamo\convert_frame.py:1125]   File "C:\Python312\Lib\subprocess.py", line 1538, in _execute_child
W0905 07:40:05.451000 8916 envs\qwen3\Lib\site-packages\torch\_dynamo\convert_frame.py:1125]     hp, ht, pid, tid = _winapi.CreateProcess(executable, args,
W0905 07:40:05.451000 8916 envs\qwen3\Lib\site-packages\torch\_dynamo\convert_frame.py:1125]                        ^^^^^^^^^^^^^^^^^^^^^^^^^^^^^^^^^^^^^^^
W0905 07:40:05.451000 8916 envs\qwen3\Lib\site-packages\torch\_dynamo\convert_frame.py:1125] FileNotFoundError: [WinError 2] The system cannot find the file specified
W0905 07:40:05.451000 8916 envs\qwen3\Lib\site-packages\torch\_dynamo\convert_frame.py:1125] 
W0905 07:40:05.451000 8916 envs\qwen3\Lib\site-packages\torch\_dynamo\convert_frame.py:1125] The above exception was the direct cause of the following exception:
W0905 07:40:05.451000 8916 envs\qwen3\Lib\site-packages\torch\_dynamo\convert_frame.py:1125] 
W0905 07:40:05.451000 8916 envs\qwen3\Lib\site-packages\torch\_dynamo\convert_frame.py:1125] Traceback (most recent call last):
W0905 07:40:05.451000 8916 envs\qwen3\Lib\site-packages\torch\_dynamo\convert_frame.py:1125]   File "E:\VoiceForge TTV Pipeine\v3\envs\qwen3\Lib\site-packages\torch\_dynamo\output_graph.py", line 1446, in _call_user_compiler
W0905 07:40:05.451000 8916 envs\qwen3\Lib\site-packages\torch\_dynamo\convert_frame.py:1125]     compiled_fn = compiler_fn(gm, self.example_inputs())
W0905 07:40:05.451000 8916 envs\qwen3\Lib\site-packages\torch\_dynamo\convert_frame.py:1125]                   ^^^^^^^^^^^^^^^^^^^^^^^^^^^^^^^^^^^^^^
W0905 07:40:05.451000 8916 envs\qwen3\Lib\site-packages\torch\_dynamo\convert_frame.py:1125]   File "E:\VoiceForge TTV Pipeine\v3\envs\qwen3\Lib\site-packages\torch\_dynamo\repro\after_dynamo.py", line 129, in __call__
W0905 07:40:05.451000 8916 envs\qwen3\Lib\site-packages\torch\_dynamo\convert_frame.py:1125]     compiled_gm = compiler_fn(gm, example_inputs)
W0905 07:40:05.451000 8916 envs\qwen3\Lib\site-packages\torch\_dynamo\convert_frame.py:1125]                   ^^^^^^^^^^^^^^^^^^^^^^^^^^^^^^^
W0905 07:40:05.451000 8916 envs\qwen3\Lib\site-packages\torch\_dynamo\convert_frame.py:1125]   File "E:\VoiceForge TTV Pipeine\v3\envs\qwen3\Lib\site-packages\torch\__init__.py", line 2234, in __call__
W0905 07:40:05.451000 8916 envs\qwen3\Lib\site-packages\torch\_dynamo\convert_frame.py:1125]     return compile_fx(model_, inputs_, config_patches=self.config)
W0905 07:40:05.451000 8916 envs\qwen3\Lib\site-packages\torch\_dynamo\convert_frame.py:1125]            ^^^^^^^^^^^^^^^^^^^^^^^^^^^^^^^^^^^^^^^^^^^^^^^^^^^^^^^
W0905 07:40:05.451000 8916 envs\qwen3\Lib\site-packages\torch\_dynamo\convert_frame.py:1125]   File "E:\VoiceForge TTV Pipeine\v3\envs\qwen3\Lib\site-packages\torch\_inductor\compile_fx.py", line 1521, in compile_fx
W0905 07:40:05.451000 8916 envs\qwen3\Lib\site-packages\torch\_dynamo\convert_frame.py:1125]     return aot_autograd(
W0905 07:40:05.451000 8916 envs\qwen3\Lib\site-packages\torch\_dynamo\convert_frame.py:1125]            ^^^^^^^^^^^^^
W0905 07:40:05.451000 8916 envs\qwen3\Lib\site-packages\torch\_dynamo\convert_frame.py:1125]   File "E:\VoiceForge TTV Pipeine\v3\envs\qwen3\Lib\site-packages\torch\_dynamo\backends\common.py", line 72, in __call__
W0905 07:40:05.451000 8916 envs\qwen3\Lib\site-packages\torch\_dynamo\convert_frame.py:1125]     cg = aot_module_simplified(gm, example_inputs, **self.kwargs)
W0905 07:40:05.451000 8916 envs\qwen3\Lib\site-packages\torch\_dynamo\convert_frame.py:1125]          ^^^^^^^^^^^^^^^^^^^^^^^^^^^^^^^^^^^^^^^^^^^^^^^^^^^^^^^^
W0905 07:40:05.451000 8916 envs\qwen3\Lib\site-packages\torch\_dynamo\convert_frame.py:1125]   File "E:\VoiceForge TTV Pipeine\v3\envs\qwen3\Lib\site-packages\torch\_functorch\aot_autograd.py", line 1071, in aot_module_simplified
W0905 07:40:05.451000 8916 envs\qwen3\Lib\site-packages\torch\_dynamo\convert_frame.py:1125]     compiled_fn = dispatch_and_compile()
W0905 07:40:05.451000 8916 envs\qwen3\Lib\site-packages\torch\_dynamo\convert_frame.py:1125]                   ^^^^^^^^^^^^^^^^^^^^^^
W0905 07:40:05.451000 8916 envs\qwen3\Lib\site-packages\torch\_dynamo\convert_frame.py:1125]   File "E:\VoiceForge TTV Pipeine\v3\envs\qwen3\Lib\site-packages\torch\_functorch\aot_autograd.py", line 1056, in dispatch_and_compile
W0905 07:40:05.451000 8916 envs\qwen3\Lib\site-packages\torch\_dynamo\convert_frame.py:1125]     compiled_fn, _ = create_aot_dispatcher_function(
W0905 07:40:05.451000 8916 envs\qwen3\Lib\site-packages\torch\_dynamo\convert_frame.py:1125]                      ^^^^^^^^^^^^^^^^^^^^^^^^^^^^^^^
W0905 07:40:05.451000 8916 envs\qwen3\Lib\site-packages\torch\_dynamo\convert_frame.py:1125]   File "E:\VoiceForge TTV Pipeine\v3\envs\qwen3\Lib\site-packages\torch\_functorch\aot_autograd.py", line 522, in create_aot_dispatcher_function
W0905 07:40:05.451000 8916 envs\qwen3\Lib\site-packages\torch\_dynamo\convert_frame.py:1125]     return _create_aot_dispatcher_function(
W0905 07:40:05.451000 8916 envs\qwen3\Lib\site-packages\torch\_dynamo\convert_frame.py:1125]            ^^^^^^^^^^^^^^^^^^^^^^^^^^^^^^^^
W0905 07:40:05.451000 8916 envs\qwen3\Lib\site-packages\torch\_dynamo\convert_frame.py:1125]   File "E:\VoiceForge TTV Pipeine\v3\envs\qwen3\Lib\site-packages\torch\_functorch\aot_autograd.py", line 759, in _create_aot_dispatcher_function
W0905 07:40:05.451000 8916 envs\qwen3\Lib\site-packages\torch\_dynamo\convert_frame.py:1125]     compiled_fn, fw_metadata = compiler_fn(
W0905 07:40:05.451000 8916 envs\qwen3\Lib\site-packages\torch\_dynamo\convert_frame.py:1125]                                ^^^^^^^^^^^^
W0905 07:40:05.451000 8916 envs\qwen3\Lib\site-packages\torch\_dynamo\convert_frame.py:1125]   File "E:\VoiceForge TTV Pipeine\v3\envs\qwen3\Lib\site-packages\torch\_functorch\_aot_autograd\jit_compile_runtime_wrappers.py", line 179, in aot_dispatch_base
W0905 07:40:05.451000 8916 envs\qwen3\Lib\site-packages\torch\_dynamo\convert_frame.py:1125]     compiled_fw = compiler(fw_module, updated_flat_args)
W0905 07:40:05.451000 8916 envs\qwen3\Lib\site-packages\torch\_dynamo\convert_frame.py:1125]                   ^^^^^^^^^^^^^^^^^^^^^^^^^^^^^^^^^^^^^^
W0905 07:40:05.451000 8916 envs\qwen3\Lib\site-packages\torch\_dynamo\convert_frame.py:1125]   File "E:\VoiceForge TTV Pipeine\v3\envs\qwen3\Lib\site-packages\torch\_inductor\compile_fx.py", line 1350, in fw_compiler_base
W0905 07:40:05.451000 8916 envs\qwen3\Lib\site-packages\torch\_dynamo\convert_frame.py:1125]     return _fw_compiler_base(model, example_inputs, is_inference)
W0905 07:40:05.451000 8916 envs\qwen3\Lib\site-packages\torch\_dynamo\convert_frame.py:1125]            ^^^^^^^^^^^^^^^^^^^^^^^^^^^^^^^^^^^^^^^^^^^^^^^^^^^^^^
W0905 07:40:05.451000 8916 envs\qwen3\Lib\site-packages\torch\_dynamo\convert_frame.py:1125]   File "E:\VoiceForge TTV Pipeine\v3\envs\qwen3\Lib\site-packages\torch\_inductor\compile_fx.py", line 1421, in _fw_compiler_base
W0905 07:40:05.451000 8916 envs\qwen3\Lib\site-packages\torch\_dynamo\convert_frame.py:1125]     return inner_compile(
W0905 07:40:05.451000 8916 envs\qwen3\Lib\site-packages\torch\_dynamo\convert_frame.py:1125]            ^^^^^^^^^^^^^^
W0905 07:40:05.451000 8916 envs\qwen3\Lib\site-packages\torch\_dynamo\convert_frame.py:1125]   File "E:\VoiceForge TTV Pipeine\v3\envs\qwen3\Lib\site-packages\torch\_inductor\compile_fx.py", line 475, in compile_fx_inner
W0905 07:40:05.451000 8916 envs\qwen3\Lib\site-packages\torch\_dynamo\convert_frame.py:1125]     return wrap_compiler_debug(_compile_fx_inner, compiler_name="inductor")(
W0905 07:40:05.451000 8916 envs\qwen3\Lib\site-packages\torch\_dynamo\convert_frame.py:1125]            ^^^^^^^^^^^^^^^^^^^^^^^^^^^^^^^^^^^^^^^^^^^^^^^^^^^^^^^^^^^^^^^^^
W0905 07:40:05.451000 8916 envs\qwen3\Lib\site-packages\torch\_dynamo\convert_frame.py:1125]   File "E:\VoiceForge TTV Pipeine\v3\envs\qwen3\Lib\site-packages\torch\_dynamo\repro\after_aot.py", line 85, in debug_wrapper
W0905 07:40:05.451000 8916 envs\qwen3\Lib\site-packages\torch\_dynamo\convert_frame.py:1125]     inner_compiled_fn = compiler_fn(gm, example_inputs)
W0905 07:40:05.451000 8916 envs\qwen3\Lib\site-packages\torch\_dynamo\convert_frame.py:1125]                         ^^^^^^^^^^^^^^^^^^^^^^^^^^^^^^^
W0905 07:40:05.451000 8916 envs\qwen3\Lib\site-packages\torch\_dynamo\convert_frame.py:1125]   File "E:\VoiceForge TTV Pipeine\v3\envs\qwen3\Lib\site-packages\torch\_inductor\compile_fx.py", line 661, in _compile_fx_inner
W0905 07:40:05.451000 8916 envs\qwen3\Lib\site-packages\torch\_dynamo\convert_frame.py:1125]     compiled_graph = FxGraphCache.load(
W0905 07:40:05.451000 8916 envs\qwen3\Lib\site-packages\torch\_dynamo\convert_frame.py:1125]                      ^^^^^^^^^^^^^^^^^^
W0905 07:40:05.451000 8916 envs\qwen3\Lib\site-packages\torch\_dynamo\convert_frame.py:1125]   File "E:\VoiceForge TTV Pipeine\v3\envs\qwen3\Lib\site-packages\torch\_inductor\codecache.py", line 1334, in load
W0905 07:40:05.451000 8916 envs\qwen3\Lib\site-packages\torch\_dynamo\convert_frame.py:1125]     compiled_graph = compile_fx_fn(
W0905 07:40:05.451000 8916 envs\qwen3\Lib\site-packages\torch\_dynamo\convert_frame.py:1125]                      ^^^^^^^^^^^^^^
W0905 07:40:05.451000 8916 envs\qwen3\Lib\site-packages\torch\_dynamo\convert_frame.py:1125]   File "E:\VoiceForge TTV Pipeine\v3\envs\qwen3\Lib\site-packages\torch\_inductor\compile_fx.py", line 570, in codegen_and_compile
W0905 07:40:05.451000 8916 envs\qwen3\Lib\site-packages\torch\_dynamo\convert_frame.py:1125]     compiled_graph = fx_codegen_and_compile(gm, example_inputs, **fx_kwargs)
W0905 07:40:05.451000 8916 envs\qwen3\Lib\site-packages\torch\_dynamo\convert_frame.py:1125]                      ^^^^^^^^^^^^^^^^^^^^^^^^^^^^^^^^^^^^^^^^^^^^^^^^^^^^^^^
W0905 07:40:05.451000 8916 envs\qwen3\Lib\site-packages\torch\_dynamo\convert_frame.py:1125]   File "E:\VoiceForge TTV Pipeine\v3\envs\qwen3\Lib\site-packages\torch\_inductor\compile_fx.py", line 878, in fx_codegen_and_compile
W0905 07:40:05.451000 8916 envs\qwen3\Lib\site-packages\torch\_dynamo\convert_frame.py:1125]     compiled_fn = graph.compile_to_fn()
W0905 07:40:05.451000 8916 envs\qwen3\Lib\site-packages\torch\_dynamo\convert_frame.py:1125]                   ^^^^^^^^^^^^^^^^^^^^^
W0905 07:40:05.451000 8916 envs\qwen3\Lib\site-packages\torch\_dynamo\convert_frame.py:1125]   File "E:\VoiceForge TTV Pipeine\v3\envs\qwen3\Lib\site-packages\torch\_inductor\graph.py", line 1913, in compile_to_fn
W0905 07:40:05.451000 8916 envs\qwen3\Lib\site-packages\torch\_dynamo\convert_frame.py:1125]     return self.compile_to_module().call
W0905 07:40:05.451000 8916 envs\qwen3\Lib\site-packages\torch\_dynamo\convert_frame.py:1125]            ^^^^^^^^^^^^^^^^^^^^^^^^
W0905 07:40:05.451000 8916 envs\qwen3\Lib\site-packages\torch\_dynamo\convert_frame.py:1125]   File "E:\VoiceForge TTV Pipeine\v3\envs\qwen3\Lib\site-packages\torch\_inductor\graph.py", line 1839, in compile_to_module
W0905 07:40:05.451000 8916 envs\qwen3\Lib\site-packages\torch\_dynamo\convert_frame.py:1125]     return self._compile_to_module()
W0905 07:40:05.451000 8916 envs\qwen3\Lib\site-packages\torch\_dynamo\convert_frame.py:1125]            ^^^^^^^^^^^^^^^^^^^^^^^^^
W0905 07:40:05.451000 8916 envs\qwen3\Lib\site-packages\torch\_dynamo\convert_frame.py:1125]   File "E:\VoiceForge TTV Pipeine\v3\envs\qwen3\Lib\site-packages\torch\_inductor\graph.py", line 1845, in _compile_to_module
W0905 07:40:05.451000 8916 envs\qwen3\Lib\site-packages\torch\_dynamo\convert_frame.py:1125]     self.codegen_with_cpp_wrapper() if self.cpp_wrapper else self.codegen()
W0905 07:40:05.451000 8916 envs\qwen3\Lib\site-packages\torch\_dynamo\convert_frame.py:1125]                                                              ^^^^^^^^^^^^^^
W0905 07:40:05.451000 8916 envs\qwen3\Lib\site-packages\torch\_dynamo\convert_frame.py:1125]   File "E:\VoiceForge TTV Pipeine\v3\envs\qwen3\Lib\site-packages\torch\_inductor\graph.py", line 1784, in codegen
W0905 07:40:05.451000 8916 envs\qwen3\Lib\site-packages\torch\_dynamo\convert_frame.py:1125]     self.scheduler.codegen()
W0905 07:40:05.451000 8916 envs\qwen3\Lib\site-packages\torch\_dynamo\convert_frame.py:1125]   File "E:\VoiceForge TTV Pipeine\v3\envs\qwen3\Lib\site-packages\torch\_inductor\scheduler.py", line 3383, in codegen
W0905 07:40:05.451000 8916 envs\qwen3\Lib\site-packages\torch\_dynamo\convert_frame.py:1125]     return self._codegen()
W0905 07:40:05.451000 8916 envs\qwen3\Lib\site-packages\torch\_dynamo\convert_frame.py:1125]            ^^^^^^^^^^^^^^^
W0905 07:40:05.451000 8916 envs\qwen3\Lib\site-packages\torch\_dynamo\convert_frame.py:1125]   File "E:\VoiceForge TTV Pipeine\v3\envs\qwen3\Lib\site-packages\torch\_inductor\scheduler.py", line 3461, in _codegen
W0905 07:40:05.451000 8916 envs\qwen3\Lib\site-packages\torch\_dynamo\convert_frame.py:1125]     self.get_backend(device).codegen_node(node)
W0905 07:40:05.451000 8916 envs\qwen3\Lib\site-packages\torch\_dynamo\convert_frame.py:1125]   File "E:\VoiceForge TTV Pipeine\v3\envs\qwen3\Lib\site-packages\torch\_inductor\codegen\cpp.py", line 4468, in codegen_node
W0905 07:40:05.451000 8916 envs\qwen3\Lib\site-packages\torch\_dynamo\convert_frame.py:1125]     cpp_kernel_proxy = CppKernelProxy(kernel_group)
W0905 07:40:05.451000 8916 envs\qwen3\Lib\site-packages\torch\_dynamo\convert_frame.py:1125]                        ^^^^^^^^^^^^^^^^^^^^^^^^^^^^
W0905 07:40:05.451000 8916 envs\qwen3\Lib\site-packages\torch\_dynamo\convert_frame.py:1125]   File "E:\VoiceForge TTV Pipeine\v3\envs\qwen3\Lib\site-packages\torch\_inductor\codegen\cpp.py", line 3466, in __init__
W0905 07:40:05.451000 8916 envs\qwen3\Lib\site-packages\torch\_dynamo\convert_frame.py:1125]     self.picked_vec_isa: cpu_vec_isa.VecISA = cpu_vec_isa.pick_vec_isa()
W0905 07:40:05.451000 8916 envs\qwen3\Lib\site-packages\torch\_dynamo\convert_frame.py:1125]                                               ^^^^^^^^^^^^^^^^^^^^^^^^^^
W0905 07:40:05.451000 8916 envs\qwen3\Lib\site-packages\torch\_dynamo\convert_frame.py:1125]   File "E:\VoiceForge TTV Pipeine\v3\envs\qwen3\Lib\site-packages\torch\_inductor\cpu_vec_isa.py", line 360, in pick_vec_isa
W0905 07:40:05.451000 8916 envs\qwen3\Lib\site-packages\torch\_dynamo\convert_frame.py:1125]     _valid_vec_isa_list: List[VecISA] = valid_vec_isa_list()
W0905 07:40:05.451000 8916 envs\qwen3\Lib\site-packages\torch\_dynamo\convert_frame.py:1125]                                         ^^^^^^^^^^^^^^^^^^^^
W0905 07:40:05.451000 8916 envs\qwen3\Lib\site-packages\torch\_dynamo\convert_frame.py:1125]   File "E:\VoiceForge TTV Pipeine\v3\envs\qwen3\Lib\site-packages\torch\_inductor\cpu_vec_isa.py", line 350, in valid_vec_isa_list
W0905 07:40:05.451000 8916 envs\qwen3\Lib\site-packages\torch\_dynamo\convert_frame.py:1125]     if all(flag in _cpu_supported_x86_isa for flag in str(isa).split()) and isa:
W0905 07:40:05.451000 8916 envs\qwen3\Lib\site-packages\torch\_dynamo\convert_frame.py:1125]                                                                             ^^^
W0905 07:40:05.451000 8916 envs\qwen3\Lib\site-packages\torch\_dynamo\convert_frame.py:1125]   File "E:\VoiceForge TTV Pipeine\v3\envs\qwen3\Lib\site-packages\torch\_inductor\cpu_vec_isa.py", line 148, in __bool__
W0905 07:40:05.451000 8916 envs\qwen3\Lib\site-packages\torch\_dynamo\convert_frame.py:1125]     return self.check_build(VecISA._avx_code)
W0905 07:40:05.451000 8916 envs\qwen3\Lib\site-packages\torch\_dynamo\convert_frame.py:1125]            ^^^^^^^^^^^^^^^^^^^^^^^^^^^^^^^^^^
W0905 07:40:05.451000 8916 envs\qwen3\Lib\site-packages\torch\_dynamo\convert_frame.py:1125]   File "E:\VoiceForge TTV Pipeine\v3\envs\qwen3\Lib\site-packages\torch\_inductor\cpu_vec_isa.py", line 101, in check_build
W0905 07:40:05.451000 8916 envs\qwen3\Lib\site-packages\torch\_dynamo\convert_frame.py:1125]     extra=_get_isa_dry_compile_fingerprint(self._arch_flags),
W0905 07:40:05.451000 8916 envs\qwen3\Lib\site-packages\torch\_dynamo\convert_frame.py:1125]           ^^^^^^^^^^^^^^^^^^^^^^^^^^^^^^^^^^^^^^^^^^^^^^^^^^
W0905 07:40:05.451000 8916 envs\qwen3\Lib\site-packages\torch\_dynamo\convert_frame.py:1125]   File "E:\VoiceForge TTV Pipeine\v3\envs\qwen3\Lib\site-packages\torch\_inductor\cpu_vec_isa.py", line 27, in _get_isa_dry_compile_fingerprint
W0905 07:40:05.451000 8916 envs\qwen3\Lib\site-packages\torch\_dynamo\convert_frame.py:1125]     compiler_info = get_compiler_version_info(get_cpp_compiler())
W0905 07:40:05.451000 8916 envs\qwen3\Lib\site-packages\torch\_dynamo\convert_frame.py:1125]                                               ^^^^^^^^^^^^^^^^^^
W0905 07:40:05.451000 8916 envs\qwen3\Lib\site-packages\torch\_dynamo\convert_frame.py:1125]   File "E:\VoiceForge TTV Pipeine\v3\envs\qwen3\Lib\site-packages\torch\_inductor\cpp_builder.py", line 144, in get_cpp_compiler
W0905 07:40:05.451000 8916 envs\qwen3\Lib\site-packages\torch\_dynamo\convert_frame.py:1125]     check_compiler_exist_windows(compiler)
W0905 07:40:05.451000 8916 envs\qwen3\Lib\site-packages\torch\_dynamo\convert_frame.py:1125]   File "E:\VoiceForge TTV Pipeine\v3\envs\qwen3\Lib\site-packages\torch\_inductor\cpp_builder.py", line 135, in check_compiler_exist_windows
W0905 07:40:05.451000 8916 envs\qwen3\Lib\site-packages\torch\_dynamo\convert_frame.py:1125]     raise RuntimeError(f"Compiler: {compiler} is not found.") from exc
W0905 07:40:05.451000 8916 envs\qwen3\Lib\site-packages\torch\_dynamo\convert_frame.py:1125] RuntimeError: Compiler: cl is not found.
W0905 07:40:05.451000 8916 envs\qwen3\Lib\site-packages\torch\_dynamo\convert_frame.py:1125] 
W0905 07:40:05.451000 8916 envs\qwen3\Lib\site-packages\torch\_dynamo\convert_frame.py:1125] The above exception was the direct cause of the following exception:
W0905 07:40:05.451000 8916 envs\qwen3\Lib\site-packages\torch\_dynamo\convert_frame.py:1125] 
W0905 07:40:05.451000 8916 envs\qwen3\Lib\site-packages\torch\_dynamo\convert_frame.py:1125] Traceback (most recent call last):
W0905 07:40:05.451000 8916 envs\qwen3\Lib\site-packages\torch\_dynamo\convert_frame.py:1125]   File "E:\VoiceForge TTV Pipeine\v3\envs\qwen3\Lib\site-packages\torch\_dynamo\convert_frame.py", line 1064, in __call__
W0905 07:40:05.451000 8916 envs\qwen3\Lib\site-packages\torch\_dynamo\convert_frame.py:1125]     result = self._inner_convert(
W0905 07:40:05.451000 8916 envs\qwen3\Lib\site-packages\torch\_dynamo\convert_frame.py:1125]              ^^^^^^^^^^^^^^^^^^^^
W0905 07:40:05.451000 8916 envs\qwen3\Lib\site-packages\torch\_dynamo\convert_frame.py:1125]   File "E:\VoiceForge TTV Pipeine\v3\envs\qwen3\Lib\site-packages\torch\_dynamo\convert_frame.py", line 526, in __call__
W0905 07:40:05.451000 8916 envs\qwen3\Lib\site-packages\torch\_dynamo\convert_frame.py:1125]     return _compile(
W0905 07:40:05.451000 8916 envs\qwen3\Lib\site-packages\torch\_dynamo\convert_frame.py:1125]            ^^^^^^^^^
W0905 07:40:05.451000 8916 envs\qwen3\Lib\site-packages\torch\_dynamo\convert_frame.py:1125]   File "E:\VoiceForge TTV Pipeine\v3\envs\qwen3\Lib\site-packages\torch\_dynamo\convert_frame.py", line 924, in _compile
W0905 07:40:05.451000 8916 envs\qwen3\Lib\site-packages\torch\_dynamo\convert_frame.py:1125]     guarded_code = compile_inner(code, one_graph, hooks, transform)
W0905 07:40:05.451000 8916 envs\qwen3\Lib\site-packages\torch\_dynamo\convert_frame.py:1125]                    ^^^^^^^^^^^^^^^^^^^^^^^^^^^^^^^^^^^^^^^^^^^^^^^^
W0905 07:40:05.451000 8916 envs\qwen3\Lib\site-packages\torch\_dynamo\convert_frame.py:1125]   File "E:\VoiceForge TTV Pipeine\v3\envs\qwen3\Lib\site-packages\torch\_dynamo\convert_frame.py", line 666, in compile_inner
W0905 07:40:05.451000 8916 envs\qwen3\Lib\site-packages\torch\_dynamo\convert_frame.py:1125]     return _compile_inner(code, one_graph, hooks, transform)
W0905 07:40:05.451000 8916 envs\qwen3\Lib\site-packages\torch\_dynamo\convert_frame.py:1125]            ^^^^^^^^^^^^^^^^^^^^^^^^^^^^^^^^^^^^^^^^^^^^^^^^^
W0905 07:40:05.451000 8916 envs\qwen3\Lib\site-packages\torch\_dynamo\convert_frame.py:1125]   File "E:\VoiceForge TTV Pipeine\v3\envs\qwen3\Lib\site-packages\torch\_utils_internal.py", line 87, in wrapper_function
W0905 07:40:05.451000 8916 envs\qwen3\Lib\site-packages\torch\_dynamo\convert_frame.py:1125]     return function(*args, **kwargs)
W0905 07:40:05.451000 8916 envs\qwen3\Lib\site-packages\torch\_dynamo\convert_frame.py:1125]            ^^^^^^^^^^^^^^^^^^^^^^^^^
W0905 07:40:05.451000 8916 envs\qwen3\Lib\site-packages\torch\_dynamo\convert_frame.py:1125]   File "E:\VoiceForge TTV Pipeine\v3\envs\qwen3\Lib\site-packages\torch\_dynamo\convert_frame.py", line 699, in _compile_inner
W0905 07:40:05.451000 8916 envs\qwen3\Lib\site-packages\torch\_dynamo\convert_frame.py:1125]     out_code = transform_code_object(code, transform)
W0905 07:40:05.451000 8916 envs\qwen3\Lib\site-packages\torch\_dynamo\convert_frame.py:1125]                ^^^^^^^^^^^^^^^^^^^^^^^^^^^^^^^^^^^^^^
W0905 07:40:05.451000 8916 envs\qwen3\Lib\site-packages\torch\_dynamo\convert_frame.py:1125]   File "E:\VoiceForge TTV Pipeine\v3\envs\qwen3\Lib\site-packages\torch\_dynamo\bytecode_transformation.py", line 1322, in transform_code_object
W0905 07:40:05.451000 8916 envs\qwen3\Lib\site-packages\torch\_dynamo\convert_frame.py:1125]     transformations(instructions, code_options)
W0905 07:40:05.451000 8916 envs\qwen3\Lib\site-packages\torch\_dynamo\convert_frame.py:1125]   File "E:\VoiceForge TTV Pipeine\v3\envs\qwen3\Lib\site-packages\torch\_dynamo\convert_frame.py", line 219, in _fn
W0905 07:40:05.451000 8916 envs\qwen3\Lib\site-packages\torch\_dynamo\convert_frame.py:1125]     return fn(*args, **kwargs)
W0905 07:40:05.451000 8916 envs\qwen3\Lib\site-packages\torch\_dynamo\convert_frame.py:1125]            ^^^^^^^^^^^^^^^^^^^
W0905 07:40:05.451000 8916 envs\qwen3\Lib\site-packages\torch\_dynamo\convert_frame.py:1125]   File "E:\VoiceForge TTV Pipeine\v3\envs\qwen3\Lib\site-packages\torch\_dynamo\convert_frame.py", line 634, in transform
W0905 07:40:05.451000 8916 envs\qwen3\Lib\site-packages\torch\_dynamo\convert_frame.py:1125]     tracer.run()
W0905 07:40:05.451000 8916 envs\qwen3\Lib\site-packages\torch\_dynamo\convert_frame.py:1125]   File "E:\VoiceForge TTV Pipeine\v3\envs\qwen3\Lib\site-packages\torch\_dynamo\symbolic_convert.py", line 2796, in run
W0905 07:40:05.451000 8916 envs\qwen3\Lib\site-packages\torch\_dynamo\convert_frame.py:1125]     super().run()
W0905 07:40:05.451000 8916 envs\qwen3\Lib\site-packages\torch\_dynamo\convert_frame.py:1125]   File "E:\VoiceForge TTV Pipeine\v3\envs\qwen3\Lib\site-packages\torch\_dynamo\symbolic_convert.py", line 983, in run
W0905 07:40:05.451000 8916 envs\qwen3\Lib\site-packages\torch\_dynamo\convert_frame.py:1125]     while self.step():
W0905 07:40:05.451000 8916 envs\qwen3\Lib\site-packages\torch\_dynamo\convert_frame.py:1125]           ^^^^^^^^^^^
W0905 07:40:05.451000 8916 envs\qwen3\Lib\site-packages\torch\_dynamo\convert_frame.py:1125]   File "E:\VoiceForge TTV Pipeine\v3\envs\qwen3\Lib\site-packages\torch\_dynamo\symbolic_convert.py", line 895, in step
W0905 07:40:05.451000 8916 envs\qwen3\Lib\site-packages\torch\_dynamo\convert_frame.py:1125]     self.dispatch_table[inst.opcode](self, inst)
W0905 07:40:05.451000 8916 envs\qwen3\Lib\site-packages\torch\_dynamo\convert_frame.py:1125]   File "E:\VoiceForge TTV Pipeine\v3\envs\qwen3\Lib\site-packages\torch\_dynamo\symbolic_convert.py", line 2987, in RETURN_VALUE
W0905 07:40:05.451000 8916 envs\qwen3\Lib\site-packages\torch\_dynamo\convert_frame.py:1125]     self._return(inst)
W0905 07:40:05.451000 8916 envs\qwen3\Lib\site-packages\torch\_dynamo\convert_frame.py:1125]   File "E:\VoiceForge TTV Pipeine\v3\envs\qwen3\Lib\site-packages\torch\_dynamo\symbolic_convert.py", line 2972, in _return
W0905 07:40:05.451000 8916 envs\qwen3\Lib\site-packages\torch\_dynamo\convert_frame.py:1125]     self.output.compile_subgraph(
W0905 07:40:05.451000 8916 envs\qwen3\Lib\site-packages\torch\_dynamo\convert_frame.py:1125]   File "E:\VoiceForge TTV Pipeine\v3\envs\qwen3\Lib\site-packages\torch\_dynamo\output_graph.py", line 1117, in compile_subgraph
W0905 07:40:05.451000 8916 envs\qwen3\Lib\site-packages\torch\_dynamo\convert_frame.py:1125]     self.compile_and_call_fx_graph(tx, list(reversed(stack_values)), root)
W0905 07:40:05.451000 8916 envs\qwen3\Lib\site-packages\torch\_dynamo\convert_frame.py:1125]   File "E:\VoiceForge TTV Pipeine\v3\envs\qwen3\Lib\site-packages\torch\_dynamo\output_graph.py", line 1369, in compile_and_call_fx_graph
W0905 07:40:05.451000 8916 envs\qwen3\Lib\site-packages\torch\_dynamo\convert_frame.py:1125]     compiled_fn = self.call_user_compiler(gm)
W0905 07:40:05.451000 8916 envs\qwen3\Lib\site-packages\torch\_dynamo\convert_frame.py:1125]                   ^^^^^^^^^^^^^^^^^^^^^^^^^^^
W0905 07:40:05.451000 8916 envs\qwen3\Lib\site-packages\torch\_dynamo\convert_frame.py:1125]   File "E:\VoiceForge TTV Pipeine\v3\envs\qwen3\Lib\site-packages\torch\_dynamo\output_graph.py", line 1416, in call_user_compiler
W0905 07:40:05.451000 8916 envs\qwen3\Lib\site-packages\torch\_dynamo\convert_frame.py:1125]     return self._call_user_compiler(gm)
W0905 07:40:05.451000 8916 envs\qwen3\Lib\site-packages\torch\_dynamo\convert_frame.py:1125]            ^^^^^^^^^^^^^^^^^^^^^^^^^^^^
W0905 07:40:05.451000 8916 envs\qwen3\Lib\site-packages\torch\_dynamo\convert_frame.py:1125]   File "E:\VoiceForge TTV Pipeine\v3\envs\qwen3\Lib\site-packages\torch\_dynamo\output_graph.py", line 1465, in _call_user_compiler
W0905 07:40:05.451000 8916 envs\qwen3\Lib\site-packages\torch\_dynamo\convert_frame.py:1125]     raise BackendCompilerFailed(self.compiler_fn, e) from e
W0905 07:40:05.451000 8916 envs\qwen3\Lib\site-packages\torch\_dynamo\convert_frame.py:1125] torch._dynamo.exc.BackendCompilerFailed: backend='inductor' raised:
W0905 07:40:05.451000 8916 envs\qwen3\Lib\site-packages\torch\_dynamo\convert_frame.py:1125] RuntimeError: Compiler: cl is not found.
W0905 07:40:05.451000 8916 envs\qwen3\Lib\site-packages\torch\_dynamo\convert_frame.py:1125] 
W0905 07:40:05.451000 8916 envs\qwen3\Lib\site-packages\torch\_dynamo\convert_frame.py:1125] Set TORCH_LOGS="+dynamo" and TORCHDYNAMO_VERBOSE=1 for more information
W0905 07:40:05.451000 8916 envs\qwen3\Lib\site-packages\torch\_dynamo\convert_frame.py:1125] 
W0905 07:40:05.974000 8916 envs\qwen3\Lib\site-packages\torch\_dynamo\convert_frame.py:1125] WON'T CONVERT forward E:\VoiceForge TTV Pipeine\v3\envs\qwen3\Lib\site-packages\audioseal\libs\moshi\modules\streaming.py line 214 
W0905 07:40:05.974000 8916 envs\qwen3\Lib\site-packages\torch\_dynamo\convert_frame.py:1125] due to: 
W0905 07:40:05.974000 8916 envs\qwen3\Lib\site-packages\torch\_dynamo\convert_frame.py:1125] Traceback (most recent call last):
W0905 07:40:05.974000 8916 envs\qwen3\Lib\site-packages\torch\_dynamo\convert_frame.py:1125]   File "E:\VoiceForge TTV Pipeine\v3\envs\qwen3\Lib\site-packages\torch\_inductor\cpp_builder.py", line 130, in check_compiler_exist_windows
W0905 07:40:05.974000 8916 envs\qwen3\Lib\site-packages\torch\_dynamo\convert_frame.py:1125]     subprocess.check_output([compiler, "/help"], stderr=subprocess.STDOUT)
W0905 07:40:05.974000 8916 envs\qwen3\Lib\site-packages\torch\_dynamo\convert_frame.py:1125]   File "C:\Python312\Lib\subprocess.py", line 466, in check_output
W0905 07:40:05.974000 8916 envs\qwen3\Lib\site-packages\torch\_dynamo\convert_frame.py:1125]     return run(*popenargs, stdout=PIPE, timeout=timeout, check=True,
W0905 07:40:05.974000 8916 envs\qwen3\Lib\site-packages\torch\_dynamo\convert_frame.py:1125]            ^^^^^^^^^^^^^^^^^^^^^^^^^^^^^^^^^^^^^^^^^^^^^^^^^^^^^^^^^
W0905 07:40:05.974000 8916 envs\qwen3\Lib\site-packages\torch\_dynamo\convert_frame.py:1125]   File "C:\Python312\Lib\subprocess.py", line 548, in run
W0905 07:40:05.974000 8916 envs\qwen3\Lib\site-packages\torch\_dynamo\convert_frame.py:1125]     with Popen(*popenargs, **kwargs) as process:
W0905 07:40:05.974000 8916 envs\qwen3\Lib\site-packages\torch\_dynamo\convert_frame.py:1125]          ^^^^^^^^^^^^^^^^^^^^^^^^^^^
W0905 07:40:05.974000 8916 envs\qwen3\Lib\site-packages\torch\_dynamo\convert_frame.py:1125]   File "C:\Python312\Lib\subprocess.py", line 1026, in __init__
W0905 07:40:05.974000 8916 envs\qwen3\Lib\site-packages\torch\_dynamo\convert_frame.py:1125]     self._execute_child(args, executable, preexec_fn, close_fds,
W0905 07:40:05.974000 8916 envs\qwen3\Lib\site-packages\torch\_dynamo\convert_frame.py:1125]   File "C:\Python312\Lib\subprocess.py", line 1538, in _execute_child
W0905 07:40:05.974000 8916 envs\qwen3\Lib\site-packages\torch\_dynamo\convert_frame.py:1125]     hp, ht, pid, tid = _winapi.CreateProcess(executable, args,
W0905 07:40:05.974000 8916 envs\qwen3\Lib\site-packages\torch\_dynamo\convert_frame.py:1125]                        ^^^^^^^^^^^^^^^^^^^^^^^^^^^^^^^^^^^^^^^
W0905 07:40:05.974000 8916 envs\qwen3\Lib\site-packages\torch\_dynamo\convert_frame.py:1125] FileNotFoundError: [WinError 2] The system cannot find the file specified
W0905 07:40:05.974000 8916 envs\qwen3\Lib\site-packages\torch\_dynamo\convert_frame.py:1125] 
W0905 07:40:05.974000 8916 envs\qwen3\Lib\site-packages\torch\_dynamo\convert_frame.py:1125] The above exception was the direct cause of the following exception:
W0905 07:40:05.974000 8916 envs\qwen3\Lib\site-packages\torch\_dynamo\convert_frame.py:1125] 
W0905 07:40:05.974000 8916 envs\qwen3\Lib\site-packages\torch\_dynamo\convert_frame.py:1125] Traceback (most recent call last):
W0905 07:40:05.974000 8916 envs\qwen3\Lib\site-packages\torch\_dynamo\convert_frame.py:1125]   File "E:\VoiceForge TTV Pipeine\v3\envs\qwen3\Lib\site-packages\torch\_dynamo\output_graph.py", line 1446, in _call_user_compiler
W0905 07:40:05.974000 8916 envs\qwen3\Lib\site-packages\torch\_dynamo\convert_frame.py:1125]     compiled_fn = compiler_fn(gm, self.example_inputs())
W0905 07:40:05.974000 8916 envs\qwen3\Lib\site-packages\torch\_dynamo\convert_frame.py:1125]                   ^^^^^^^^^^^^^^^^^^^^^^^^^^^^^^^^^^^^^^
W0905 07:40:05.974000 8916 envs\qwen3\Lib\site-packages\torch\_dynamo\convert_frame.py:1125]   File "E:\VoiceForge TTV Pipeine\v3\envs\qwen3\Lib\site-packages\torch\_dynamo\repro\after_dynamo.py", line 129, in __call__
W0905 07:40:05.974000 8916 envs\qwen3\Lib\site-packages\torch\_dynamo\convert_frame.py:1125]     compiled_gm = compiler_fn(gm, example_inputs)
W0905 07:40:05.974000 8916 envs\qwen3\Lib\site-packages\torch\_dynamo\convert_frame.py:1125]                   ^^^^^^^^^^^^^^^^^^^^^^^^^^^^^^^
W0905 07:40:05.974000 8916 envs\qwen3\Lib\site-packages\torch\_dynamo\convert_frame.py:1125]   File "E:\VoiceForge TTV Pipeine\v3\envs\qwen3\Lib\site-packages\torch\__init__.py", line 2234, in __call__
W0905 07:40:05.974000 8916 envs\qwen3\Lib\site-packages\torch\_dynamo\convert_frame.py:1125]     return compile_fx(model_, inputs_, config_patches=self.config)
W0905 07:40:05.974000 8916 envs\qwen3\Lib\site-packages\torch\_dynamo\convert_frame.py:1125]            ^^^^^^^^^^^^^^^^^^^^^^^^^^^^^^^^^^^^^^^^^^^^^^^^^^^^^^^
W0905 07:40:05.974000 8916 envs\qwen3\Lib\site-packages\torch\_dynamo\convert_frame.py:1125]   File "E:\VoiceForge TTV Pipeine\v3\envs\qwen3\Lib\site-packages\torch\_inductor\compile_fx.py", line 1521, in compile_fx
W0905 07:40:05.974000 8916 envs\qwen3\Lib\site-packages\torch\_dynamo\convert_frame.py:1125]     return aot_autograd(
W0905 07:40:05.974000 8916 envs\qwen3\Lib\site-packages\torch\_dynamo\convert_frame.py:1125]            ^^^^^^^^^^^^^
W0905 07:40:05.974000 8916 envs\qwen3\Lib\site-packages\torch\_dynamo\convert_frame.py:1125]   File "E:\VoiceForge TTV Pipeine\v3\envs\qwen3\Lib\site-packages\torch\_dynamo\backends\common.py", line 72, in __call__
W0905 07:40:05.974000 8916 envs\qwen3\Lib\site-packages\torch\_dynamo\convert_frame.py:1125]     cg = aot_module_simplified(gm, example_inputs, **self.kwargs)
W0905 07:40:05.974000 8916 envs\qwen3\Lib\site-packages\torch\_dynamo\convert_frame.py:1125]          ^^^^^^^^^^^^^^^^^^^^^^^^^^^^^^^^^^^^^^^^^^^^^^^^^^^^^^^^
W0905 07:40:05.974000 8916 envs\qwen3\Lib\site-packages\torch\_dynamo\convert_frame.py:1125]   File "E:\VoiceForge TTV Pipeine\v3\envs\qwen3\Lib\site-packages\torch\_functorch\aot_autograd.py", line 1071, in aot_module_simplified
W0905 07:40:05.974000 8916 envs\qwen3\Lib\site-packages\torch\_dynamo\convert_frame.py:1125]     compiled_fn = dispatch_and_compile()
W0905 07:40:05.974000 8916 envs\qwen3\Lib\site-packages\torch\_dynamo\convert_frame.py:1125]                   ^^^^^^^^^^^^^^^^^^^^^^
W0905 07:40:05.974000 8916 envs\qwen3\Lib\site-packages\torch\_dynamo\convert_frame.py:1125]   File "E:\VoiceForge TTV Pipeine\v3\envs\qwen3\Lib\site-packages\torch\_functorch\aot_autograd.py", line 1056, in dispatch_and_compile
W0905 07:40:05.974000 8916 envs\qwen3\Lib\site-packages\torch\_dynamo\convert_frame.py:1125]     compiled_fn, _ = create_aot_dispatcher_function(
W0905 07:40:05.974000 8916 envs\qwen3\Lib\site-packages\torch\_dynamo\convert_frame.py:1125]                      ^^^^^^^^^^^^^^^^^^^^^^^^^^^^^^^
W0905 07:40:05.974000 8916 envs\qwen3\Lib\site-packages\torch\_dynamo\convert_frame.py:1125]   File "E:\VoiceForge TTV Pipeine\v3\envs\qwen3\Lib\site-packages\torch\_functorch\aot_autograd.py", line 522, in create_aot_dispatcher_function
W0905 07:40:05.974000 8916 envs\qwen3\Lib\site-packages\torch\_dynamo\convert_frame.py:1125]     return _create_aot_dispatcher_function(
W0905 07:40:05.974000 8916 envs\qwen3\Lib\site-packages\torch\_dynamo\convert_frame.py:1125]            ^^^^^^^^^^^^^^^^^^^^^^^^^^^^^^^^
W0905 07:40:05.974000 8916 envs\qwen3\Lib\site-packages\torch\_dynamo\convert_frame.py:1125]   File "E:\VoiceForge TTV Pipeine\v3\envs\qwen3\Lib\site-packages\torch\_functorch\aot_autograd.py", line 759, in _create_aot_dispatcher_function
W0905 07:40:05.974000 8916 envs\qwen3\Lib\site-packages\torch\_dynamo\convert_frame.py:1125]     compiled_fn, fw_metadata = compiler_fn(
W0905 07:40:05.974000 8916 envs\qwen3\Lib\site-packages\torch\_dynamo\convert_frame.py:1125]                                ^^^^^^^^^^^^
W0905 07:40:05.974000 8916 envs\qwen3\Lib\site-packages\torch\_dynamo\convert_frame.py:1125]   File "E:\VoiceForge TTV Pipeine\v3\envs\qwen3\Lib\site-packages\torch\_functorch\_aot_autograd\jit_compile_runtime_wrappers.py", line 179, in aot_dispatch_base
W0905 07:40:05.974000 8916 envs\qwen3\Lib\site-packages\torch\_dynamo\convert_frame.py:1125]     compiled_fw = compiler(fw_module, updated_flat_args)
W0905 07:40:05.974000 8916 envs\qwen3\Lib\site-packages\torch\_dynamo\convert_frame.py:1125]                   ^^^^^^^^^^^^^^^^^^^^^^^^^^^^^^^^^^^^^^
W0905 07:40:05.974000 8916 envs\qwen3\Lib\site-packages\torch\_dynamo\convert_frame.py:1125]   File "E:\VoiceForge TTV Pipeine\v3\envs\qwen3\Lib\site-packages\torch\_inductor\compile_fx.py", line 1350, in fw_compiler_base
W0905 07:40:05.974000 8916 envs\qwen3\Lib\site-packages\torch\_dynamo\convert_frame.py:1125]     return _fw_compiler_base(model, example_inputs, is_inference)
W0905 07:40:05.974000 8916 envs\qwen3\Lib\site-packages\torch\_dynamo\convert_frame.py:1125]            ^^^^^^^^^^^^^^^^^^^^^^^^^^^^^^^^^^^^^^^^^^^^^^^^^^^^^^
W0905 07:40:05.974000 8916 envs\qwen3\Lib\site-packages\torch\_dynamo\convert_frame.py:1125]   File "E:\VoiceForge TTV Pipeine\v3\envs\qwen3\Lib\site-packages\torch\_inductor\compile_fx.py", line 1421, in _fw_compiler_base
W0905 07:40:05.974000 8916 envs\qwen3\Lib\site-packages\torch\_dynamo\convert_frame.py:1125]     return inner_compile(
W0905 07:40:05.974000 8916 envs\qwen3\Lib\site-packages\torch\_dynamo\convert_frame.py:1125]            ^^^^^^^^^^^^^^
W0905 07:40:05.974000 8916 envs\qwen3\Lib\site-packages\torch\_dynamo\convert_frame.py:1125]   File "E:\VoiceForge TTV Pipeine\v3\envs\qwen3\Lib\site-packages\torch\_inductor\compile_fx.py", line 475, in compile_fx_inner
W0905 07:40:05.974000 8916 envs\qwen3\Lib\site-packages\torch\_dynamo\convert_frame.py:1125]     return wrap_compiler_debug(_compile_fx_inner, compiler_name="inductor")(
W0905 07:40:05.974000 8916 envs\qwen3\Lib\site-packages\torch\_dynamo\convert_frame.py:1125]            ^^^^^^^^^^^^^^^^^^^^^^^^^^^^^^^^^^^^^^^^^^^^^^^^^^^^^^^^^^^^^^^^^
W0905 07:40:05.974000 8916 envs\qwen3\Lib\site-packages\torch\_dynamo\convert_frame.py:1125]   File "E:\VoiceForge TTV Pipeine\v3\envs\qwen3\Lib\site-packages\torch\_dynamo\repro\after_aot.py", line 85, in debug_wrapper
W0905 07:40:05.974000 8916 envs\qwen3\Lib\site-packages\torch\_dynamo\convert_frame.py:1125]     inner_compiled_fn = compiler_fn(gm, example_inputs)
W0905 07:40:05.974000 8916 envs\qwen3\Lib\site-packages\torch\_dynamo\convert_frame.py:1125]                         ^^^^^^^^^^^^^^^^^^^^^^^^^^^^^^^
W0905 07:40:05.974000 8916 envs\qwen3\Lib\site-packages\torch\_dynamo\convert_frame.py:1125]   File "E:\VoiceForge TTV Pipeine\v3\envs\qwen3\Lib\site-packages\torch\_inductor\compile_fx.py", line 661, in _compile_fx_inner
W0905 07:40:05.974000 8916 envs\qwen3\Lib\site-packages\torch\_dynamo\convert_frame.py:1125]     compiled_graph = FxGraphCache.load(
W0905 07:40:05.974000 8916 envs\qwen3\Lib\site-packages\torch\_dynamo\convert_frame.py:1125]                      ^^^^^^^^^^^^^^^^^^
W0905 07:40:05.974000 8916 envs\qwen3\Lib\site-packages\torch\_dynamo\convert_frame.py:1125]   File "E:\VoiceForge TTV Pipeine\v3\envs\qwen3\Lib\site-packages\torch\_inductor\codecache.py", line 1334, in load
W0905 07:40:05.974000 8916 envs\qwen3\Lib\site-packages\torch\_dynamo\convert_frame.py:1125]     compiled_graph = compile_fx_fn(
W0905 07:40:05.974000 8916 envs\qwen3\Lib\site-packages\torch\_dynamo\convert_frame.py:1125]                      ^^^^^^^^^^^^^^
W0905 07:40:05.974000 8916 envs\qwen3\Lib\site-packages\torch\_dynamo\convert_frame.py:1125]   File "E:\VoiceForge TTV Pipeine\v3\envs\qwen3\Lib\site-packages\torch\_inductor\compile_fx.py", line 570, in codegen_and_compile
W0905 07:40:05.974000 8916 envs\qwen3\Lib\site-packages\torch\_dynamo\convert_frame.py:1125]     compiled_graph = fx_codegen_and_compile(gm, example_inputs, **fx_kwargs)
W0905 07:40:05.974000 8916 envs\qwen3\Lib\site-packages\torch\_dynamo\convert_frame.py:1125]                      ^^^^^^^^^^^^^^^^^^^^^^^^^^^^^^^^^^^^^^^^^^^^^^^^^^^^^^^
W0905 07:40:05.974000 8916 envs\qwen3\Lib\site-packages\torch\_dynamo\convert_frame.py:1125]   File "E:\VoiceForge TTV Pipeine\v3\envs\qwen3\Lib\site-packages\torch\_inductor\compile_fx.py", line 878, in fx_codegen_and_compile
W0905 07:40:05.974000 8916 envs\qwen3\Lib\site-packages\torch\_dynamo\convert_frame.py:1125]     compiled_fn = graph.compile_to_fn()
W0905 07:40:05.974000 8916 envs\qwen3\Lib\site-packages\torch\_dynamo\convert_frame.py:1125]                   ^^^^^^^^^^^^^^^^^^^^^
W0905 07:40:05.974000 8916 envs\qwen3\Lib\site-packages\torch\_dynamo\convert_frame.py:1125]   File "E:\VoiceForge TTV Pipeine\v3\envs\qwen3\Lib\site-packages\torch\_inductor\graph.py", line 1913, in compile_to_fn
W0905 07:40:05.974000 8916 envs\qwen3\Lib\site-packages\torch\_dynamo\convert_frame.py:1125]     return self.compile_to_module().call
W0905 07:40:05.974000 8916 envs\qwen3\Lib\site-packages\torch\_dynamo\convert_frame.py:1125]            ^^^^^^^^^^^^^^^^^^^^^^^^
W0905 07:40:05.974000 8916 envs\qwen3\Lib\site-packages\torch\_dynamo\convert_frame.py:1125]   File "E:\VoiceForge TTV Pipeine\v3\envs\qwen3\Lib\site-packages\torch\_inductor\graph.py", line 1839, in compile_to_module
W0905 07:40:05.974000 8916 envs\qwen3\Lib\site-packages\torch\_dynamo\convert_frame.py:1125]     return self._compile_to_module()
W0905 07:40:05.974000 8916 envs\qwen3\Lib\site-packages\torch\_dynamo\convert_frame.py:1125]            ^^^^^^^^^^^^^^^^^^^^^^^^^
W0905 07:40:05.974000 8916 envs\qwen3\Lib\site-packages\torch\_dynamo\convert_frame.py:1125]   File "E:\VoiceForge TTV Pipeine\v3\envs\qwen3\Lib\site-packages\torch\_inductor\graph.py", line 1845, in _compile_to_module
W0905 07:40:05.974000 8916 envs\qwen3\Lib\site-packages\torch\_dynamo\convert_frame.py:1125]     self.codegen_with_cpp_wrapper() if self.cpp_wrapper else self.codegen()
W0905 07:40:05.974000 8916 envs\qwen3\Lib\site-packages\torch\_dynamo\convert_frame.py:1125]                                                              ^^^^^^^^^^^^^^
W0905 07:40:05.974000 8916 envs\qwen3\Lib\site-packages\torch\_dynamo\convert_frame.py:1125]   File "E:\VoiceForge TTV Pipeine\v3\envs\qwen3\Lib\site-packages\torch\_inductor\graph.py", line 1784, in codegen
W0905 07:40:05.974000 8916 envs\qwen3\Lib\site-packages\torch\_dynamo\convert_frame.py:1125]     self.scheduler.codegen()
W0905 07:40:05.974000 8916 envs\qwen3\Lib\site-packages\torch\_dynamo\convert_frame.py:1125]   File "E:\VoiceForge TTV Pipeine\v3\envs\qwen3\Lib\site-packages\torch\_inductor\scheduler.py", line 3383, in codegen
W0905 07:40:05.974000 8916 envs\qwen3\Lib\site-packages\torch\_dynamo\convert_frame.py:1125]     return self._codegen()
W0905 07:40:05.974000 8916 envs\qwen3\Lib\site-packages\torch\_dynamo\convert_frame.py:1125]            ^^^^^^^^^^^^^^^
W0905 07:40:05.974000 8916 envs\qwen3\Lib\site-packages\torch\_dynamo\convert_frame.py:1125]   File "E:\VoiceForge TTV Pipeine\v3\envs\qwen3\Lib\site-packages\torch\_inductor\scheduler.py", line 3461, in _codegen
W0905 07:40:05.974000 8916 envs\qwen3\Lib\site-packages\torch\_dynamo\convert_frame.py:1125]     self.get_backend(device).codegen_node(node)
W0905 07:40:05.974000 8916 envs\qwen3\Lib\site-packages\torch\_dynamo\convert_frame.py:1125]   File "E:\VoiceForge TTV Pipeine\v3\envs\qwen3\Lib\site-packages\torch\_inductor\codegen\cpp.py", line 4468, in codegen_node
W0905 07:40:05.974000 8916 envs\qwen3\Lib\site-packages\torch\_dynamo\convert_frame.py:1125]     cpp_kernel_proxy = CppKernelProxy(kernel_group)
W0905 07:40:05.974000 8916 envs\qwen3\Lib\site-packages\torch\_dynamo\convert_frame.py:1125]                        ^^^^^^^^^^^^^^^^^^^^^^^^^^^^
W0905 07:40:05.974000 8916 envs\qwen3\Lib\site-packages\torch\_dynamo\convert_frame.py:1125]   File "E:\VoiceForge TTV Pipeine\v3\envs\qwen3\Lib\site-packages\torch\_inductor\codegen\cpp.py", line 3466, in __init__
W0905 07:40:05.974000 8916 envs\qwen3\Lib\site-packages\torch\_dynamo\convert_frame.py:1125]     self.picked_vec_isa: cpu_vec_isa.VecISA = cpu_vec_isa.pick_vec_isa()
W0905 07:40:05.974000 8916 envs\qwen3\Lib\site-packages\torch\_dynamo\convert_frame.py:1125]                                               ^^^^^^^^^^^^^^^^^^^^^^^^^^
W0905 07:40:05.974000 8916 envs\qwen3\Lib\site-packages\torch\_dynamo\convert_frame.py:1125]   File "E:\VoiceForge TTV Pipeine\v3\envs\qwen3\Lib\site-packages\torch\_inductor\cpu_vec_isa.py", line 360, in pick_vec_isa
W0905 07:40:05.974000 8916 envs\qwen3\Lib\site-packages\torch\_dynamo\convert_frame.py:1125]     _valid_vec_isa_list: List[VecISA] = valid_vec_isa_list()
W0905 07:40:05.974000 8916 envs\qwen3\Lib\site-packages\torch\_dynamo\convert_frame.py:1125]                                         ^^^^^^^^^^^^^^^^^^^^
W0905 07:40:05.974000 8916 envs\qwen3\Lib\site-packages\torch\_dynamo\convert_frame.py:1125]   File "E:\VoiceForge TTV Pipeine\v3\envs\qwen3\Lib\site-packages\torch\_inductor\cpu_vec_isa.py", line 350, in valid_vec_isa_list
W0905 07:40:05.974000 8916 envs\qwen3\Lib\site-packages\torch\_dynamo\convert_frame.py:1125]     if all(flag in _cpu_supported_x86_isa for flag in str(isa).split()) and isa:
W0905 07:40:05.974000 8916 envs\qwen3\Lib\site-packages\torch\_dynamo\convert_frame.py:1125]                                                                             ^^^
W0905 07:40:05.974000 8916 envs\qwen3\Lib\site-packages\torch\_dynamo\convert_frame.py:1125]   File "E:\VoiceForge TTV Pipeine\v3\envs\qwen3\Lib\site-packages\torch\_inductor\cpu_vec_isa.py", line 148, in __bool__
W0905 07:40:05.974000 8916 envs\qwen3\Lib\site-packages\torch\_dynamo\convert_frame.py:1125]     return self.check_build(VecISA._avx_code)
W0905 07:40:05.974000 8916 envs\qwen3\Lib\site-packages\torch\_dynamo\convert_frame.py:1125]            ^^^^^^^^^^^^^^^^^^^^^^^^^^^^^^^^^^
W0905 07:40:05.974000 8916 envs\qwen3\Lib\site-packages\torch\_dynamo\convert_frame.py:1125]   File "E:\VoiceForge TTV Pipeine\v3\envs\qwen3\Lib\site-packages\torch\_inductor\cpu_vec_isa.py", line 101, in check_build
W0905 07:40:05.974000 8916 envs\qwen3\Lib\site-packages\torch\_dynamo\convert_frame.py:1125]     extra=_get_isa_dry_compile_fingerprint(self._arch_flags),
W0905 07:40:05.974000 8916 envs\qwen3\Lib\site-packages\torch\_dynamo\convert_frame.py:1125]           ^^^^^^^^^^^^^^^^^^^^^^^^^^^^^^^^^^^^^^^^^^^^^^^^^^
W0905 07:40:05.974000 8916 envs\qwen3\Lib\site-packages\torch\_dynamo\convert_frame.py:1125]   File "E:\VoiceForge TTV Pipeine\v3\envs\qwen3\Lib\site-packages\torch\_inductor\cpu_vec_isa.py", line 27, in _get_isa_dry_compile_fingerprint
W0905 07:40:05.974000 8916 envs\qwen3\Lib\site-packages\torch\_dynamo\convert_frame.py:1125]     compiler_info = get_compiler_version_info(get_cpp_compiler())
W0905 07:40:05.974000 8916 envs\qwen3\Lib\site-packages\torch\_dynamo\convert_frame.py:1125]                                               ^^^^^^^^^^^^^^^^^^
W0905 07:40:05.974000 8916 envs\qwen3\Lib\site-packages\torch\_dynamo\convert_frame.py:1125]   File "E:\VoiceForge TTV Pipeine\v3\envs\qwen3\Lib\site-packages\torch\_inductor\cpp_builder.py", line 144, in get_cpp_compiler
W0905 07:40:05.974000 8916 envs\qwen3\Lib\site-packages\torch\_dynamo\convert_frame.py:1125]     check_compiler_exist_windows(compiler)
W0905 07:40:05.974000 8916 envs\qwen3\Lib\site-packages\torch\_dynamo\convert_frame.py:1125]   File "E:\VoiceForge TTV Pipeine\v3\envs\qwen3\Lib\site-packages\torch\_inductor\cpp_builder.py", line 135, in check_compiler_exist_windows
W0905 07:40:05.974000 8916 envs\qwen3\Lib\site-packages\torch\_dynamo\convert_frame.py:1125]     raise RuntimeError(f"Compiler: {compiler} is not found.") from exc
W0905 07:40:05.974000 8916 envs\qwen3\Lib\site-packages\torch\_dynamo\convert_frame.py:1125] RuntimeError: Compiler: cl is not found.
W0905 07:40:05.974000 8916 envs\qwen3\Lib\site-packages\torch\_dynamo\convert_frame.py:1125] 
W0905 07:40:05.974000 8916 envs\qwen3\Lib\site-packages\torch\_dynamo\convert_frame.py:1125] The above exception was the direct cause of the following exception:
W0905 07:40:05.974000 8916 envs\qwen3\Lib\site-packages\torch\_dynamo\convert_frame.py:1125] 
W0905 07:40:05.974000 8916 envs\qwen3\Lib\site-packages\torch\_dynamo\convert_frame.py:1125] Traceback (most recent call last):
W0905 07:40:05.974000 8916 envs\qwen3\Lib\site-packages\torch\_dynamo\convert_frame.py:1125]   File "E:\VoiceForge TTV Pipeine\v3\envs\qwen3\Lib\site-packages\torch\_dynamo\convert_frame.py", line 1064, in __call__
W0905 07:40:05.974000 8916 envs\qwen3\Lib\site-packages\torch\_dynamo\convert_frame.py:1125]     result = self._inner_convert(
W0905 07:40:05.974000 8916 envs\qwen3\Lib\site-packages\torch\_dynamo\convert_frame.py:1125]              ^^^^^^^^^^^^^^^^^^^^
W0905 07:40:05.974000 8916 envs\qwen3\Lib\site-packages\torch\_dynamo\convert_frame.py:1125]   File "E:\VoiceForge TTV Pipeine\v3\envs\qwen3\Lib\site-packages\torch\_dynamo\convert_frame.py", line 526, in __call__
W0905 07:40:05.974000 8916 envs\qwen3\Lib\site-packages\torch\_dynamo\convert_frame.py:1125]     return _compile(
W0905 07:40:05.974000 8916 envs\qwen3\Lib\site-packages\torch\_dynamo\convert_frame.py:1125]            ^^^^^^^^^
W0905 07:40:05.974000 8916 envs\qwen3\Lib\site-packages\torch\_dynamo\convert_frame.py:1125]   File "E:\VoiceForge TTV Pipeine\v3\envs\qwen3\Lib\site-packages\torch\_dynamo\convert_frame.py", line 924, in _compile
W0905 07:40:05.974000 8916 envs\qwen3\Lib\site-packages\torch\_dynamo\convert_frame.py:1125]     guarded_code = compile_inner(code, one_graph, hooks, transform)
W0905 07:40:05.974000 8916 envs\qwen3\Lib\site-packages\torch\_dynamo\convert_frame.py:1125]                    ^^^^^^^^^^^^^^^^^^^^^^^^^^^^^^^^^^^^^^^^^^^^^^^^
W0905 07:40:05.974000 8916 envs\qwen3\Lib\site-packages\torch\_dynamo\convert_frame.py:1125]   File "E:\VoiceForge TTV Pipeine\v3\envs\qwen3\Lib\site-packages\torch\_dynamo\convert_frame.py", line 666, in compile_inner
W0905 07:40:05.974000 8916 envs\qwen3\Lib\site-packages\torch\_dynamo\convert_frame.py:1125]     return _compile_inner(code, one_graph, hooks, transform)
W0905 07:40:05.974000 8916 envs\qwen3\Lib\site-packages\torch\_dynamo\convert_frame.py:1125]            ^^^^^^^^^^^^^^^^^^^^^^^^^^^^^^^^^^^^^^^^^^^^^^^^^
W0905 07:40:05.974000 8916 envs\qwen3\Lib\site-packages\torch\_dynamo\convert_frame.py:1125]   File "E:\VoiceForge TTV Pipeine\v3\envs\qwen3\Lib\site-packages\torch\_utils_internal.py", line 87, in wrapper_function
W0905 07:40:05.974000 8916 envs\qwen3\Lib\site-packages\torch\_dynamo\convert_frame.py:1125]     return function(*args, **kwargs)
W0905 07:40:05.974000 8916 envs\qwen3\Lib\site-packages\torch\_dynamo\convert_frame.py:1125]            ^^^^^^^^^^^^^^^^^^^^^^^^^
W0905 07:40:05.974000 8916 envs\qwen3\Lib\site-packages\torch\_dynamo\convert_frame.py:1125]   File "E:\VoiceForge TTV Pipeine\v3\envs\qwen3\Lib\site-packages\torch\_dynamo\convert_frame.py", line 699, in _compile_inner
W0905 07:40:05.974000 8916 envs\qwen3\Lib\site-packages\torch\_dynamo\convert_frame.py:1125]     out_code = transform_code_object(code, transform)
W0905 07:40:05.974000 8916 envs\qwen3\Lib\site-packages\torch\_dynamo\convert_frame.py:1125]                ^^^^^^^^^^^^^^^^^^^^^^^^^^^^^^^^^^^^^^
W0905 07:40:05.974000 8916 envs\qwen3\Lib\site-packages\torch\_dynamo\convert_frame.py:1125]   File "E:\VoiceForge TTV Pipeine\v3\envs\qwen3\Lib\site-packages\torch\_dynamo\bytecode_transformation.py", line 1322, in transform_code_object
W0905 07:40:05.974000 8916 envs\qwen3\Lib\site-packages\torch\_dynamo\convert_frame.py:1125]     transformations(instructions, code_options)
W0905 07:40:05.974000 8916 envs\qwen3\Lib\site-packages\torch\_dynamo\convert_frame.py:1125]   File "E:\VoiceForge TTV Pipeine\v3\envs\qwen3\Lib\site-packages\torch\_dynamo\convert_frame.py", line 219, in _fn
W0905 07:40:05.974000 8916 envs\qwen3\Lib\site-packages\torch\_dynamo\convert_frame.py:1125]     return fn(*args, **kwargs)
W0905 07:40:05.974000 8916 envs\qwen3\Lib\site-packages\torch\_dynamo\convert_frame.py:1125]            ^^^^^^^^^^^^^^^^^^^
W0905 07:40:05.974000 8916 envs\qwen3\Lib\site-packages\torch\_dynamo\convert_frame.py:1125]   File "E:\VoiceForge TTV Pipeine\v3\envs\qwen3\Lib\site-packages\torch\_dynamo\convert_frame.py", line 634, in transform
W0905 07:40:05.974000 8916 envs\qwen3\Lib\site-packages\torch\_dynamo\convert_frame.py:1125]     tracer.run()
W0905 07:40:05.974000 8916 envs\qwen3\Lib\site-packages\torch\_dynamo\convert_frame.py:1125]   File "E:\VoiceForge TTV Pipeine\v3\envs\qwen3\Lib\site-packages\torch\_dynamo\symbolic_convert.py", line 2796, in run
W0905 07:40:05.974000 8916 envs\qwen3\Lib\site-packages\torch\_dynamo\convert_frame.py:1125]     super().run()
W0905 07:40:05.974000 8916 envs\qwen3\Lib\site-packages\torch\_dynamo\convert_frame.py:1125]   File "E:\VoiceForge TTV Pipeine\v3\envs\qwen3\Lib\site-packages\torch\_dynamo\symbolic_convert.py", line 983, in run
W0905 07:40:05.974000 8916 envs\qwen3\Lib\site-packages\torch\_dynamo\convert_frame.py:1125]     while self.step():
W0905 07:40:05.974000 8916 envs\qwen3\Lib\site-packages\torch\_dynamo\convert_frame.py:1125]           ^^^^^^^^^^^
W0905 07:40:05.974000 8916 envs\qwen3\Lib\site-packages\torch\_dynamo\convert_frame.py:1125]   File "E:\VoiceForge TTV Pipeine\v3\envs\qwen3\Lib\site-packages\torch\_dynamo\symbolic_convert.py", line 895, in step
W0905 07:40:05.974000 8916 envs\qwen3\Lib\site-packages\torch\_dynamo\convert_frame.py:1125]     self.dispatch_table[inst.opcode](self, inst)
W0905 07:40:05.974000 8916 envs\qwen3\Lib\site-packages\torch\_dynamo\convert_frame.py:1125]   File "E:\VoiceForge TTV Pipeine\v3\envs\qwen3\Lib\site-packages\torch\_dynamo\symbolic_convert.py", line 2987, in RETURN_VALUE
W0905 07:40:05.974000 8916 envs\qwen3\Lib\site-packages\torch\_dynamo\convert_frame.py:1125]     self._return(inst)
W0905 07:40:05.974000 8916 envs\qwen3\Lib\site-packages\torch\_dynamo\convert_frame.py:1125]   File "E:\VoiceForge TTV Pipeine\v3\envs\qwen3\Lib\site-packages\torch\_dynamo\symbolic_convert.py", line 2972, in _return
W0905 07:40:05.974000 8916 envs\qwen3\Lib\site-packages\torch\_dynamo\convert_frame.py:1125]     self.output.compile_subgraph(
W0905 07:40:05.974000 8916 envs\qwen3\Lib\site-packages\torch\_dynamo\convert_frame.py:1125]   File "E:\VoiceForge TTV Pipeine\v3\envs\qwen3\Lib\site-packages\torch\_dynamo\output_graph.py", line 1117, in compile_subgraph
W0905 07:40:05.974000 8916 envs\qwen3\Lib\site-packages\torch\_dynamo\convert_frame.py:1125]     self.compile_and_call_fx_graph(tx, list(reversed(stack_values)), root)
W0905 07:40:05.974000 8916 envs\qwen3\Lib\site-packages\torch\_dynamo\convert_frame.py:1125]   File "E:\VoiceForge TTV Pipeine\v3\envs\qwen3\Lib\site-packages\torch\_dynamo\output_graph.py", line 1369, in compile_and_call_fx_graph
W0905 07:40:05.974000 8916 envs\qwen3\Lib\site-packages\torch\_dynamo\convert_frame.py:1125]     compiled_fn = self.call_user_compiler(gm)
W0905 07:40:05.974000 8916 envs\qwen3\Lib\site-packages\torch\_dynamo\convert_frame.py:1125]                   ^^^^^^^^^^^^^^^^^^^^^^^^^^^
W0905 07:40:05.974000 8916 envs\qwen3\Lib\site-packages\torch\_dynamo\convert_frame.py:1125]   File "E:\VoiceForge TTV Pipeine\v3\envs\qwen3\Lib\site-packages\torch\_dynamo\output_graph.py", line 1416, in call_user_compiler
W0905 07:40:05.974000 8916 envs\qwen3\Lib\site-packages\torch\_dynamo\convert_frame.py:1125]     return self._call_user_compiler(gm)
W0905 07:40:05.974000 8916 envs\qwen3\Lib\site-packages\torch\_dynamo\convert_frame.py:1125]            ^^^^^^^^^^^^^^^^^^^^^^^^^^^^
W0905 07:40:05.974000 8916 envs\qwen3\Lib\site-packages\torch\_dynamo\convert_frame.py:1125]   File "E:\VoiceForge TTV Pipeine\v3\envs\qwen3\Lib\site-packages\torch\_dynamo\output_graph.py", line 1465, in _call_user_compiler
W0905 07:40:05.974000 8916 envs\qwen3\Lib\site-packages\torch\_dynamo\convert_frame.py:1125]     raise BackendCompilerFailed(self.compiler_fn, e) from e
W0905 07:40:05.974000 8916 envs\qwen3\Lib\site-packages\torch\_dynamo\convert_frame.py:1125] torch._dynamo.exc.BackendCompilerFailed: backend='inductor' raised:
W0905 07:40:05.974000 8916 envs\qwen3\Lib\site-packages\torch\_dynamo\convert_frame.py:1125] RuntimeError: Compiler: cl is not found.
W0905 07:40:05.974000 8916 envs\qwen3\Lib\site-packages\torch\_dynamo\convert_frame.py:1125] 
W0905 07:40:05.974000 8916 envs\qwen3\Lib\site-packages\torch\_dynamo\convert_frame.py:1125] Set TORCH_LOGS="+dynamo" and TORCHDYNAMO_VERBOSE=1 for more information
W0905 07:40:05.974000 8916 envs\qwen3\Lib\site-packages\torch\_dynamo\convert_frame.py:1125] 
W0905 07:40:05.974000 8916 envs\qwen3\Lib\site-packages\torch\_dynamo\convert_frame.py:1125] Traceback (most recent call last):
W0905 07:40:05.974000 8916 envs\qwen3\Lib\site-packages\torch\_dynamo\convert_frame.py:1125]   File "E:\VoiceForge TTV Pipeine\v3\envs\qwen3\Lib\site-packages\torch\_inductor\cpp_builder.py", line 130, in check_compiler_exist_windows
W0905 07:40:05.974000 8916 envs\qwen3\Lib\site-packages\torch\_dynamo\convert_frame.py:1125]     subprocess.check_output([compiler, "/help"], stderr=subprocess.STDOUT)
W0905 07:40:05.974000 8916 envs\qwen3\Lib\site-packages\torch\_dynamo\convert_frame.py:1125]   File "C:\Python312\Lib\subprocess.py", line 466, in check_output
W0905 07:40:05.974000 8916 envs\qwen3\Lib\site-packages\torch\_dynamo\convert_frame.py:1125]     return run(*popenargs, stdout=PIPE, timeout=timeout, check=True,
W0905 07:40:05.974000 8916 envs\qwen3\Lib\site-packages\torch\_dynamo\convert_frame.py:1125]            ^^^^^^^^^^^^^^^^^^^^^^^^^^^^^^^^^^^^^^^^^^^^^^^^^^^^^^^^^
W0905 07:40:05.974000 8916 envs\qwen3\Lib\site-packages\torch\_dynamo\convert_frame.py:1125]   File "C:\Python312\Lib\subprocess.py", line 548, in run
W0905 07:40:05.974000 8916 envs\qwen3\Lib\site-packages\torch\_dynamo\convert_frame.py:1125]     with Popen(*popenargs, **kwargs) as process:
W0905 07:40:05.974000 8916 envs\qwen3\Lib\site-packages\torch\_dynamo\convert_frame.py:1125]          ^^^^^^^^^^^^^^^^^^^^^^^^^^^
W0905 07:40:05.974000 8916 envs\qwen3\Lib\site-packages\torch\_dynamo\convert_frame.py:1125]   File "C:\Python312\Lib\subprocess.py", line 1026, in __init__
W0905 07:40:05.974000 8916 envs\qwen3\Lib\site-packages\torch\_dynamo\convert_frame.py:1125]     self._execute_child(args, executable, preexec_fn, close_fds,
W0905 07:40:05.974000 8916 envs\qwen3\Lib\site-packages\torch\_dynamo\convert_frame.py:1125]   File "C:\Python312\Lib\subprocess.py", line 1538, in _execute_child
W0905 07:40:05.974000 8916 envs\qwen3\Lib\site-packages\torch\_dynamo\convert_frame.py:1125]     hp, ht, pid, tid = _winapi.CreateProcess(executable, args,
W0905 07:40:05.974000 8916 envs\qwen3\Lib\site-packages\torch\_dynamo\convert_frame.py:1125]                        ^^^^^^^^^^^^^^^^^^^^^^^^^^^^^^^^^^^^^^^
W0905 07:40:05.974000 8916 envs\qwen3\Lib\site-packages\torch\_dynamo\convert_frame.py:1125] FileNotFoundError: [WinError 2] The system cannot find the file specified
W0905 07:40:05.974000 8916 envs\qwen3\Lib\site-packages\torch\_dynamo\convert_frame.py:1125] 
W0905 07:40:05.974000 8916 envs\qwen3\Lib\site-packages\torch\_dynamo\convert_frame.py:1125] The above exception was the direct cause of the following exception:
W0905 07:40:05.974000 8916 envs\qwen3\Lib\site-packages\torch\_dynamo\convert_frame.py:1125] 
W0905 07:40:05.974000 8916 envs\qwen3\Lib\site-packages\torch\_dynamo\convert_frame.py:1125] Traceback (most recent call last):
W0905 07:40:05.974000 8916 envs\qwen3\Lib\site-packages\torch\_dynamo\convert_frame.py:1125]   File "E:\VoiceForge TTV Pipeine\v3\envs\qwen3\Lib\site-packages\torch\_dynamo\output_graph.py", line 1446, in _call_user_compiler
W0905 07:40:05.974000 8916 envs\qwen3\Lib\site-packages\torch\_dynamo\convert_frame.py:1125]     compiled_fn = compiler_fn(gm, self.example_inputs())
W0905 07:40:05.974000 8916 envs\qwen3\Lib\site-packages\torch\_dynamo\convert_frame.py:1125]                   ^^^^^^^^^^^^^^^^^^^^^^^^^^^^^^^^^^^^^^
W0905 07:40:05.974000 8916 envs\qwen3\Lib\site-packages\torch\_dynamo\convert_frame.py:1125]   File "E:\VoiceForge TTV Pipeine\v3\envs\qwen3\Lib\site-packages\torch\_dynamo\repro\after_dynamo.py", line 129, in __call__
W0905 07:40:05.974000 8916 envs\qwen3\Lib\site-packages\torch\_dynamo\convert_frame.py:1125]     compiled_gm = compiler_fn(gm, example_inputs)
W0905 07:40:05.974000 8916 envs\qwen3\Lib\site-packages\torch\_dynamo\convert_frame.py:1125]                   ^^^^^^^^^^^^^^^^^^^^^^^^^^^^^^^
W0905 07:40:05.974000 8916 envs\qwen3\Lib\site-packages\torch\_dynamo\convert_frame.py:1125]   File "E:\VoiceForge TTV Pipeine\v3\envs\qwen3\Lib\site-packages\torch\__init__.py", line 2234, in __call__
W0905 07:40:05.974000 8916 envs\qwen3\Lib\site-packages\torch\_dynamo\convert_frame.py:1125]     return compile_fx(model_, inputs_, config_patches=self.config)
W0905 07:40:05.974000 8916 envs\qwen3\Lib\site-packages\torch\_dynamo\convert_frame.py:1125]            ^^^^^^^^^^^^^^^^^^^^^^^^^^^^^^^^^^^^^^^^^^^^^^^^^^^^^^^
W0905 07:40:05.974000 8916 envs\qwen3\Lib\site-packages\torch\_dynamo\convert_frame.py:1125]   File "E:\VoiceForge TTV Pipeine\v3\envs\qwen3\Lib\site-packages\torch\_inductor\compile_fx.py", line 1521, in compile_fx
W0905 07:40:05.974000 8916 envs\qwen3\Lib\site-packages\torch\_dynamo\convert_frame.py:1125]     return aot_autograd(
W0905 07:40:05.974000 8916 envs\qwen3\Lib\site-packages\torch\_dynamo\convert_frame.py:1125]            ^^^^^^^^^^^^^
W0905 07:40:05.974000 8916 envs\qwen3\Lib\site-packages\torch\_dynamo\convert_frame.py:1125]   File "E:\VoiceForge TTV Pipeine\v3\envs\qwen3\Lib\site-packages\torch\_dynamo\backends\common.py", line 72, in __call__
W0905 07:40:05.974000 8916 envs\qwen3\Lib\site-packages\torch\_dynamo\convert_frame.py:1125]     cg = aot_module_simplified(gm, example_inputs, **self.kwargs)
W0905 07:40:05.974000 8916 envs\qwen3\Lib\site-packages\torch\_dynamo\convert_frame.py:1125]          ^^^^^^^^^^^^^^^^^^^^^^^^^^^^^^^^^^^^^^^^^^^^^^^^^^^^^^^^
W0905 07:40:05.974000 8916 envs\qwen3\Lib\site-packages\torch\_dynamo\convert_frame.py:1125]   File "E:\VoiceForge TTV Pipeine\v3\envs\qwen3\Lib\site-packages\torch\_functorch\aot_autograd.py", line 1071, in aot_module_simplified
W0905 07:40:05.974000 8916 envs\qwen3\Lib\site-packages\torch\_dynamo\convert_frame.py:1125]     compiled_fn = dispatch_and_compile()
W0905 07:40:05.974000 8916 envs\qwen3\Lib\site-packages\torch\_dynamo\convert_frame.py:1125]                   ^^^^^^^^^^^^^^^^^^^^^^
W0905 07:40:05.974000 8916 envs\qwen3\Lib\site-packages\torch\_dynamo\convert_frame.py:1125]   File "E:\VoiceForge TTV Pipeine\v3\envs\qwen3\Lib\site-packages\torch\_functorch\aot_autograd.py", line 1056, in dispatch_and_compile
W0905 07:40:05.974000 8916 envs\qwen3\Lib\site-packages\torch\_dynamo\convert_frame.py:1125]     compiled_fn, _ = create_aot_dispatcher_function(
W0905 07:40:05.974000 8916 envs\qwen3\Lib\site-packages\torch\_dynamo\convert_frame.py:1125]                      ^^^^^^^^^^^^^^^^^^^^^^^^^^^^^^^
W0905 07:40:05.974000 8916 envs\qwen3\Lib\site-packages\torch\_dynamo\convert_frame.py:1125]   File "E:\VoiceForge TTV Pipeine\v3\envs\qwen3\Lib\site-packages\torch\_functorch\aot_autograd.py", line 522, in create_aot_dispatcher_function
W0905 07:40:05.974000 8916 envs\qwen3\Lib\site-packages\torch\_dynamo\convert_frame.py:1125]     return _create_aot_dispatcher_function(
W0905 07:40:05.974000 8916 envs\qwen3\Lib\site-packages\torch\_dynamo\convert_frame.py:1125]            ^^^^^^^^^^^^^^^^^^^^^^^^^^^^^^^^
W0905 07:40:05.974000 8916 envs\qwen3\Lib\site-packages\torch\_dynamo\convert_frame.py:1125]   File "E:\VoiceForge TTV Pipeine\v3\envs\qwen3\Lib\site-packages\torch\_functorch\aot_autograd.py", line 759, in _create_aot_dispatcher_function
W0905 07:40:05.974000 8916 envs\qwen3\Lib\site-packages\torch\_dynamo\convert_frame.py:1125]     compiled_fn, fw_metadata = compiler_fn(
W0905 07:40:05.974000 8916 envs\qwen3\Lib\site-packages\torch\_dynamo\convert_frame.py:1125]                                ^^^^^^^^^^^^
W0905 07:40:05.974000 8916 envs\qwen3\Lib\site-packages\torch\_dynamo\convert_frame.py:1125]   File "E:\VoiceForge TTV Pipeine\v3\envs\qwen3\Lib\site-packages\torch\_functorch\_aot_autograd\jit_compile_runtime_wrappers.py", line 179, in aot_dispatch_base
W0905 07:40:05.974000 8916 envs\qwen3\Lib\site-packages\torch\_dynamo\convert_frame.py:1125]     compiled_fw = compiler(fw_module, updated_flat_args)
W0905 07:40:05.974000 8916 envs\qwen3\Lib\site-packages\torch\_dynamo\convert_frame.py:1125]                   ^^^^^^^^^^^^^^^^^^^^^^^^^^^^^^^^^^^^^^
W0905 07:40:05.974000 8916 envs\qwen3\Lib\site-packages\torch\_dynamo\convert_frame.py:1125]   File "E:\VoiceForge TTV Pipeine\v3\envs\qwen3\Lib\site-packages\torch\_inductor\compile_fx.py", line 1350, in fw_compiler_base
W0905 07:40:05.974000 8916 envs\qwen3\Lib\site-packages\torch\_dynamo\convert_frame.py:1125]     return _fw_compiler_base(model, example_inputs, is_inference)
W0905 07:40:05.974000 8916 envs\qwen3\Lib\site-packages\torch\_dynamo\convert_frame.py:1125]            ^^^^^^^^^^^^^^^^^^^^^^^^^^^^^^^^^^^^^^^^^^^^^^^^^^^^^^
W0905 07:40:05.974000 8916 envs\qwen3\Lib\site-packages\torch\_dynamo\convert_frame.py:1125]   File "E:\VoiceForge TTV Pipeine\v3\envs\qwen3\Lib\site-packages\torch\_inductor\compile_fx.py", line 1421, in _fw_compiler_base
W0905 07:40:05.974000 8916 envs\qwen3\Lib\site-packages\torch\_dynamo\convert_frame.py:1125]     return inner_compile(
W0905 07:40:05.974000 8916 envs\qwen3\Lib\site-packages\torch\_dynamo\convert_frame.py:1125]            ^^^^^^^^^^^^^^
W0905 07:40:05.974000 8916 envs\qwen3\Lib\site-packages\torch\_dynamo\convert_frame.py:1125]   File "E:\VoiceForge TTV Pipeine\v3\envs\qwen3\Lib\site-packages\torch\_inductor\compile_fx.py", line 475, in compile_fx_inner
W0905 07:40:05.974000 8916 envs\qwen3\Lib\site-packages\torch\_dynamo\convert_frame.py:1125]     return wrap_compiler_debug(_compile_fx_inner, compiler_name="inductor")(
W0905 07:40:05.974000 8916 envs\qwen3\Lib\site-packages\torch\_dynamo\convert_frame.py:1125]            ^^^^^^^^^^^^^^^^^^^^^^^^^^^^^^^^^^^^^^^^^^^^^^^^^^^^^^^^^^^^^^^^^
W0905 07:40:05.974000 8916 envs\qwen3\Lib\site-packages\torch\_dynamo\convert_frame.py:1125]   File "E:\VoiceForge TTV Pipeine\v3\envs\qwen3\Lib\site-packages\torch\_dynamo\repro\after_aot.py", line 85, in debug_wrapper
W0905 07:40:05.974000 8916 envs\qwen3\Lib\site-packages\torch\_dynamo\convert_frame.py:1125]     inner_compiled_fn = compiler_fn(gm, example_inputs)
W0905 07:40:05.974000 8916 envs\qwen3\Lib\site-packages\torch\_dynamo\convert_frame.py:1125]                         ^^^^^^^^^^^^^^^^^^^^^^^^^^^^^^^
W0905 07:40:05.974000 8916 envs\qwen3\Lib\site-packages\torch\_dynamo\convert_frame.py:1125]   File "E:\VoiceForge TTV Pipeine\v3\envs\qwen3\Lib\site-packages\torch\_inductor\compile_fx.py", line 661, in _compile_fx_inner
W0905 07:40:05.974000 8916 envs\qwen3\Lib\site-packages\torch\_dynamo\convert_frame.py:1125]     compiled_graph = FxGraphCache.load(
W0905 07:40:05.974000 8916 envs\qwen3\Lib\site-packages\torch\_dynamo\convert_frame.py:1125]                      ^^^^^^^^^^^^^^^^^^
W0905 07:40:05.974000 8916 envs\qwen3\Lib\site-packages\torch\_dynamo\convert_frame.py:1125]   File "E:\VoiceForge TTV Pipeine\v3\envs\qwen3\Lib\site-packages\torch\_inductor\codecache.py", line 1334, in load
W0905 07:40:05.974000 8916 envs\qwen3\Lib\site-packages\torch\_dynamo\convert_frame.py:1125]     compiled_graph = compile_fx_fn(
W0905 07:40:05.974000 8916 envs\qwen3\Lib\site-packages\torch\_dynamo\convert_frame.py:1125]                      ^^^^^^^^^^^^^^
W0905 07:40:05.974000 8916 envs\qwen3\Lib\site-packages\torch\_dynamo\convert_frame.py:1125]   File "E:\VoiceForge TTV Pipeine\v3\envs\qwen3\Lib\site-packages\torch\_inductor\compile_fx.py", line 570, in codegen_and_compile
W0905 07:40:05.974000 8916 envs\qwen3\Lib\site-packages\torch\_dynamo\convert_frame.py:1125]     compiled_graph = fx_codegen_and_compile(gm, example_inputs, **fx_kwargs)
W0905 07:40:05.974000 8916 envs\qwen3\Lib\site-packages\torch\_dynamo\convert_frame.py:1125]                      ^^^^^^^^^^^^^^^^^^^^^^^^^^^^^^^^^^^^^^^^^^^^^^^^^^^^^^^
W0905 07:40:05.974000 8916 envs\qwen3\Lib\site-packages\torch\_dynamo\convert_frame.py:1125]   File "E:\VoiceForge TTV Pipeine\v3\envs\qwen3\Lib\site-packages\torch\_inductor\compile_fx.py", line 878, in fx_codegen_and_compile
W0905 07:40:05.974000 8916 envs\qwen3\Lib\site-packages\torch\_dynamo\convert_frame.py:1125]     compiled_fn = graph.compile_to_fn()
W0905 07:40:05.974000 8916 envs\qwen3\Lib\site-packages\torch\_dynamo\convert_frame.py:1125]                   ^^^^^^^^^^^^^^^^^^^^^
W0905 07:40:05.974000 8916 envs\qwen3\Lib\site-packages\torch\_dynamo\convert_frame.py:1125]   File "E:\VoiceForge TTV Pipeine\v3\envs\qwen3\Lib\site-packages\torch\_inductor\graph.py", line 1913, in compile_to_fn
W0905 07:40:05.974000 8916 envs\qwen3\Lib\site-packages\torch\_dynamo\convert_frame.py:1125]     return self.compile_to_module().call
W0905 07:40:05.974000 8916 envs\qwen3\Lib\site-packages\torch\_dynamo\convert_frame.py:1125]            ^^^^^^^^^^^^^^^^^^^^^^^^
W0905 07:40:05.974000 8916 envs\qwen3\Lib\site-packages\torch\_dynamo\convert_frame.py:1125]   File "E:\VoiceForge TTV Pipeine\v3\envs\qwen3\Lib\site-packages\torch\_inductor\graph.py", line 1839, in compile_to_module
W0905 07:40:05.974000 8916 envs\qwen3\Lib\site-packages\torch\_dynamo\convert_frame.py:1125]     return self._compile_to_module()
W0905 07:40:05.974000 8916 envs\qwen3\Lib\site-packages\torch\_dynamo\convert_frame.py:1125]            ^^^^^^^^^^^^^^^^^^^^^^^^^
W0905 07:40:05.974000 8916 envs\qwen3\Lib\site-packages\torch\_dynamo\convert_frame.py:1125]   File "E:\VoiceForge TTV Pipeine\v3\envs\qwen3\Lib\site-packages\torch\_inductor\graph.py", line 1845, in _compile_to_module
W0905 07:40:05.974000 8916 envs\qwen3\Lib\site-packages\torch\_dynamo\convert_frame.py:1125]     self.codegen_with_cpp_wrapper() if self.cpp_wrapper else self.codegen()
W0905 07:40:05.974000 8916 envs\qwen3\Lib\site-packages\torch\_dynamo\convert_frame.py:1125]                                                              ^^^^^^^^^^^^^^
W0905 07:40:05.974000 8916 envs\qwen3\Lib\site-packages\torch\_dynamo\convert_frame.py:1125]   File "E:\VoiceForge TTV Pipeine\v3\envs\qwen3\Lib\site-packages\torch\_inductor\graph.py", line 1784, in codegen
W0905 07:40:05.974000 8916 envs\qwen3\Lib\site-packages\torch\_dynamo\convert_frame.py:1125]     self.scheduler.codegen()
W0905 07:40:05.974000 8916 envs\qwen3\Lib\site-packages\torch\_dynamo\convert_frame.py:1125]   File "E:\VoiceForge TTV Pipeine\v3\envs\qwen3\Lib\site-packages\torch\_inductor\scheduler.py", line 3383, in codegen
W0905 07:40:05.974000 8916 envs\qwen3\Lib\site-packages\torch\_dynamo\convert_frame.py:1125]     return self._codegen()
W0905 07:40:05.974000 8916 envs\qwen3\Lib\site-packages\torch\_dynamo\convert_frame.py:1125]            ^^^^^^^^^^^^^^^
W0905 07:40:05.974000 8916 envs\qwen3\Lib\site-packages\torch\_dynamo\convert_frame.py:1125]   File "E:\VoiceForge TTV Pipeine\v3\envs\qwen3\Lib\site-packages\torch\_inductor\scheduler.py", line 3461, in _codegen
W0905 07:40:05.974000 8916 envs\qwen3\Lib\site-packages\torch\_dynamo\convert_frame.py:1125]     self.get_backend(device).codegen_node(node)
W0905 07:40:05.974000 8916 envs\qwen3\Lib\site-packages\torch\_dynamo\convert_frame.py:1125]   File "E:\VoiceForge TTV Pipeine\v3\envs\qwen3\Lib\site-packages\torch\_inductor\codegen\cpp.py", line 4468, in codegen_node
W0905 07:40:05.974000 8916 envs\qwen3\Lib\site-packages\torch\_dynamo\convert_frame.py:1125]     cpp_kernel_proxy = CppKernelProxy(kernel_group)
W0905 07:40:05.974000 8916 envs\qwen3\Lib\site-packages\torch\_dynamo\convert_frame.py:1125]                        ^^^^^^^^^^^^^^^^^^^^^^^^^^^^
W0905 07:40:05.974000 8916 envs\qwen3\Lib\site-packages\torch\_dynamo\convert_frame.py:1125]   File "E:\VoiceForge TTV Pipeine\v3\envs\qwen3\Lib\site-packages\torch\_inductor\codegen\cpp.py", line 3466, in __init__
W0905 07:40:05.974000 8916 envs\qwen3\Lib\site-packages\torch\_dynamo\convert_frame.py:1125]     self.picked_vec_isa: cpu_vec_isa.VecISA = cpu_vec_isa.pick_vec_isa()
W0905 07:40:05.974000 8916 envs\qwen3\Lib\site-packages\torch\_dynamo\convert_frame.py:1125]                                               ^^^^^^^^^^^^^^^^^^^^^^^^^^
W0905 07:40:05.974000 8916 envs\qwen3\Lib\site-packages\torch\_dynamo\convert_frame.py:1125]   File "E:\VoiceForge TTV Pipeine\v3\envs\qwen3\Lib\site-packages\torch\_inductor\cpu_vec_isa.py", line 360, in pick_vec_isa
W0905 07:40:05.974000 8916 envs\qwen3\Lib\site-packages\torch\_dynamo\convert_frame.py:1125]     _valid_vec_isa_list: List[VecISA] = valid_vec_isa_list()
W0905 07:40:05.974000 8916 envs\qwen3\Lib\site-packages\torch\_dynamo\convert_frame.py:1125]                                         ^^^^^^^^^^^^^^^^^^^^
W0905 07:40:05.974000 8916 envs\qwen3\Lib\site-packages\torch\_dynamo\convert_frame.py:1125]   File "E:\VoiceForge TTV Pipeine\v3\envs\qwen3\Lib\site-packages\torch\_inductor\cpu_vec_isa.py", line 350, in valid_vec_isa_list
W0905 07:40:05.974000 8916 envs\qwen3\Lib\site-packages\torch\_dynamo\convert_frame.py:1125]     if all(flag in _cpu_supported_x86_isa for flag in str(isa).split()) and isa:
W0905 07:40:05.974000 8916 envs\qwen3\Lib\site-packages\torch\_dynamo\convert_frame.py:1125]                                                                             ^^^
W0905 07:40:05.974000 8916 envs\qwen3\Lib\site-packages\torch\_dynamo\convert_frame.py:1125]   File "E:\VoiceForge TTV Pipeine\v3\envs\qwen3\Lib\site-packages\torch\_inductor\cpu_vec_isa.py", line 148, in __bool__
W0905 07:40:05.974000 8916 envs\qwen3\Lib\site-packages\torch\_dynamo\convert_frame.py:1125]     return self.check_build(VecISA._avx_code)
W0905 07:40:05.974000 8916 envs\qwen3\Lib\site-packages\torch\_dynamo\convert_frame.py:1125]            ^^^^^^^^^^^^^^^^^^^^^^^^^^^^^^^^^^
W0905 07:40:05.974000 8916 envs\qwen3\Lib\site-packages\torch\_dynamo\convert_frame.py:1125]   File "E:\VoiceForge TTV Pipeine\v3\envs\qwen3\Lib\site-packages\torch\_inductor\cpu_vec_isa.py", line 101, in check_build
W0905 07:40:05.974000 8916 envs\qwen3\Lib\site-packages\torch\_dynamo\convert_frame.py:1125]     extra=_get_isa_dry_compile_fingerprint(self._arch_flags),
W0905 07:40:05.974000 8916 envs\qwen3\Lib\site-packages\torch\_dynamo\convert_frame.py:1125]           ^^^^^^^^^^^^^^^^^^^^^^^^^^^^^^^^^^^^^^^^^^^^^^^^^^
W0905 07:40:05.974000 8916 envs\qwen3\Lib\site-packages\torch\_dynamo\convert_frame.py:1125]   File "E:\VoiceForge TTV Pipeine\v3\envs\qwen3\Lib\site-packages\torch\_inductor\cpu_vec_isa.py", line 27, in _get_isa_dry_compile_fingerprint
W0905 07:40:05.974000 8916 envs\qwen3\Lib\site-packages\torch\_dynamo\convert_frame.py:1125]     compiler_info = get_compiler_version_info(get_cpp_compiler())
W0905 07:40:05.974000 8916 envs\qwen3\Lib\site-packages\torch\_dynamo\convert_frame.py:1125]                                               ^^^^^^^^^^^^^^^^^^
W0905 07:40:05.974000 8916 envs\qwen3\Lib\site-packages\torch\_dynamo\convert_frame.py:1125]   File "E:\VoiceForge TTV Pipeine\v3\envs\qwen3\Lib\site-packages\torch\_inductor\cpp_builder.py", line 144, in get_cpp_compiler
W0905 07:40:05.974000 8916 envs\qwen3\Lib\site-packages\torch\_dynamo\convert_frame.py:1125]     check_compiler_exist_windows(compiler)
W0905 07:40:05.974000 8916 envs\qwen3\Lib\site-packages\torch\_dynamo\convert_frame.py:1125]   File "E:\VoiceForge TTV Pipeine\v3\envs\qwen3\Lib\site-packages\torch\_inductor\cpp_builder.py", line 135, in check_compiler_exist_windows
W0905 07:40:05.974000 8916 envs\qwen3\Lib\site-packages\torch\_dynamo\convert_frame.py:1125]     raise RuntimeError(f"Compiler: {compiler} is not found.") from exc
W0905 07:40:05.974000 8916 envs\qwen3\Lib\site-packages\torch\_dynamo\convert_frame.py:1125] RuntimeError: Compiler: cl is not found.
W0905 07:40:05.974000 8916 envs\qwen3\Lib\site-packages\torch\_dynamo\convert_frame.py:1125] 
W0905 07:40:05.974000 8916 envs\qwen3\Lib\site-packages\torch\_dynamo\convert_frame.py:1125] The above exception was the direct cause of the following exception:
W0905 07:40:05.974000 8916 envs\qwen3\Lib\site-packages\torch\_dynamo\convert_frame.py:1125] 
W0905 07:40:05.974000 8916 envs\qwen3\Lib\site-packages\torch\_dynamo\convert_frame.py:1125] Traceback (most recent call last):
W0905 07:40:05.974000 8916 envs\qwen3\Lib\site-packages\torch\_dynamo\convert_frame.py:1125]   File "E:\VoiceForge TTV Pipeine\v3\envs\qwen3\Lib\site-packages\torch\_dynamo\convert_frame.py", line 1064, in __call__
W0905 07:40:05.974000 8916 envs\qwen3\Lib\site-packages\torch\_dynamo\convert_frame.py:1125]     result = self._inner_convert(
W0905 07:40:05.974000 8916 envs\qwen3\Lib\site-packages\torch\_dynamo\convert_frame.py:1125]              ^^^^^^^^^^^^^^^^^^^^
W0905 07:40:05.974000 8916 envs\qwen3\Lib\site-packages\torch\_dynamo\convert_frame.py:1125]   File "E:\VoiceForge TTV Pipeine\v3\envs\qwen3\Lib\site-packages\torch\_dynamo\convert_frame.py", line 526, in __call__
W0905 07:40:05.974000 8916 envs\qwen3\Lib\site-packages\torch\_dynamo\convert_frame.py:1125]     return _compile(
W0905 07:40:05.974000 8916 envs\qwen3\Lib\site-packages\torch\_dynamo\convert_frame.py:1125]            ^^^^^^^^^
W0905 07:40:05.974000 8916 envs\qwen3\Lib\site-packages\torch\_dynamo\convert_frame.py:1125]   File "E:\VoiceForge TTV Pipeine\v3\envs\qwen3\Lib\site-packages\torch\_dynamo\convert_frame.py", line 924, in _compile
W0905 07:40:05.974000 8916 envs\qwen3\Lib\site-packages\torch\_dynamo\convert_frame.py:1125]     guarded_code = compile_inner(code, one_graph, hooks, transform)
W0905 07:40:05.974000 8916 envs\qwen3\Lib\site-packages\torch\_dynamo\convert_frame.py:1125]                    ^^^^^^^^^^^^^^^^^^^^^^^^^^^^^^^^^^^^^^^^^^^^^^^^
W0905 07:40:05.974000 8916 envs\qwen3\Lib\site-packages\torch\_dynamo\convert_frame.py:1125]   File "E:\VoiceForge TTV Pipeine\v3\envs\qwen3\Lib\site-packages\torch\_dynamo\convert_frame.py", line 666, in compile_inner
W0905 07:40:05.974000 8916 envs\qwen3\Lib\site-packages\torch\_dynamo\convert_frame.py:1125]     return _compile_inner(code, one_graph, hooks, transform)
W0905 07:40:05.974000 8916 envs\qwen3\Lib\site-packages\torch\_dynamo\convert_frame.py:1125]            ^^^^^^^^^^^^^^^^^^^^^^^^^^^^^^^^^^^^^^^^^^^^^^^^^
W0905 07:40:05.974000 8916 envs\qwen3\Lib\site-packages\torch\_dynamo\convert_frame.py:1125]   File "E:\VoiceForge TTV Pipeine\v3\envs\qwen3\Lib\site-packages\torch\_utils_internal.py", line 87, in wrapper_function
W0905 07:40:05.974000 8916 envs\qwen3\Lib\site-packages\torch\_dynamo\convert_frame.py:1125]     return function(*args, **kwargs)
W0905 07:40:05.974000 8916 envs\qwen3\Lib\site-packages\torch\_dynamo\convert_frame.py:1125]            ^^^^^^^^^^^^^^^^^^^^^^^^^
W0905 07:40:05.974000 8916 envs\qwen3\Lib\site-packages\torch\_dynamo\convert_frame.py:1125]   File "E:\VoiceForge TTV Pipeine\v3\envs\qwen3\Lib\site-packages\torch\_dynamo\convert_frame.py", line 699, in _compile_inner
W0905 07:40:05.974000 8916 envs\qwen3\Lib\site-packages\torch\_dynamo\convert_frame.py:1125]     out_code = transform_code_object(code, transform)
W0905 07:40:05.974000 8916 envs\qwen3\Lib\site-packages\torch\_dynamo\convert_frame.py:1125]                ^^^^^^^^^^^^^^^^^^^^^^^^^^^^^^^^^^^^^^
W0905 07:40:05.974000 8916 envs\qwen3\Lib\site-packages\torch\_dynamo\convert_frame.py:1125]   File "E:\VoiceForge TTV Pipeine\v3\envs\qwen3\Lib\site-packages\torch\_dynamo\bytecode_transformation.py", line 1322, in transform_code_object
W0905 07:40:05.974000 8916 envs\qwen3\Lib\site-packages\torch\_dynamo\convert_frame.py:1125]     transformations(instructions, code_options)
W0905 07:40:05.974000 8916 envs\qwen3\Lib\site-packages\torch\_dynamo\convert_frame.py:1125]   File "E:\VoiceForge TTV Pipeine\v3\envs\qwen3\Lib\site-packages\torch\_dynamo\convert_frame.py", line 219, in _fn
W0905 07:40:05.974000 8916 envs\qwen3\Lib\site-packages\torch\_dynamo\convert_frame.py:1125]     return fn(*args, **kwargs)
W0905 07:40:05.974000 8916 envs\qwen3\Lib\site-packages\torch\_dynamo\convert_frame.py:1125]            ^^^^^^^^^^^^^^^^^^^
W0905 07:40:05.974000 8916 envs\qwen3\Lib\site-packages\torch\_dynamo\convert_frame.py:1125]   File "E:\VoiceForge TTV Pipeine\v3\envs\qwen3\Lib\site-packages\torch\_dynamo\convert_frame.py", line 634, in transform
W0905 07:40:05.974000 8916 envs\qwen3\Lib\site-packages\torch\_dynamo\convert_frame.py:1125]     tracer.run()
W0905 07:40:05.974000 8916 envs\qwen3\Lib\site-packages\torch\_dynamo\convert_frame.py:1125]   File "E:\VoiceForge TTV Pipeine\v3\envs\qwen3\Lib\site-packages\torch\_dynamo\symbolic_convert.py", line 2796, in run
W0905 07:40:05.974000 8916 envs\qwen3\Lib\site-packages\torch\_dynamo\convert_frame.py:1125]     super().run()
W0905 07:40:05.974000 8916 envs\qwen3\Lib\site-packages\torch\_dynamo\convert_frame.py:1125]   File "E:\VoiceForge TTV Pipeine\v3\envs\qwen3\Lib\site-packages\torch\_dynamo\symbolic_convert.py", line 983, in run
W0905 07:40:05.974000 8916 envs\qwen3\Lib\site-packages\torch\_dynamo\convert_frame.py:1125]     while self.step():
W0905 07:40:05.974000 8916 envs\qwen3\Lib\site-packages\torch\_dynamo\convert_frame.py:1125]           ^^^^^^^^^^^
W0905 07:40:05.974000 8916 envs\qwen3\Lib\site-packages\torch\_dynamo\convert_frame.py:1125]   File "E:\VoiceForge TTV Pipeine\v3\envs\qwen3\Lib\site-packages\torch\_dynamo\symbolic_convert.py", line 895, in step
W0905 07:40:05.974000 8916 envs\qwen3\Lib\site-packages\torch\_dynamo\convert_frame.py:1125]     self.dispatch_table[inst.opcode](self, inst)
W0905 07:40:05.974000 8916 envs\qwen3\Lib\site-packages\torch\_dynamo\convert_frame.py:1125]   File "E:\VoiceForge TTV Pipeine\v3\envs\qwen3\Lib\site-packages\torch\_dynamo\symbolic_convert.py", line 2987, in RETURN_VALUE
W0905 07:40:05.974000 8916 envs\qwen3\Lib\site-packages\torch\_dynamo\convert_frame.py:1125]     self._return(inst)
W0905 07:40:05.974000 8916 envs\qwen3\Lib\site-packages\torch\_dynamo\convert_frame.py:1125]   File "E:\VoiceForge TTV Pipeine\v3\envs\qwen3\Lib\site-packages\torch\_dynamo\symbolic_convert.py", line 2972, in _return
W0905 07:40:05.974000 8916 envs\qwen3\Lib\site-packages\torch\_dynamo\convert_frame.py:1125]     self.output.compile_subgraph(
W0905 07:40:05.974000 8916 envs\qwen3\Lib\site-packages\torch\_dynamo\convert_frame.py:1125]   File "E:\VoiceForge TTV Pipeine\v3\envs\qwen3\Lib\site-packages\torch\_dynamo\output_graph.py", line 1117, in compile_subgraph
W0905 07:40:05.974000 8916 envs\qwen3\Lib\site-packages\torch\_dynamo\convert_frame.py:1125]     self.compile_and_call_fx_graph(tx, list(reversed(stack_values)), root)
W0905 07:40:05.974000 8916 envs\qwen3\Lib\site-packages\torch\_dynamo\convert_frame.py:1125]   File "E:\VoiceForge TTV Pipeine\v3\envs\qwen3\Lib\site-packages\torch\_dynamo\output_graph.py", line 1369, in compile_and_call_fx_graph
W0905 07:40:05.974000 8916 envs\qwen3\Lib\site-packages\torch\_dynamo\convert_frame.py:1125]     compiled_fn = self.call_user_compiler(gm)
W0905 07:40:05.974000 8916 envs\qwen3\Lib\site-packages\torch\_dynamo\convert_frame.py:1125]                   ^^^^^^^^^^^^^^^^^^^^^^^^^^^
W0905 07:40:05.974000 8916 envs\qwen3\Lib\site-packages\torch\_dynamo\convert_frame.py:1125]   File "E:\VoiceForge TTV Pipeine\v3\envs\qwen3\Lib\site-packages\torch\_dynamo\output_graph.py", line 1416, in call_user_compiler
W0905 07:40:05.974000 8916 envs\qwen3\Lib\site-packages\torch\_dynamo\convert_frame.py:1125]     return self._call_user_compiler(gm)
W0905 07:40:05.974000 8916 envs\qwen3\Lib\site-packages\torch\_dynamo\convert_frame.py:1125]            ^^^^^^^^^^^^^^^^^^^^^^^^^^^^
W0905 07:40:05.974000 8916 envs\qwen3\Lib\site-packages\torch\_dynamo\convert_frame.py:1125]   File "E:\VoiceForge TTV Pipeine\v3\envs\qwen3\Lib\site-packages\torch\_dynamo\output_graph.py", line 1465, in _call_user_compiler
W0905 07:40:05.974000 8916 envs\qwen3\Lib\site-packages\torch\_dynamo\convert_frame.py:1125]     raise BackendCompilerFailed(self.compiler_fn, e) from e
W0905 07:40:05.974000 8916 envs\qwen3\Lib\site-packages\torch\_dynamo\convert_frame.py:1125] torch._dynamo.exc.BackendCompilerFailed: backend='inductor' raised:
W0905 07:40:05.974000 8916 envs\qwen3\Lib\site-packages\torch\_dynamo\convert_frame.py:1125] RuntimeError: Compiler: cl is not found.
W0905 07:40:05.974000 8916 envs\qwen3\Lib\site-packages\torch\_dynamo\convert_frame.py:1125] 
W0905 07:40:05.974000 8916 envs\qwen3\Lib\site-packages\torch\_dynamo\convert_frame.py:1125] Set TORCH_LOGS="+dynamo" and TORCHDYNAMO_VERBOSE=1 for more information
W0905 07:40:05.974000 8916 envs\qwen3\Lib\site-packages\torch\_dynamo\convert_frame.py:1125] 
W0905 07:40:06.980000 8916 envs\qwen3\Lib\site-packages\torch\_dynamo\convert_frame.py:844] [8/8] torch._dynamo hit config.cache_size_limit (8)
W0905 07:40:06.980000 8916 envs\qwen3\Lib\site-packages\torch\_dynamo\convert_frame.py:844] [8/8]    function: 'forward' (E:\VoiceForge TTV Pipeine\v3\envs\qwen3\Lib\site-packages\audioseal\libs\moshi\modules\conv.py:133)
W0905 07:40:06.980000 8916 envs\qwen3\Lib\site-packages\torch\_dynamo\convert_frame.py:844] [8/8]    last reason: 8/0: tensor 'L['x']' size mismatch at index 1. expected 1, actual 64
W0905 07:40:06.980000 8916 envs\qwen3\Lib\site-packages\torch\_dynamo\convert_frame.py:844] [8/8] To log all recompilation reasons, use TORCH_LOGS="recompiles".
W0905 07:40:06.980000 8916 envs\qwen3\Lib\site-packages\torch\_dynamo\convert_frame.py:844] [8/8] To diagnose recompilation issues, see https://pytorch.org/docs/main/torch.compiler_troubleshooting.html.
W0905 07:40:07.372000 8916 envs\qwen3\Lib\site-packages\torch\_dynamo\convert_frame.py:1125] WON'T CONVERT forward E:\VoiceForge TTV Pipeine\v3\envs\qwen3\Lib\site-packages\audioseal\libs\moshi\modules\conv.py line 333 
W0905 07:40:07.372000 8916 envs\qwen3\Lib\site-packages\torch\_dynamo\convert_frame.py:1125] due to: 
W0905 07:40:07.372000 8916 envs\qwen3\Lib\site-packages\torch\_dynamo\convert_frame.py:1125] Traceback (most recent call last):
W0905 07:40:07.372000 8916 envs\qwen3\Lib\site-packages\torch\_dynamo\convert_frame.py:1125]   File "E:\VoiceForge TTV Pipeine\v3\envs\qwen3\Lib\site-packages\torch\_inductor\cpp_builder.py", line 130, in check_compiler_exist_windows
W0905 07:40:07.372000 8916 envs\qwen3\Lib\site-packages\torch\_dynamo\convert_frame.py:1125]     subprocess.check_output([compiler, "/help"], stderr=subprocess.STDOUT)
W0905 07:40:07.372000 8916 envs\qwen3\Lib\site-packages\torch\_dynamo\convert_frame.py:1125]   File "C:\Python312\Lib\subprocess.py", line 466, in check_output
W0905 07:40:07.372000 8916 envs\qwen3\Lib\site-packages\torch\_dynamo\convert_frame.py:1125]     return run(*popenargs, stdout=PIPE, timeout=timeout, check=True,
W0905 07:40:07.372000 8916 envs\qwen3\Lib\site-packages\torch\_dynamo\convert_frame.py:1125]            ^^^^^^^^^^^^^^^^^^^^^^^^^^^^^^^^^^^^^^^^^^^^^^^^^^^^^^^^^
W0905 07:40:07.372000 8916 envs\qwen3\Lib\site-packages\torch\_dynamo\convert_frame.py:1125]   File "C:\Python312\Lib\subprocess.py", line 548, in run
W0905 07:40:07.372000 8916 envs\qwen3\Lib\site-packages\torch\_dynamo\convert_frame.py:1125]     with Popen(*popenargs, **kwargs) as process:
W0905 07:40:07.372000 8916 envs\qwen3\Lib\site-packages\torch\_dynamo\convert_frame.py:1125]          ^^^^^^^^^^^^^^^^^^^^^^^^^^^
W0905 07:40:07.372000 8916 envs\qwen3\Lib\site-packages\torch\_dynamo\convert_frame.py:1125]   File "C:\Python312\Lib\subprocess.py", line 1026, in __init__
W0905 07:40:07.372000 8916 envs\qwen3\Lib\site-packages\torch\_dynamo\convert_frame.py:1125]     self._execute_child(args, executable, preexec_fn, close_fds,
W0905 07:40:07.372000 8916 envs\qwen3\Lib\site-packages\torch\_dynamo\convert_frame.py:1125]   File "C:\Python312\Lib\subprocess.py", line 1538, in _execute_child
W0905 07:40:07.372000 8916 envs\qwen3\Lib\site-packages\torch\_dynamo\convert_frame.py:1125]     hp, ht, pid, tid = _winapi.CreateProcess(executable, args,
W0905 07:40:07.372000 8916 envs\qwen3\Lib\site-packages\torch\_dynamo\convert_frame.py:1125]                        ^^^^^^^^^^^^^^^^^^^^^^^^^^^^^^^^^^^^^^^
W0905 07:40:07.372000 8916 envs\qwen3\Lib\site-packages\torch\_dynamo\convert_frame.py:1125] FileNotFoundError: [WinError 2] The system cannot find the file specified
W0905 07:40:07.372000 8916 envs\qwen3\Lib\site-packages\torch\_dynamo\convert_frame.py:1125] 
W0905 07:40:07.372000 8916 envs\qwen3\Lib\site-packages\torch\_dynamo\convert_frame.py:1125] The above exception was the direct cause of the following exception:
W0905 07:40:07.372000 8916 envs\qwen3\Lib\site-packages\torch\_dynamo\convert_frame.py:1125] 
W0905 07:40:07.372000 8916 envs\qwen3\Lib\site-packages\torch\_dynamo\convert_frame.py:1125] Traceback (most recent call last):
W0905 07:40:07.372000 8916 envs\qwen3\Lib\site-packages\torch\_dynamo\convert_frame.py:1125]   File "E:\VoiceForge TTV Pipeine\v3\envs\qwen3\Lib\site-packages\torch\_dynamo\output_graph.py", line 1446, in _call_user_compiler
W0905 07:40:07.372000 8916 envs\qwen3\Lib\site-packages\torch\_dynamo\convert_frame.py:1125]     compiled_fn = compiler_fn(gm, self.example_inputs())
W0905 07:40:07.372000 8916 envs\qwen3\Lib\site-packages\torch\_dynamo\convert_frame.py:1125]                   ^^^^^^^^^^^^^^^^^^^^^^^^^^^^^^^^^^^^^^
W0905 07:40:07.372000 8916 envs\qwen3\Lib\site-packages\torch\_dynamo\convert_frame.py:1125]   File "E:\VoiceForge TTV Pipeine\v3\envs\qwen3\Lib\site-packages\torch\_dynamo\repro\after_dynamo.py", line 129, in __call__
W0905 07:40:07.372000 8916 envs\qwen3\Lib\site-packages\torch\_dynamo\convert_frame.py:1125]     compiled_gm = compiler_fn(gm, example_inputs)
W0905 07:40:07.372000 8916 envs\qwen3\Lib\site-packages\torch\_dynamo\convert_frame.py:1125]                   ^^^^^^^^^^^^^^^^^^^^^^^^^^^^^^^
W0905 07:40:07.372000 8916 envs\qwen3\Lib\site-packages\torch\_dynamo\convert_frame.py:1125]   File "E:\VoiceForge TTV Pipeine\v3\envs\qwen3\Lib\site-packages\torch\__init__.py", line 2234, in __call__
W0905 07:40:07.372000 8916 envs\qwen3\Lib\site-packages\torch\_dynamo\convert_frame.py:1125]     return compile_fx(model_, inputs_, config_patches=self.config)
W0905 07:40:07.372000 8916 envs\qwen3\Lib\site-packages\torch\_dynamo\convert_frame.py:1125]            ^^^^^^^^^^^^^^^^^^^^^^^^^^^^^^^^^^^^^^^^^^^^^^^^^^^^^^^
W0905 07:40:07.372000 8916 envs\qwen3\Lib\site-packages\torch\_dynamo\convert_frame.py:1125]   File "E:\VoiceForge TTV Pipeine\v3\envs\qwen3\Lib\site-packages\torch\_inductor\compile_fx.py", line 1521, in compile_fx
W0905 07:40:07.372000 8916 envs\qwen3\Lib\site-packages\torch\_dynamo\convert_frame.py:1125]     return aot_autograd(
W0905 07:40:07.372000 8916 envs\qwen3\Lib\site-packages\torch\_dynamo\convert_frame.py:1125]            ^^^^^^^^^^^^^
W0905 07:40:07.372000 8916 envs\qwen3\Lib\site-packages\torch\_dynamo\convert_frame.py:1125]   File "E:\VoiceForge TTV Pipeine\v3\envs\qwen3\Lib\site-packages\torch\_dynamo\backends\common.py", line 72, in __call__
W0905 07:40:07.372000 8916 envs\qwen3\Lib\site-packages\torch\_dynamo\convert_frame.py:1125]     cg = aot_module_simplified(gm, example_inputs, **self.kwargs)
W0905 07:40:07.372000 8916 envs\qwen3\Lib\site-packages\torch\_dynamo\convert_frame.py:1125]          ^^^^^^^^^^^^^^^^^^^^^^^^^^^^^^^^^^^^^^^^^^^^^^^^^^^^^^^^
W0905 07:40:07.372000 8916 envs\qwen3\Lib\site-packages\torch\_dynamo\convert_frame.py:1125]   File "E:\VoiceForge TTV Pipeine\v3\envs\qwen3\Lib\site-packages\torch\_functorch\aot_autograd.py", line 1071, in aot_module_simplified
W0905 07:40:07.372000 8916 envs\qwen3\Lib\site-packages\torch\_dynamo\convert_frame.py:1125]     compiled_fn = dispatch_and_compile()
W0905 07:40:07.372000 8916 envs\qwen3\Lib\site-packages\torch\_dynamo\convert_frame.py:1125]                   ^^^^^^^^^^^^^^^^^^^^^^
W0905 07:40:07.372000 8916 envs\qwen3\Lib\site-packages\torch\_dynamo\convert_frame.py:1125]   File "E:\VoiceForge TTV Pipeine\v3\envs\qwen3\Lib\site-packages\torch\_functorch\aot_autograd.py", line 1056, in dispatch_and_compile
W0905 07:40:07.372000 8916 envs\qwen3\Lib\site-packages\torch\_dynamo\convert_frame.py:1125]     compiled_fn, _ = create_aot_dispatcher_function(
W0905 07:40:07.372000 8916 envs\qwen3\Lib\site-packages\torch\_dynamo\convert_frame.py:1125]                      ^^^^^^^^^^^^^^^^^^^^^^^^^^^^^^^
W0905 07:40:07.372000 8916 envs\qwen3\Lib\site-packages\torch\_dynamo\convert_frame.py:1125]   File "E:\VoiceForge TTV Pipeine\v3\envs\qwen3\Lib\site-packages\torch\_functorch\aot_autograd.py", line 522, in create_aot_dispatcher_function
W0905 07:40:07.372000 8916 envs\qwen3\Lib\site-packages\torch\_dynamo\convert_frame.py:1125]     return _create_aot_dispatcher_function(
W0905 07:40:07.372000 8916 envs\qwen3\Lib\site-packages\torch\_dynamo\convert_frame.py:1125]            ^^^^^^^^^^^^^^^^^^^^^^^^^^^^^^^^
W0905 07:40:07.372000 8916 envs\qwen3\Lib\site-packages\torch\_dynamo\convert_frame.py:1125]   File "E:\VoiceForge TTV Pipeine\v3\envs\qwen3\Lib\site-packages\torch\_functorch\aot_autograd.py", line 759, in _create_aot_dispatcher_function
W0905 07:40:07.372000 8916 envs\qwen3\Lib\site-packages\torch\_dynamo\convert_frame.py:1125]     compiled_fn, fw_metadata = compiler_fn(
W0905 07:40:07.372000 8916 envs\qwen3\Lib\site-packages\torch\_dynamo\convert_frame.py:1125]                                ^^^^^^^^^^^^
W0905 07:40:07.372000 8916 envs\qwen3\Lib\site-packages\torch\_dynamo\convert_frame.py:1125]   File "E:\VoiceForge TTV Pipeine\v3\envs\qwen3\Lib\site-packages\torch\_functorch\_aot_autograd\jit_compile_runtime_wrappers.py", line 179, in aot_dispatch_base
W0905 07:40:07.372000 8916 envs\qwen3\Lib\site-packages\torch\_dynamo\convert_frame.py:1125]     compiled_fw = compiler(fw_module, updated_flat_args)
W0905 07:40:07.372000 8916 envs\qwen3\Lib\site-packages\torch\_dynamo\convert_frame.py:1125]                   ^^^^^^^^^^^^^^^^^^^^^^^^^^^^^^^^^^^^^^
W0905 07:40:07.372000 8916 envs\qwen3\Lib\site-packages\torch\_dynamo\convert_frame.py:1125]   File "E:\VoiceForge TTV Pipeine\v3\envs\qwen3\Lib\site-packages\torch\_inductor\compile_fx.py", line 1350, in fw_compiler_base
W0905 07:40:07.372000 8916 envs\qwen3\Lib\site-packages\torch\_dynamo\convert_frame.py:1125]     return _fw_compiler_base(model, example_inputs, is_inference)
W0905 07:40:07.372000 8916 envs\qwen3\Lib\site-packages\torch\_dynamo\convert_frame.py:1125]            ^^^^^^^^^^^^^^^^^^^^^^^^^^^^^^^^^^^^^^^^^^^^^^^^^^^^^^
W0905 07:40:07.372000 8916 envs\qwen3\Lib\site-packages\torch\_dynamo\convert_frame.py:1125]   File "E:\VoiceForge TTV Pipeine\v3\envs\qwen3\Lib\site-packages\torch\_inductor\compile_fx.py", line 1421, in _fw_compiler_base
W0905 07:40:07.372000 8916 envs\qwen3\Lib\site-packages\torch\_dynamo\convert_frame.py:1125]     return inner_compile(
W0905 07:40:07.372000 8916 envs\qwen3\Lib\site-packages\torch\_dynamo\convert_frame.py:1125]            ^^^^^^^^^^^^^^
W0905 07:40:07.372000 8916 envs\qwen3\Lib\site-packages\torch\_dynamo\convert_frame.py:1125]   File "E:\VoiceForge TTV Pipeine\v3\envs\qwen3\Lib\site-packages\torch\_inductor\compile_fx.py", line 475, in compile_fx_inner
W0905 07:40:07.372000 8916 envs\qwen3\Lib\site-packages\torch\_dynamo\convert_frame.py:1125]     return wrap_compiler_debug(_compile_fx_inner, compiler_name="inductor")(
W0905 07:40:07.372000 8916 envs\qwen3\Lib\site-packages\torch\_dynamo\convert_frame.py:1125]            ^^^^^^^^^^^^^^^^^^^^^^^^^^^^^^^^^^^^^^^^^^^^^^^^^^^^^^^^^^^^^^^^^
W0905 07:40:07.372000 8916 envs\qwen3\Lib\site-packages\torch\_dynamo\convert_frame.py:1125]   File "E:\VoiceForge TTV Pipeine\v3\envs\qwen3\Lib\site-packages\torch\_dynamo\repro\after_aot.py", line 85, in debug_wrapper
W0905 07:40:07.372000 8916 envs\qwen3\Lib\site-packages\torch\_dynamo\convert_frame.py:1125]     inner_compiled_fn = compiler_fn(gm, example_inputs)
W0905 07:40:07.372000 8916 envs\qwen3\Lib\site-packages\torch\_dynamo\convert_frame.py:1125]                         ^^^^^^^^^^^^^^^^^^^^^^^^^^^^^^^
W0905 07:40:07.372000 8916 envs\qwen3\Lib\site-packages\torch\_dynamo\convert_frame.py:1125]   File "E:\VoiceForge TTV Pipeine\v3\envs\qwen3\Lib\site-packages\torch\_inductor\compile_fx.py", line 661, in _compile_fx_inner
W0905 07:40:07.372000 8916 envs\qwen3\Lib\site-packages\torch\_dynamo\convert_frame.py:1125]     compiled_graph = FxGraphCache.load(
W0905 07:40:07.372000 8916 envs\qwen3\Lib\site-packages\torch\_dynamo\convert_frame.py:1125]                      ^^^^^^^^^^^^^^^^^^
W0905 07:40:07.372000 8916 envs\qwen3\Lib\site-packages\torch\_dynamo\convert_frame.py:1125]   File "E:\VoiceForge TTV Pipeine\v3\envs\qwen3\Lib\site-packages\torch\_inductor\codecache.py", line 1334, in load
W0905 07:40:07.372000 8916 envs\qwen3\Lib\site-packages\torch\_dynamo\convert_frame.py:1125]     compiled_graph = compile_fx_fn(
W0905 07:40:07.372000 8916 envs\qwen3\Lib\site-packages\torch\_dynamo\convert_frame.py:1125]                      ^^^^^^^^^^^^^^
W0905 07:40:07.372000 8916 envs\qwen3\Lib\site-packages\torch\_dynamo\convert_frame.py:1125]   File "E:\VoiceForge TTV Pipeine\v3\envs\qwen3\Lib\site-packages\torch\_inductor\compile_fx.py", line 570, in codegen_and_compile
W0905 07:40:07.372000 8916 envs\qwen3\Lib\site-packages\torch\_dynamo\convert_frame.py:1125]     compiled_graph = fx_codegen_and_compile(gm, example_inputs, **fx_kwargs)
W0905 07:40:07.372000 8916 envs\qwen3\Lib\site-packages\torch\_dynamo\convert_frame.py:1125]                      ^^^^^^^^^^^^^^^^^^^^^^^^^^^^^^^^^^^^^^^^^^^^^^^^^^^^^^^
W0905 07:40:07.372000 8916 envs\qwen3\Lib\site-packages\torch\_dynamo\convert_frame.py:1125]   File "E:\VoiceForge TTV Pipeine\v3\envs\qwen3\Lib\site-packages\torch\_inductor\compile_fx.py", line 878, in fx_codegen_and_compile
W0905 07:40:07.372000 8916 envs\qwen3\Lib\site-packages\torch\_dynamo\convert_frame.py:1125]     compiled_fn = graph.compile_to_fn()
W0905 07:40:07.372000 8916 envs\qwen3\Lib\site-packages\torch\_dynamo\convert_frame.py:1125]                   ^^^^^^^^^^^^^^^^^^^^^
W0905 07:40:07.372000 8916 envs\qwen3\Lib\site-packages\torch\_dynamo\convert_frame.py:1125]   File "E:\VoiceForge TTV Pipeine\v3\envs\qwen3\Lib\site-packages\torch\_inductor\graph.py", line 1913, in compile_to_fn
W0905 07:40:07.372000 8916 envs\qwen3\Lib\site-packages\torch\_dynamo\convert_frame.py:1125]     return self.compile_to_module().call
W0905 07:40:07.372000 8916 envs\qwen3\Lib\site-packages\torch\_dynamo\convert_frame.py:1125]            ^^^^^^^^^^^^^^^^^^^^^^^^
W0905 07:40:07.372000 8916 envs\qwen3\Lib\site-packages\torch\_dynamo\convert_frame.py:1125]   File "E:\VoiceForge TTV Pipeine\v3\envs\qwen3\Lib\site-packages\torch\_inductor\graph.py", line 1839, in compile_to_module
W0905 07:40:07.372000 8916 envs\qwen3\Lib\site-packages\torch\_dynamo\convert_frame.py:1125]     return self._compile_to_module()
W0905 07:40:07.372000 8916 envs\qwen3\Lib\site-packages\torch\_dynamo\convert_frame.py:1125]            ^^^^^^^^^^^^^^^^^^^^^^^^^
W0905 07:40:07.372000 8916 envs\qwen3\Lib\site-packages\torch\_dynamo\convert_frame.py:1125]   File "E:\VoiceForge TTV Pipeine\v3\envs\qwen3\Lib\site-packages\torch\_inductor\graph.py", line 1845, in _compile_to_module
W0905 07:40:07.372000 8916 envs\qwen3\Lib\site-packages\torch\_dynamo\convert_frame.py:1125]     self.codegen_with_cpp_wrapper() if self.cpp_wrapper else self.codegen()
W0905 07:40:07.372000 8916 envs\qwen3\Lib\site-packages\torch\_dynamo\convert_frame.py:1125]                                                              ^^^^^^^^^^^^^^
W0905 07:40:07.372000 8916 envs\qwen3\Lib\site-packages\torch\_dynamo\convert_frame.py:1125]   File "E:\VoiceForge TTV Pipeine\v3\envs\qwen3\Lib\site-packages\torch\_inductor\graph.py", line 1784, in codegen
W0905 07:40:07.372000 8916 envs\qwen3\Lib\site-packages\torch\_dynamo\convert_frame.py:1125]     self.scheduler.codegen()
W0905 07:40:07.372000 8916 envs\qwen3\Lib\site-packages\torch\_dynamo\convert_frame.py:1125]   File "E:\VoiceForge TTV Pipeine\v3\envs\qwen3\Lib\site-packages\torch\_inductor\scheduler.py", line 3383, in codegen
W0905 07:40:07.372000 8916 envs\qwen3\Lib\site-packages\torch\_dynamo\convert_frame.py:1125]     return self._codegen()
W0905 07:40:07.372000 8916 envs\qwen3\Lib\site-packages\torch\_dynamo\convert_frame.py:1125]            ^^^^^^^^^^^^^^^
W0905 07:40:07.372000 8916 envs\qwen3\Lib\site-packages\torch\_dynamo\convert_frame.py:1125]   File "E:\VoiceForge TTV Pipeine\v3\envs\qwen3\Lib\site-packages\torch\_inductor\scheduler.py", line 3461, in _codegen
W0905 07:40:07.372000 8916 envs\qwen3\Lib\site-packages\torch\_dynamo\convert_frame.py:1125]     self.get_backend(device).codegen_node(node)
W0905 07:40:07.372000 8916 envs\qwen3\Lib\site-packages\torch\_dynamo\convert_frame.py:1125]   File "E:\VoiceForge TTV Pipeine\v3\envs\qwen3\Lib\site-packages\torch\_inductor\codegen\cpp.py", line 4468, in codegen_node
W0905 07:40:07.372000 8916 envs\qwen3\Lib\site-packages\torch\_dynamo\convert_frame.py:1125]     cpp_kernel_proxy = CppKernelProxy(kernel_group)
W0905 07:40:07.372000 8916 envs\qwen3\Lib\site-packages\torch\_dynamo\convert_frame.py:1125]                        ^^^^^^^^^^^^^^^^^^^^^^^^^^^^
W0905 07:40:07.372000 8916 envs\qwen3\Lib\site-packages\torch\_dynamo\convert_frame.py:1125]   File "E:\VoiceForge TTV Pipeine\v3\envs\qwen3\Lib\site-packages\torch\_inductor\codegen\cpp.py", line 3466, in __init__
W0905 07:40:07.372000 8916 envs\qwen3\Lib\site-packages\torch\_dynamo\convert_frame.py:1125]     self.picked_vec_isa: cpu_vec_isa.VecISA = cpu_vec_isa.pick_vec_isa()
W0905 07:40:07.372000 8916 envs\qwen3\Lib\site-packages\torch\_dynamo\convert_frame.py:1125]                                               ^^^^^^^^^^^^^^^^^^^^^^^^^^
W0905 07:40:07.372000 8916 envs\qwen3\Lib\site-packages\torch\_dynamo\convert_frame.py:1125]   File "E:\VoiceForge TTV Pipeine\v3\envs\qwen3\Lib\site-packages\torch\_inductor\cpu_vec_isa.py", line 360, in pick_vec_isa
W0905 07:40:07.372000 8916 envs\qwen3\Lib\site-packages\torch\_dynamo\convert_frame.py:1125]     _valid_vec_isa_list: List[VecISA] = valid_vec_isa_list()
W0905 07:40:07.372000 8916 envs\qwen3\Lib\site-packages\torch\_dynamo\convert_frame.py:1125]                                         ^^^^^^^^^^^^^^^^^^^^
W0905 07:40:07.372000 8916 envs\qwen3\Lib\site-packages\torch\_dynamo\convert_frame.py:1125]   File "E:\VoiceForge TTV Pipeine\v3\envs\qwen3\Lib\site-packages\torch\_inductor\cpu_vec_isa.py", line 350, in valid_vec_isa_list
W0905 07:40:07.372000 8916 envs\qwen3\Lib\site-packages\torch\_dynamo\convert_frame.py:1125]     if all(flag in _cpu_supported_x86_isa for flag in str(isa).split()) and isa:
W0905 07:40:07.372000 8916 envs\qwen3\Lib\site-packages\torch\_dynamo\convert_frame.py:1125]                                                                             ^^^
W0905 07:40:07.372000 8916 envs\qwen3\Lib\site-packages\torch\_dynamo\convert_frame.py:1125]   File "E:\VoiceForge TTV Pipeine\v3\envs\qwen3\Lib\site-packages\torch\_inductor\cpu_vec_isa.py", line 148, in __bool__
W0905 07:40:07.372000 8916 envs\qwen3\Lib\site-packages\torch\_dynamo\convert_frame.py:1125]     return self.check_build(VecISA._avx_code)
W0905 07:40:07.372000 8916 envs\qwen3\Lib\site-packages\torch\_dynamo\convert_frame.py:1125]            ^^^^^^^^^^^^^^^^^^^^^^^^^^^^^^^^^^
W0905 07:40:07.372000 8916 envs\qwen3\Lib\site-packages\torch\_dynamo\convert_frame.py:1125]   File "E:\VoiceForge TTV Pipeine\v3\envs\qwen3\Lib\site-packages\torch\_inductor\cpu_vec_isa.py", line 101, in check_build
W0905 07:40:07.372000 8916 envs\qwen3\Lib\site-packages\torch\_dynamo\convert_frame.py:1125]     extra=_get_isa_dry_compile_fingerprint(self._arch_flags),
W0905 07:40:07.372000 8916 envs\qwen3\Lib\site-packages\torch\_dynamo\convert_frame.py:1125]           ^^^^^^^^^^^^^^^^^^^^^^^^^^^^^^^^^^^^^^^^^^^^^^^^^^
W0905 07:40:07.372000 8916 envs\qwen3\Lib\site-packages\torch\_dynamo\convert_frame.py:1125]   File "E:\VoiceForge TTV Pipeine\v3\envs\qwen3\Lib\site-packages\torch\_inductor\cpu_vec_isa.py", line 27, in _get_isa_dry_compile_fingerprint
W0905 07:40:07.372000 8916 envs\qwen3\Lib\site-packages\torch\_dynamo\convert_frame.py:1125]     compiler_info = get_compiler_version_info(get_cpp_compiler())
W0905 07:40:07.372000 8916 envs\qwen3\Lib\site-packages\torch\_dynamo\convert_frame.py:1125]                                               ^^^^^^^^^^^^^^^^^^
W0905 07:40:07.372000 8916 envs\qwen3\Lib\site-packages\torch\_dynamo\convert_frame.py:1125]   File "E:\VoiceForge TTV Pipeine\v3\envs\qwen3\Lib\site-packages\torch\_inductor\cpp_builder.py", line 144, in get_cpp_compiler
W0905 07:40:07.372000 8916 envs\qwen3\Lib\site-packages\torch\_dynamo\convert_frame.py:1125]     check_compiler_exist_windows(compiler)
W0905 07:40:07.372000 8916 envs\qwen3\Lib\site-packages\torch\_dynamo\convert_frame.py:1125]   File "E:\VoiceForge TTV Pipeine\v3\envs\qwen3\Lib\site-packages\torch\_inductor\cpp_builder.py", line 135, in check_compiler_exist_windows
W0905 07:40:07.372000 8916 envs\qwen3\Lib\site-packages\torch\_dynamo\convert_frame.py:1125]     raise RuntimeError(f"Compiler: {compiler} is not found.") from exc
W0905 07:40:07.372000 8916 envs\qwen3\Lib\site-packages\torch\_dynamo\convert_frame.py:1125] RuntimeError: Compiler: cl is not found.
W0905 07:40:07.372000 8916 envs\qwen3\Lib\site-packages\torch\_dynamo\convert_frame.py:1125] 
W0905 07:40:07.372000 8916 envs\qwen3\Lib\site-packages\torch\_dynamo\convert_frame.py:1125] The above exception was the direct cause of the following exception:
W0905 07:40:07.372000 8916 envs\qwen3\Lib\site-packages\torch\_dynamo\convert_frame.py:1125] 
W0905 07:40:07.372000 8916 envs\qwen3\Lib\site-packages\torch\_dynamo\convert_frame.py:1125] Traceback (most recent call last):
W0905 07:40:07.372000 8916 envs\qwen3\Lib\site-packages\torch\_dynamo\convert_frame.py:1125]   File "E:\VoiceForge TTV Pipeine\v3\envs\qwen3\Lib\site-packages\torch\_dynamo\convert_frame.py", line 1064, in __call__
W0905 07:40:07.372000 8916 envs\qwen3\Lib\site-packages\torch\_dynamo\convert_frame.py:1125]     result = self._inner_convert(
W0905 07:40:07.372000 8916 envs\qwen3\Lib\site-packages\torch\_dynamo\convert_frame.py:1125]              ^^^^^^^^^^^^^^^^^^^^
W0905 07:40:07.372000 8916 envs\qwen3\Lib\site-packages\torch\_dynamo\convert_frame.py:1125]   File "E:\VoiceForge TTV Pipeine\v3\envs\qwen3\Lib\site-packages\torch\_dynamo\convert_frame.py", line 526, in __call__
W0905 07:40:07.372000 8916 envs\qwen3\Lib\site-packages\torch\_dynamo\convert_frame.py:1125]     return _compile(
W0905 07:40:07.372000 8916 envs\qwen3\Lib\site-packages\torch\_dynamo\convert_frame.py:1125]            ^^^^^^^^^
W0905 07:40:07.372000 8916 envs\qwen3\Lib\site-packages\torch\_dynamo\convert_frame.py:1125]   File "E:\VoiceForge TTV Pipeine\v3\envs\qwen3\Lib\site-packages\torch\_dynamo\convert_frame.py", line 924, in _compile
W0905 07:40:07.372000 8916 envs\qwen3\Lib\site-packages\torch\_dynamo\convert_frame.py:1125]     guarded_code = compile_inner(code, one_graph, hooks, transform)
W0905 07:40:07.372000 8916 envs\qwen3\Lib\site-packages\torch\_dynamo\convert_frame.py:1125]                    ^^^^^^^^^^^^^^^^^^^^^^^^^^^^^^^^^^^^^^^^^^^^^^^^
W0905 07:40:07.372000 8916 envs\qwen3\Lib\site-packages\torch\_dynamo\convert_frame.py:1125]   File "E:\VoiceForge TTV Pipeine\v3\envs\qwen3\Lib\site-packages\torch\_dynamo\convert_frame.py", line 666, in compile_inner
W0905 07:40:07.372000 8916 envs\qwen3\Lib\site-packages\torch\_dynamo\convert_frame.py:1125]     return _compile_inner(code, one_graph, hooks, transform)
W0905 07:40:07.372000 8916 envs\qwen3\Lib\site-packages\torch\_dynamo\convert_frame.py:1125]            ^^^^^^^^^^^^^^^^^^^^^^^^^^^^^^^^^^^^^^^^^^^^^^^^^
W0905 07:40:07.372000 8916 envs\qwen3\Lib\site-packages\torch\_dynamo\convert_frame.py:1125]   File "E:\VoiceForge TTV Pipeine\v3\envs\qwen3\Lib\site-packages\torch\_utils_internal.py", line 87, in wrapper_function
W0905 07:40:07.372000 8916 envs\qwen3\Lib\site-packages\torch\_dynamo\convert_frame.py:1125]     return function(*args, **kwargs)
W0905 07:40:07.372000 8916 envs\qwen3\Lib\site-packages\torch\_dynamo\convert_frame.py:1125]            ^^^^^^^^^^^^^^^^^^^^^^^^^
W0905 07:40:07.372000 8916 envs\qwen3\Lib\site-packages\torch\_dynamo\convert_frame.py:1125]   File "E:\VoiceForge TTV Pipeine\v3\envs\qwen3\Lib\site-packages\torch\_dynamo\convert_frame.py", line 699, in _compile_inner
W0905 07:40:07.372000 8916 envs\qwen3\Lib\site-packages\torch\_dynamo\convert_frame.py:1125]     out_code = transform_code_object(code, transform)
W0905 07:40:07.372000 8916 envs\qwen3\Lib\site-packages\torch\_dynamo\convert_frame.py:1125]                ^^^^^^^^^^^^^^^^^^^^^^^^^^^^^^^^^^^^^^
W0905 07:40:07.372000 8916 envs\qwen3\Lib\site-packages\torch\_dynamo\convert_frame.py:1125]   File "E:\VoiceForge TTV Pipeine\v3\envs\qwen3\Lib\site-packages\torch\_dynamo\bytecode_transformation.py", line 1322, in transform_code_object
W0905 07:40:07.372000 8916 envs\qwen3\Lib\site-packages\torch\_dynamo\convert_frame.py:1125]     transformations(instructions, code_options)
W0905 07:40:07.372000 8916 envs\qwen3\Lib\site-packages\torch\_dynamo\convert_frame.py:1125]   File "E:\VoiceForge TTV Pipeine\v3\envs\qwen3\Lib\site-packages\torch\_dynamo\convert_frame.py", line 219, in _fn
W0905 07:40:07.372000 8916 envs\qwen3\Lib\site-packages\torch\_dynamo\convert_frame.py:1125]     return fn(*args, **kwargs)
W0905 07:40:07.372000 8916 envs\qwen3\Lib\site-packages\torch\_dynamo\convert_frame.py:1125]            ^^^^^^^^^^^^^^^^^^^
W0905 07:40:07.372000 8916 envs\qwen3\Lib\site-packages\torch\_dynamo\convert_frame.py:1125]   File "E:\VoiceForge TTV Pipeine\v3\envs\qwen3\Lib\site-packages\torch\_dynamo\convert_frame.py", line 634, in transform
W0905 07:40:07.372000 8916 envs\qwen3\Lib\site-packages\torch\_dynamo\convert_frame.py:1125]     tracer.run()
W0905 07:40:07.372000 8916 envs\qwen3\Lib\site-packages\torch\_dynamo\convert_frame.py:1125]   File "E:\VoiceForge TTV Pipeine\v3\envs\qwen3\Lib\site-packages\torch\_dynamo\symbolic_convert.py", line 2796, in run
W0905 07:40:07.372000 8916 envs\qwen3\Lib\site-packages\torch\_dynamo\convert_frame.py:1125]     super().run()
W0905 07:40:07.372000 8916 envs\qwen3\Lib\site-packages\torch\_dynamo\convert_frame.py:1125]   File "E:\VoiceForge TTV Pipeine\v3\envs\qwen3\Lib\site-packages\torch\_dynamo\symbolic_convert.py", line 983, in run
W0905 07:40:07.372000 8916 envs\qwen3\Lib\site-packages\torch\_dynamo\convert_frame.py:1125]     while self.step():
W0905 07:40:07.372000 8916 envs\qwen3\Lib\site-packages\torch\_dynamo\convert_frame.py:1125]           ^^^^^^^^^^^
W0905 07:40:07.372000 8916 envs\qwen3\Lib\site-packages\torch\_dynamo\convert_frame.py:1125]   File "E:\VoiceForge TTV Pipeine\v3\envs\qwen3\Lib\site-packages\torch\_dynamo\symbolic_convert.py", line 895, in step
W0905 07:40:07.372000 8916 envs\qwen3\Lib\site-packages\torch\_dynamo\convert_frame.py:1125]     self.dispatch_table[inst.opcode](self, inst)
W0905 07:40:07.372000 8916 envs\qwen3\Lib\site-packages\torch\_dynamo\convert_frame.py:1125]   File "E:\VoiceForge TTV Pipeine\v3\envs\qwen3\Lib\site-packages\torch\_dynamo\symbolic_convert.py", line 2987, in RETURN_VALUE
W0905 07:40:07.372000 8916 envs\qwen3\Lib\site-packages\torch\_dynamo\convert_frame.py:1125]     self._return(inst)
W0905 07:40:07.372000 8916 envs\qwen3\Lib\site-packages\torch\_dynamo\convert_frame.py:1125]   File "E:\VoiceForge TTV Pipeine\v3\envs\qwen3\Lib\site-packages\torch\_dynamo\symbolic_convert.py", line 2972, in _return
W0905 07:40:07.372000 8916 envs\qwen3\Lib\site-packages\torch\_dynamo\convert_frame.py:1125]     self.output.compile_subgraph(
W0905 07:40:07.372000 8916 envs\qwen3\Lib\site-packages\torch\_dynamo\convert_frame.py:1125]   File "E:\VoiceForge TTV Pipeine\v3\envs\qwen3\Lib\site-packages\torch\_dynamo\output_graph.py", line 1117, in compile_subgraph
W0905 07:40:07.372000 8916 envs\qwen3\Lib\site-packages\torch\_dynamo\convert_frame.py:1125]     self.compile_and_call_fx_graph(tx, list(reversed(stack_values)), root)
W0905 07:40:07.372000 8916 envs\qwen3\Lib\site-packages\torch\_dynamo\convert_frame.py:1125]   File "E:\VoiceForge TTV Pipeine\v3\envs\qwen3\Lib\site-packages\torch\_dynamo\output_graph.py", line 1369, in compile_and_call_fx_graph
W0905 07:40:07.372000 8916 envs\qwen3\Lib\site-packages\torch\_dynamo\convert_frame.py:1125]     compiled_fn = self.call_user_compiler(gm)
W0905 07:40:07.372000 8916 envs\qwen3\Lib\site-packages\torch\_dynamo\convert_frame.py:1125]                   ^^^^^^^^^^^^^^^^^^^^^^^^^^^
W0905 07:40:07.372000 8916 envs\qwen3\Lib\site-packages\torch\_dynamo\convert_frame.py:1125]   File "E:\VoiceForge TTV Pipeine\v3\envs\qwen3\Lib\site-packages\torch\_dynamo\output_graph.py", line 1416, in call_user_compiler
W0905 07:40:07.372000 8916 envs\qwen3\Lib\site-packages\torch\_dynamo\convert_frame.py:1125]     return self._call_user_compiler(gm)
W0905 07:40:07.372000 8916 envs\qwen3\Lib\site-packages\torch\_dynamo\convert_frame.py:1125]            ^^^^^^^^^^^^^^^^^^^^^^^^^^^^
W0905 07:40:07.372000 8916 envs\qwen3\Lib\site-packages\torch\_dynamo\convert_frame.py:1125]   File "E:\VoiceForge TTV Pipeine\v3\envs\qwen3\Lib\site-packages\torch\_dynamo\output_graph.py", line 1465, in _call_user_compiler
W0905 07:40:07.372000 8916 envs\qwen3\Lib\site-packages\torch\_dynamo\convert_frame.py:1125]     raise BackendCompilerFailed(self.compiler_fn, e) from e
W0905 07:40:07.372000 8916 envs\qwen3\Lib\site-packages\torch\_dynamo\convert_frame.py:1125] torch._dynamo.exc.BackendCompilerFailed: backend='inductor' raised:
W0905 07:40:07.372000 8916 envs\qwen3\Lib\site-packages\torch\_dynamo\convert_frame.py:1125] RuntimeError: Compiler: cl is not found.
W0905 07:40:07.372000 8916 envs\qwen3\Lib\site-packages\torch\_dynamo\convert_frame.py:1125] 
W0905 07:40:07.372000 8916 envs\qwen3\Lib\site-packages\torch\_dynamo\convert_frame.py:1125] Set TORCH_LOGS="+dynamo" and TORCHDYNAMO_VERBOSE=1 for more information
W0905 07:40:07.372000 8916 envs\qwen3\Lib\site-packages\torch\_dynamo\convert_frame.py:1125] 
W0905 07:40:07.372000 8916 envs\qwen3\Lib\site-packages\torch\_dynamo\convert_frame.py:1125] Traceback (most recent call last):
W0905 07:40:07.372000 8916 envs\qwen3\Lib\site-packages\torch\_dynamo\convert_frame.py:1125]   File "E:\VoiceForge TTV Pipeine\v3\envs\qwen3\Lib\site-packages\torch\_inductor\cpp_builder.py", line 130, in check_compiler_exist_windows
W0905 07:40:07.372000 8916 envs\qwen3\Lib\site-packages\torch\_dynamo\convert_frame.py:1125]     subprocess.check_output([compiler, "/help"], stderr=subprocess.STDOUT)
W0905 07:40:07.372000 8916 envs\qwen3\Lib\site-packages\torch\_dynamo\convert_frame.py:1125]   File "C:\Python312\Lib\subprocess.py", line 466, in check_output
W0905 07:40:07.372000 8916 envs\qwen3\Lib\site-packages\torch\_dynamo\convert_frame.py:1125]     return run(*popenargs, stdout=PIPE, timeout=timeout, check=True,
W0905 07:40:07.372000 8916 envs\qwen3\Lib\site-packages\torch\_dynamo\convert_frame.py:1125]            ^^^^^^^^^^^^^^^^^^^^^^^^^^^^^^^^^^^^^^^^^^^^^^^^^^^^^^^^^
W0905 07:40:07.372000 8916 envs\qwen3\Lib\site-packages\torch\_dynamo\convert_frame.py:1125]   File "C:\Python312\Lib\subprocess.py", line 548, in run
W0905 07:40:07.372000 8916 envs\qwen3\Lib\site-packages\torch\_dynamo\convert_frame.py:1125]     with Popen(*popenargs, **kwargs) as process:
W0905 07:40:07.372000 8916 envs\qwen3\Lib\site-packages\torch\_dynamo\convert_frame.py:1125]          ^^^^^^^^^^^^^^^^^^^^^^^^^^^
W0905 07:40:07.372000 8916 envs\qwen3\Lib\site-packages\torch\_dynamo\convert_frame.py:1125]   File "C:\Python312\Lib\subprocess.py", line 1026, in __init__
W0905 07:40:07.372000 8916 envs\qwen3\Lib\site-packages\torch\_dynamo\convert_frame.py:1125]     self._execute_child(args, executable, preexec_fn, close_fds,
W0905 07:40:07.372000 8916 envs\qwen3\Lib\site-packages\torch\_dynamo\convert_frame.py:1125]   File "C:\Python312\Lib\subprocess.py", line 1538, in _execute_child
W0905 07:40:07.372000 8916 envs\qwen3\Lib\site-packages\torch\_dynamo\convert_frame.py:1125]     hp, ht, pid, tid = _winapi.CreateProcess(executable, args,
W0905 07:40:07.372000 8916 envs\qwen3\Lib\site-packages\torch\_dynamo\convert_frame.py:1125]                        ^^^^^^^^^^^^^^^^^^^^^^^^^^^^^^^^^^^^^^^
W0905 07:40:07.372000 8916 envs\qwen3\Lib\site-packages\torch\_dynamo\convert_frame.py:1125] FileNotFoundError: [WinError 2] The system cannot find the file specified
W0905 07:40:07.372000 8916 envs\qwen3\Lib\site-packages\torch\_dynamo\convert_frame.py:1125] 
W0905 07:40:07.372000 8916 envs\qwen3\Lib\site-packages\torch\_dynamo\convert_frame.py:1125] The above exception was the direct cause of the following exception:
W0905 07:40:07.372000 8916 envs\qwen3\Lib\site-packages\torch\_dynamo\convert_frame.py:1125] 
W0905 07:40:07.372000 8916 envs\qwen3\Lib\site-packages\torch\_dynamo\convert_frame.py:1125] Traceback (most recent call last):
W0905 07:40:07.372000 8916 envs\qwen3\Lib\site-packages\torch\_dynamo\convert_frame.py:1125]   File "E:\VoiceForge TTV Pipeine\v3\envs\qwen3\Lib\site-packages\torch\_dynamo\output_graph.py", line 1446, in _call_user_compiler
W0905 07:40:07.372000 8916 envs\qwen3\Lib\site-packages\torch\_dynamo\convert_frame.py:1125]     compiled_fn = compiler_fn(gm, self.example_inputs())
W0905 07:40:07.372000 8916 envs\qwen3\Lib\site-packages\torch\_dynamo\convert_frame.py:1125]                   ^^^^^^^^^^^^^^^^^^^^^^^^^^^^^^^^^^^^^^
W0905 07:40:07.372000 8916 envs\qwen3\Lib\site-packages\torch\_dynamo\convert_frame.py:1125]   File "E:\VoiceForge TTV Pipeine\v3\envs\qwen3\Lib\site-packages\torch\_dynamo\repro\after_dynamo.py", line 129, in __call__
W0905 07:40:07.372000 8916 envs\qwen3\Lib\site-packages\torch\_dynamo\convert_frame.py:1125]     compiled_gm = compiler_fn(gm, example_inputs)
W0905 07:40:07.372000 8916 envs\qwen3\Lib\site-packages\torch\_dynamo\convert_frame.py:1125]                   ^^^^^^^^^^^^^^^^^^^^^^^^^^^^^^^
W0905 07:40:07.372000 8916 envs\qwen3\Lib\site-packages\torch\_dynamo\convert_frame.py:1125]   File "E:\VoiceForge TTV Pipeine\v3\envs\qwen3\Lib\site-packages\torch\__init__.py", line 2234, in __call__
W0905 07:40:07.372000 8916 envs\qwen3\Lib\site-packages\torch\_dynamo\convert_frame.py:1125]     return compile_fx(model_, inputs_, config_patches=self.config)
W0905 07:40:07.372000 8916 envs\qwen3\Lib\site-packages\torch\_dynamo\convert_frame.py:1125]            ^^^^^^^^^^^^^^^^^^^^^^^^^^^^^^^^^^^^^^^^^^^^^^^^^^^^^^^
W0905 07:40:07.372000 8916 envs\qwen3\Lib\site-packages\torch\_dynamo\convert_frame.py:1125]   File "E:\VoiceForge TTV Pipeine\v3\envs\qwen3\Lib\site-packages\torch\_inductor\compile_fx.py", line 1521, in compile_fx
W0905 07:40:07.372000 8916 envs\qwen3\Lib\site-packages\torch\_dynamo\convert_frame.py:1125]     return aot_autograd(
W0905 07:40:07.372000 8916 envs\qwen3\Lib\site-packages\torch\_dynamo\convert_frame.py:1125]            ^^^^^^^^^^^^^
W0905 07:40:07.372000 8916 envs\qwen3\Lib\site-packages\torch\_dynamo\convert_frame.py:1125]   File "E:\VoiceForge TTV Pipeine\v3\envs\qwen3\Lib\site-packages\torch\_dynamo\backends\common.py", line 72, in __call__
W0905 07:40:07.372000 8916 envs\qwen3\Lib\site-packages\torch\_dynamo\convert_frame.py:1125]     cg = aot_module_simplified(gm, example_inputs, **self.kwargs)
W0905 07:40:07.372000 8916 envs\qwen3\Lib\site-packages\torch\_dynamo\convert_frame.py:1125]          ^^^^^^^^^^^^^^^^^^^^^^^^^^^^^^^^^^^^^^^^^^^^^^^^^^^^^^^^
W0905 07:40:07.372000 8916 envs\qwen3\Lib\site-packages\torch\_dynamo\convert_frame.py:1125]   File "E:\VoiceForge TTV Pipeine\v3\envs\qwen3\Lib\site-packages\torch\_functorch\aot_autograd.py", line 1071, in aot_module_simplified
W0905 07:40:07.372000 8916 envs\qwen3\Lib\site-packages\torch\_dynamo\convert_frame.py:1125]     compiled_fn = dispatch_and_compile()
W0905 07:40:07.372000 8916 envs\qwen3\Lib\site-packages\torch\_dynamo\convert_frame.py:1125]                   ^^^^^^^^^^^^^^^^^^^^^^
W0905 07:40:07.372000 8916 envs\qwen3\Lib\site-packages\torch\_dynamo\convert_frame.py:1125]   File "E:\VoiceForge TTV Pipeine\v3\envs\qwen3\Lib\site-packages\torch\_functorch\aot_autograd.py", line 1056, in dispatch_and_compile
W0905 07:40:07.372000 8916 envs\qwen3\Lib\site-packages\torch\_dynamo\convert_frame.py:1125]     compiled_fn, _ = create_aot_dispatcher_function(
W0905 07:40:07.372000 8916 envs\qwen3\Lib\site-packages\torch\_dynamo\convert_frame.py:1125]                      ^^^^^^^^^^^^^^^^^^^^^^^^^^^^^^^
W0905 07:40:07.372000 8916 envs\qwen3\Lib\site-packages\torch\_dynamo\convert_frame.py:1125]   File "E:\VoiceForge TTV Pipeine\v3\envs\qwen3\Lib\site-packages\torch\_functorch\aot_autograd.py", line 522, in create_aot_dispatcher_function
W0905 07:40:07.372000 8916 envs\qwen3\Lib\site-packages\torch\_dynamo\convert_frame.py:1125]     return _create_aot_dispatcher_function(
W0905 07:40:07.372000 8916 envs\qwen3\Lib\site-packages\torch\_dynamo\convert_frame.py:1125]            ^^^^^^^^^^^^^^^^^^^^^^^^^^^^^^^^
W0905 07:40:07.372000 8916 envs\qwen3\Lib\site-packages\torch\_dynamo\convert_frame.py:1125]   File "E:\VoiceForge TTV Pipeine\v3\envs\qwen3\Lib\site-packages\torch\_functorch\aot_autograd.py", line 759, in _create_aot_dispatcher_function
W0905 07:40:07.372000 8916 envs\qwen3\Lib\site-packages\torch\_dynamo\convert_frame.py:1125]     compiled_fn, fw_metadata = compiler_fn(
W0905 07:40:07.372000 8916 envs\qwen3\Lib\site-packages\torch\_dynamo\convert_frame.py:1125]                                ^^^^^^^^^^^^
W0905 07:40:07.372000 8916 envs\qwen3\Lib\site-packages\torch\_dynamo\convert_frame.py:1125]   File "E:\VoiceForge TTV Pipeine\v3\envs\qwen3\Lib\site-packages\torch\_functorch\_aot_autograd\jit_compile_runtime_wrappers.py", line 179, in aot_dispatch_base
W0905 07:40:07.372000 8916 envs\qwen3\Lib\site-packages\torch\_dynamo\convert_frame.py:1125]     compiled_fw = compiler(fw_module, updated_flat_args)
W0905 07:40:07.372000 8916 envs\qwen3\Lib\site-packages\torch\_dynamo\convert_frame.py:1125]                   ^^^^^^^^^^^^^^^^^^^^^^^^^^^^^^^^^^^^^^
W0905 07:40:07.372000 8916 envs\qwen3\Lib\site-packages\torch\_dynamo\convert_frame.py:1125]   File "E:\VoiceForge TTV Pipeine\v3\envs\qwen3\Lib\site-packages\torch\_inductor\compile_fx.py", line 1350, in fw_compiler_base
W0905 07:40:07.372000 8916 envs\qwen3\Lib\site-packages\torch\_dynamo\convert_frame.py:1125]     return _fw_compiler_base(model, example_inputs, is_inference)
W0905 07:40:07.372000 8916 envs\qwen3\Lib\site-packages\torch\_dynamo\convert_frame.py:1125]            ^^^^^^^^^^^^^^^^^^^^^^^^^^^^^^^^^^^^^^^^^^^^^^^^^^^^^^
W0905 07:40:07.372000 8916 envs\qwen3\Lib\site-packages\torch\_dynamo\convert_frame.py:1125]   File "E:\VoiceForge TTV Pipeine\v3\envs\qwen3\Lib\site-packages\torch\_inductor\compile_fx.py", line 1421, in _fw_compiler_base
W0905 07:40:07.372000 8916 envs\qwen3\Lib\site-packages\torch\_dynamo\convert_frame.py:1125]     return inner_compile(
W0905 07:40:07.372000 8916 envs\qwen3\Lib\site-packages\torch\_dynamo\convert_frame.py:1125]            ^^^^^^^^^^^^^^
W0905 07:40:07.372000 8916 envs\qwen3\Lib\site-packages\torch\_dynamo\convert_frame.py:1125]   File "E:\VoiceForge TTV Pipeine\v3\envs\qwen3\Lib\site-packages\torch\_inductor\compile_fx.py", line 475, in compile_fx_inner
W0905 07:40:07.372000 8916 envs\qwen3\Lib\site-packages\torch\_dynamo\convert_frame.py:1125]     return wrap_compiler_debug(_compile_fx_inner, compiler_name="inductor")(
W0905 07:40:07.372000 8916 envs\qwen3\Lib\site-packages\torch\_dynamo\convert_frame.py:1125]            ^^^^^^^^^^^^^^^^^^^^^^^^^^^^^^^^^^^^^^^^^^^^^^^^^^^^^^^^^^^^^^^^^
W0905 07:40:07.372000 8916 envs\qwen3\Lib\site-packages\torch\_dynamo\convert_frame.py:1125]   File "E:\VoiceForge TTV Pipeine\v3\envs\qwen3\Lib\site-packages\torch\_dynamo\repro\after_aot.py", line 85, in debug_wrapper
W0905 07:40:07.372000 8916 envs\qwen3\Lib\site-packages\torch\_dynamo\convert_frame.py:1125]     inner_compiled_fn = compiler_fn(gm, example_inputs)
W0905 07:40:07.372000 8916 envs\qwen3\Lib\site-packages\torch\_dynamo\convert_frame.py:1125]                         ^^^^^^^^^^^^^^^^^^^^^^^^^^^^^^^
W0905 07:40:07.372000 8916 envs\qwen3\Lib\site-packages\torch\_dynamo\convert_frame.py:1125]   File "E:\VoiceForge TTV Pipeine\v3\envs\qwen3\Lib\site-packages\torch\_inductor\compile_fx.py", line 661, in _compile_fx_inner
W0905 07:40:07.372000 8916 envs\qwen3\Lib\site-packages\torch\_dynamo\convert_frame.py:1125]     compiled_graph = FxGraphCache.load(
W0905 07:40:07.372000 8916 envs\qwen3\Lib\site-packages\torch\_dynamo\convert_frame.py:1125]                      ^^^^^^^^^^^^^^^^^^
W0905 07:40:07.372000 8916 envs\qwen3\Lib\site-packages\torch\_dynamo\convert_frame.py:1125]   File "E:\VoiceForge TTV Pipeine\v3\envs\qwen3\Lib\site-packages\torch\_inductor\codecache.py", line 1334, in load
W0905 07:40:07.372000 8916 envs\qwen3\Lib\site-packages\torch\_dynamo\convert_frame.py:1125]     compiled_graph = compile_fx_fn(
W0905 07:40:07.372000 8916 envs\qwen3\Lib\site-packages\torch\_dynamo\convert_frame.py:1125]                      ^^^^^^^^^^^^^^
W0905 07:40:07.372000 8916 envs\qwen3\Lib\site-packages\torch\_dynamo\convert_frame.py:1125]   File "E:\VoiceForge TTV Pipeine\v3\envs\qwen3\Lib\site-packages\torch\_inductor\compile_fx.py", line 570, in codegen_and_compile
W0905 07:40:07.372000 8916 envs\qwen3\Lib\site-packages\torch\_dynamo\convert_frame.py:1125]     compiled_graph = fx_codegen_and_compile(gm, example_inputs, **fx_kwargs)
W0905 07:40:07.372000 8916 envs\qwen3\Lib\site-packages\torch\_dynamo\convert_frame.py:1125]                      ^^^^^^^^^^^^^^^^^^^^^^^^^^^^^^^^^^^^^^^^^^^^^^^^^^^^^^^
W0905 07:40:07.372000 8916 envs\qwen3\Lib\site-packages\torch\_dynamo\convert_frame.py:1125]   File "E:\VoiceForge TTV Pipeine\v3\envs\qwen3\Lib\site-packages\torch\_inductor\compile_fx.py", line 878, in fx_codegen_and_compile
W0905 07:40:07.372000 8916 envs\qwen3\Lib\site-packages\torch\_dynamo\convert_frame.py:1125]     compiled_fn = graph.compile_to_fn()
W0905 07:40:07.372000 8916 envs\qwen3\Lib\site-packages\torch\_dynamo\convert_frame.py:1125]                   ^^^^^^^^^^^^^^^^^^^^^
W0905 07:40:07.372000 8916 envs\qwen3\Lib\site-packages\torch\_dynamo\convert_frame.py:1125]   File "E:\VoiceForge TTV Pipeine\v3\envs\qwen3\Lib\site-packages\torch\_inductor\graph.py", line 1913, in compile_to_fn
W0905 07:40:07.372000 8916 envs\qwen3\Lib\site-packages\torch\_dynamo\convert_frame.py:1125]     return self.compile_to_module().call
W0905 07:40:07.372000 8916 envs\qwen3\Lib\site-packages\torch\_dynamo\convert_frame.py:1125]            ^^^^^^^^^^^^^^^^^^^^^^^^
W0905 07:40:07.372000 8916 envs\qwen3\Lib\site-packages\torch\_dynamo\convert_frame.py:1125]   File "E:\VoiceForge TTV Pipeine\v3\envs\qwen3\Lib\site-packages\torch\_inductor\graph.py", line 1839, in compile_to_module
W0905 07:40:07.372000 8916 envs\qwen3\Lib\site-packages\torch\_dynamo\convert_frame.py:1125]     return self._compile_to_module()
W0905 07:40:07.372000 8916 envs\qwen3\Lib\site-packages\torch\_dynamo\convert_frame.py:1125]            ^^^^^^^^^^^^^^^^^^^^^^^^^
W0905 07:40:07.372000 8916 envs\qwen3\Lib\site-packages\torch\_dynamo\convert_frame.py:1125]   File "E:\VoiceForge TTV Pipeine\v3\envs\qwen3\Lib\site-packages\torch\_inductor\graph.py", line 1845, in _compile_to_module
W0905 07:40:07.372000 8916 envs\qwen3\Lib\site-packages\torch\_dynamo\convert_frame.py:1125]     self.codegen_with_cpp_wrapper() if self.cpp_wrapper else self.codegen()
W0905 07:40:07.372000 8916 envs\qwen3\Lib\site-packages\torch\_dynamo\convert_frame.py:1125]                                                              ^^^^^^^^^^^^^^
W0905 07:40:07.372000 8916 envs\qwen3\Lib\site-packages\torch\_dynamo\convert_frame.py:1125]   File "E:\VoiceForge TTV Pipeine\v3\envs\qwen3\Lib\site-packages\torch\_inductor\graph.py", line 1784, in codegen
W0905 07:40:07.372000 8916 envs\qwen3\Lib\site-packages\torch\_dynamo\convert_frame.py:1125]     self.scheduler.codegen()
W0905 07:40:07.372000 8916 envs\qwen3\Lib\site-packages\torch\_dynamo\convert_frame.py:1125]   File "E:\VoiceForge TTV Pipeine\v3\envs\qwen3\Lib\site-packages\torch\_inductor\scheduler.py", line 3383, in codegen
W0905 07:40:07.372000 8916 envs\qwen3\Lib\site-packages\torch\_dynamo\convert_frame.py:1125]     return self._codegen()
W0905 07:40:07.372000 8916 envs\qwen3\Lib\site-packages\torch\_dynamo\convert_frame.py:1125]            ^^^^^^^^^^^^^^^
W0905 07:40:07.372000 8916 envs\qwen3\Lib\site-packages\torch\_dynamo\convert_frame.py:1125]   File "E:\VoiceForge TTV Pipeine\v3\envs\qwen3\Lib\site-packages\torch\_inductor\scheduler.py", line 3461, in _codegen
W0905 07:40:07.372000 8916 envs\qwen3\Lib\site-packages\torch\_dynamo\convert_frame.py:1125]     self.get_backend(device).codegen_node(node)
W0905 07:40:07.372000 8916 envs\qwen3\Lib\site-packages\torch\_dynamo\convert_frame.py:1125]   File "E:\VoiceForge TTV Pipeine\v3\envs\qwen3\Lib\site-packages\torch\_inductor\codegen\cpp.py", line 4468, in codegen_node
W0905 07:40:07.372000 8916 envs\qwen3\Lib\site-packages\torch\_dynamo\convert_frame.py:1125]     cpp_kernel_proxy = CppKernelProxy(kernel_group)
W0905 07:40:07.372000 8916 envs\qwen3\Lib\site-packages\torch\_dynamo\convert_frame.py:1125]                        ^^^^^^^^^^^^^^^^^^^^^^^^^^^^
W0905 07:40:07.372000 8916 envs\qwen3\Lib\site-packages\torch\_dynamo\convert_frame.py:1125]   File "E:\VoiceForge TTV Pipeine\v3\envs\qwen3\Lib\site-packages\torch\_inductor\codegen\cpp.py", line 3466, in __init__
W0905 07:40:07.372000 8916 envs\qwen3\Lib\site-packages\torch\_dynamo\convert_frame.py:1125]     self.picked_vec_isa: cpu_vec_isa.VecISA = cpu_vec_isa.pick_vec_isa()
W0905 07:40:07.372000 8916 envs\qwen3\Lib\site-packages\torch\_dynamo\convert_frame.py:1125]                                               ^^^^^^^^^^^^^^^^^^^^^^^^^^
W0905 07:40:07.372000 8916 envs\qwen3\Lib\site-packages\torch\_dynamo\convert_frame.py:1125]   File "E:\VoiceForge TTV Pipeine\v3\envs\qwen3\Lib\site-packages\torch\_inductor\cpu_vec_isa.py", line 360, in pick_vec_isa
W0905 07:40:07.372000 8916 envs\qwen3\Lib\site-packages\torch\_dynamo\convert_frame.py:1125]     _valid_vec_isa_list: List[VecISA] = valid_vec_isa_list()
W0905 07:40:07.372000 8916 envs\qwen3\Lib\site-packages\torch\_dynamo\convert_frame.py:1125]                                         ^^^^^^^^^^^^^^^^^^^^
W0905 07:40:07.372000 8916 envs\qwen3\Lib\site-packages\torch\_dynamo\convert_frame.py:1125]   File "E:\VoiceForge TTV Pipeine\v3\envs\qwen3\Lib\site-packages\torch\_inductor\cpu_vec_isa.py", line 350, in valid_vec_isa_list
W0905 07:40:07.372000 8916 envs\qwen3\Lib\site-packages\torch\_dynamo\convert_frame.py:1125]     if all(flag in _cpu_supported_x86_isa for flag in str(isa).split()) and isa:
W0905 07:40:07.372000 8916 envs\qwen3\Lib\site-packages\torch\_dynamo\convert_frame.py:1125]                                                                             ^^^
W0905 07:40:07.372000 8916 envs\qwen3\Lib\site-packages\torch\_dynamo\convert_frame.py:1125]   File "E:\VoiceForge TTV Pipeine\v3\envs\qwen3\Lib\site-packages\torch\_inductor\cpu_vec_isa.py", line 148, in __bool__
W0905 07:40:07.372000 8916 envs\qwen3\Lib\site-packages\torch\_dynamo\convert_frame.py:1125]     return self.check_build(VecISA._avx_code)
W0905 07:40:07.372000 8916 envs\qwen3\Lib\site-packages\torch\_dynamo\convert_frame.py:1125]            ^^^^^^^^^^^^^^^^^^^^^^^^^^^^^^^^^^
W0905 07:40:07.372000 8916 envs\qwen3\Lib\site-packages\torch\_dynamo\convert_frame.py:1125]   File "E:\VoiceForge TTV Pipeine\v3\envs\qwen3\Lib\site-packages\torch\_inductor\cpu_vec_isa.py", line 101, in check_build
W0905 07:40:07.372000 8916 envs\qwen3\Lib\site-packages\torch\_dynamo\convert_frame.py:1125]     extra=_get_isa_dry_compile_fingerprint(self._arch_flags),
W0905 07:40:07.372000 8916 envs\qwen3\Lib\site-packages\torch\_dynamo\convert_frame.py:1125]           ^^^^^^^^^^^^^^^^^^^^^^^^^^^^^^^^^^^^^^^^^^^^^^^^^^
W0905 07:40:07.372000 8916 envs\qwen3\Lib\site-packages\torch\_dynamo\convert_frame.py:1125]   File "E:\VoiceForge TTV Pipeine\v3\envs\qwen3\Lib\site-packages\torch\_inductor\cpu_vec_isa.py", line 27, in _get_isa_dry_compile_fingerprint
W0905 07:40:07.372000 8916 envs\qwen3\Lib\site-packages\torch\_dynamo\convert_frame.py:1125]     compiler_info = get_compiler_version_info(get_cpp_compiler())
W0905 07:40:07.372000 8916 envs\qwen3\Lib\site-packages\torch\_dynamo\convert_frame.py:1125]                                               ^^^^^^^^^^^^^^^^^^
W0905 07:40:07.372000 8916 envs\qwen3\Lib\site-packages\torch\_dynamo\convert_frame.py:1125]   File "E:\VoiceForge TTV Pipeine\v3\envs\qwen3\Lib\site-packages\torch\_inductor\cpp_builder.py", line 144, in get_cpp_compiler
W0905 07:40:07.372000 8916 envs\qwen3\Lib\site-packages\torch\_dynamo\convert_frame.py:1125]     check_compiler_exist_windows(compiler)
W0905 07:40:07.372000 8916 envs\qwen3\Lib\site-packages\torch\_dynamo\convert_frame.py:1125]   File "E:\VoiceForge TTV Pipeine\v3\envs\qwen3\Lib\site-packages\torch\_inductor\cpp_builder.py", line 135, in check_compiler_exist_windows
W0905 07:40:07.372000 8916 envs\qwen3\Lib\site-packages\torch\_dynamo\convert_frame.py:1125]     raise RuntimeError(f"Compiler: {compiler} is not found.") from exc
W0905 07:40:07.372000 8916 envs\qwen3\Lib\site-packages\torch\_dynamo\convert_frame.py:1125] RuntimeError: Compiler: cl is not found.
W0905 07:40:07.372000 8916 envs\qwen3\Lib\site-packages\torch\_dynamo\convert_frame.py:1125] 
W0905 07:40:07.372000 8916 envs\qwen3\Lib\site-packages\torch\_dynamo\convert_frame.py:1125] The above exception was the direct cause of the following exception:
W0905 07:40:07.372000 8916 envs\qwen3\Lib\site-packages\torch\_dynamo\convert_frame.py:1125] 
W0905 07:40:07.372000 8916 envs\qwen3\Lib\site-packages\torch\_dynamo\convert_frame.py:1125] Traceback (most recent call last):
W0905 07:40:07.372000 8916 envs\qwen3\Lib\site-packages\torch\_dynamo\convert_frame.py:1125]   File "E:\VoiceForge TTV Pipeine\v3\envs\qwen3\Lib\site-packages\torch\_dynamo\convert_frame.py", line 1064, in __call__
W0905 07:40:07.372000 8916 envs\qwen3\Lib\site-packages\torch\_dynamo\convert_frame.py:1125]     result = self._inner_convert(
W0905 07:40:07.372000 8916 envs\qwen3\Lib\site-packages\torch\_dynamo\convert_frame.py:1125]              ^^^^^^^^^^^^^^^^^^^^
W0905 07:40:07.372000 8916 envs\qwen3\Lib\site-packages\torch\_dynamo\convert_frame.py:1125]   File "E:\VoiceForge TTV Pipeine\v3\envs\qwen3\Lib\site-packages\torch\_dynamo\convert_frame.py", line 526, in __call__
W0905 07:40:07.372000 8916 envs\qwen3\Lib\site-packages\torch\_dynamo\convert_frame.py:1125]     return _compile(
W0905 07:40:07.372000 8916 envs\qwen3\Lib\site-packages\torch\_dynamo\convert_frame.py:1125]            ^^^^^^^^^
W0905 07:40:07.372000 8916 envs\qwen3\Lib\site-packages\torch\_dynamo\convert_frame.py:1125]   File "E:\VoiceForge TTV Pipeine\v3\envs\qwen3\Lib\site-packages\torch\_dynamo\convert_frame.py", line 924, in _compile
W0905 07:40:07.372000 8916 envs\qwen3\Lib\site-packages\torch\_dynamo\convert_frame.py:1125]     guarded_code = compile_inner(code, one_graph, hooks, transform)
W0905 07:40:07.372000 8916 envs\qwen3\Lib\site-packages\torch\_dynamo\convert_frame.py:1125]                    ^^^^^^^^^^^^^^^^^^^^^^^^^^^^^^^^^^^^^^^^^^^^^^^^
W0905 07:40:07.372000 8916 envs\qwen3\Lib\site-packages\torch\_dynamo\convert_frame.py:1125]   File "E:\VoiceForge TTV Pipeine\v3\envs\qwen3\Lib\site-packages\torch\_dynamo\convert_frame.py", line 666, in compile_inner
W0905 07:40:07.372000 8916 envs\qwen3\Lib\site-packages\torch\_dynamo\convert_frame.py:1125]     return _compile_inner(code, one_graph, hooks, transform)
W0905 07:40:07.372000 8916 envs\qwen3\Lib\site-packages\torch\_dynamo\convert_frame.py:1125]            ^^^^^^^^^^^^^^^^^^^^^^^^^^^^^^^^^^^^^^^^^^^^^^^^^
W0905 07:40:07.372000 8916 envs\qwen3\Lib\site-packages\torch\_dynamo\convert_frame.py:1125]   File "E:\VoiceForge TTV Pipeine\v3\envs\qwen3\Lib\site-packages\torch\_utils_internal.py", line 87, in wrapper_function
W0905 07:40:07.372000 8916 envs\qwen3\Lib\site-packages\torch\_dynamo\convert_frame.py:1125]     return function(*args, **kwargs)
W0905 07:40:07.372000 8916 envs\qwen3\Lib\site-packages\torch\_dynamo\convert_frame.py:1125]            ^^^^^^^^^^^^^^^^^^^^^^^^^
W0905 07:40:07.372000 8916 envs\qwen3\Lib\site-packages\torch\_dynamo\convert_frame.py:1125]   File "E:\VoiceForge TTV Pipeine\v3\envs\qwen3\Lib\site-packages\torch\_dynamo\convert_frame.py", line 699, in _compile_inner
W0905 07:40:07.372000 8916 envs\qwen3\Lib\site-packages\torch\_dynamo\convert_frame.py:1125]     out_code = transform_code_object(code, transform)
W0905 07:40:07.372000 8916 envs\qwen3\Lib\site-packages\torch\_dynamo\convert_frame.py:1125]                ^^^^^^^^^^^^^^^^^^^^^^^^^^^^^^^^^^^^^^
W0905 07:40:07.372000 8916 envs\qwen3\Lib\site-packages\torch\_dynamo\convert_frame.py:1125]   File "E:\VoiceForge TTV Pipeine\v3\envs\qwen3\Lib\site-packages\torch\_dynamo\bytecode_transformation.py", line 1322, in transform_code_object
W0905 07:40:07.372000 8916 envs\qwen3\Lib\site-packages\torch\_dynamo\convert_frame.py:1125]     transformations(instructions, code_options)
W0905 07:40:07.372000 8916 envs\qwen3\Lib\site-packages\torch\_dynamo\convert_frame.py:1125]   File "E:\VoiceForge TTV Pipeine\v3\envs\qwen3\Lib\site-packages\torch\_dynamo\convert_frame.py", line 219, in _fn
W0905 07:40:07.372000 8916 envs\qwen3\Lib\site-packages\torch\_dynamo\convert_frame.py:1125]     return fn(*args, **kwargs)
W0905 07:40:07.372000 8916 envs\qwen3\Lib\site-packages\torch\_dynamo\convert_frame.py:1125]            ^^^^^^^^^^^^^^^^^^^
W0905 07:40:07.372000 8916 envs\qwen3\Lib\site-packages\torch\_dynamo\convert_frame.py:1125]   File "E:\VoiceForge TTV Pipeine\v3\envs\qwen3\Lib\site-packages\torch\_dynamo\convert_frame.py", line 634, in transform
W0905 07:40:07.372000 8916 envs\qwen3\Lib\site-packages\torch\_dynamo\convert_frame.py:1125]     tracer.run()
W0905 07:40:07.372000 8916 envs\qwen3\Lib\site-packages\torch\_dynamo\convert_frame.py:1125]   File "E:\VoiceForge TTV Pipeine\v3\envs\qwen3\Lib\site-packages\torch\_dynamo\symbolic_convert.py", line 2796, in run
W0905 07:40:07.372000 8916 envs\qwen3\Lib\site-packages\torch\_dynamo\convert_frame.py:1125]     super().run()
W0905 07:40:07.372000 8916 envs\qwen3\Lib\site-packages\torch\_dynamo\convert_frame.py:1125]   File "E:\VoiceForge TTV Pipeine\v3\envs\qwen3\Lib\site-packages\torch\_dynamo\symbolic_convert.py", line 983, in run
W0905 07:40:07.372000 8916 envs\qwen3\Lib\site-packages\torch\_dynamo\convert_frame.py:1125]     while self.step():
W0905 07:40:07.372000 8916 envs\qwen3\Lib\site-packages\torch\_dynamo\convert_frame.py:1125]           ^^^^^^^^^^^
W0905 07:40:07.372000 8916 envs\qwen3\Lib\site-packages\torch\_dynamo\convert_frame.py:1125]   File "E:\VoiceForge TTV Pipeine\v3\envs\qwen3\Lib\site-packages\torch\_dynamo\symbolic_convert.py", line 895, in step
W0905 07:40:07.372000 8916 envs\qwen3\Lib\site-packages\torch\_dynamo\convert_frame.py:1125]     self.dispatch_table[inst.opcode](self, inst)
W0905 07:40:07.372000 8916 envs\qwen3\Lib\site-packages\torch\_dynamo\convert_frame.py:1125]   File "E:\VoiceForge TTV Pipeine\v3\envs\qwen3\Lib\site-packages\torch\_dynamo\symbolic_convert.py", line 2987, in RETURN_VALUE
W0905 07:40:07.372000 8916 envs\qwen3\Lib\site-packages\torch\_dynamo\convert_frame.py:1125]     self._return(inst)
W0905 07:40:07.372000 8916 envs\qwen3\Lib\site-packages\torch\_dynamo\convert_frame.py:1125]   File "E:\VoiceForge TTV Pipeine\v3\envs\qwen3\Lib\site-packages\torch\_dynamo\symbolic_convert.py", line 2972, in _return
W0905 07:40:07.372000 8916 envs\qwen3\Lib\site-packages\torch\_dynamo\convert_frame.py:1125]     self.output.compile_subgraph(
W0905 07:40:07.372000 8916 envs\qwen3\Lib\site-packages\torch\_dynamo\convert_frame.py:1125]   File "E:\VoiceForge TTV Pipeine\v3\envs\qwen3\Lib\site-packages\torch\_dynamo\output_graph.py", line 1117, in compile_subgraph
W0905 07:40:07.372000 8916 envs\qwen3\Lib\site-packages\torch\_dynamo\convert_frame.py:1125]     self.compile_and_call_fx_graph(tx, list(reversed(stack_values)), root)
W0905 07:40:07.372000 8916 envs\qwen3\Lib\site-packages\torch\_dynamo\convert_frame.py:1125]   File "E:\VoiceForge TTV Pipeine\v3\envs\qwen3\Lib\site-packages\torch\_dynamo\output_graph.py", line 1369, in compile_and_call_fx_graph
W0905 07:40:07.372000 8916 envs\qwen3\Lib\site-packages\torch\_dynamo\convert_frame.py:1125]     compiled_fn = self.call_user_compiler(gm)
W0905 07:40:07.372000 8916 envs\qwen3\Lib\site-packages\torch\_dynamo\convert_frame.py:1125]                   ^^^^^^^^^^^^^^^^^^^^^^^^^^^
W0905 07:40:07.372000 8916 envs\qwen3\Lib\site-packages\torch\_dynamo\convert_frame.py:1125]   File "E:\VoiceForge TTV Pipeine\v3\envs\qwen3\Lib\site-packages\torch\_dynamo\output_graph.py", line 1416, in call_user_compiler
W0905 07:40:07.372000 8916 envs\qwen3\Lib\site-packages\torch\_dynamo\convert_frame.py:1125]     return self._call_user_compiler(gm)
W0905 07:40:07.372000 8916 envs\qwen3\Lib\site-packages\torch\_dynamo\convert_frame.py:1125]            ^^^^^^^^^^^^^^^^^^^^^^^^^^^^
W0905 07:40:07.372000 8916 envs\qwen3\Lib\site-packages\torch\_dynamo\convert_frame.py:1125]   File "E:\VoiceForge TTV Pipeine\v3\envs\qwen3\Lib\site-packages\torch\_dynamo\output_graph.py", line 1465, in _call_user_compiler
W0905 07:40:07.372000 8916 envs\qwen3\Lib\site-packages\torch\_dynamo\convert_frame.py:1125]     raise BackendCompilerFailed(self.compiler_fn, e) from e
W0905 07:40:07.372000 8916 envs\qwen3\Lib\site-packages\torch\_dynamo\convert_frame.py:1125] torch._dynamo.exc.BackendCompilerFailed: backend='inductor' raised:
W0905 07:40:07.372000 8916 envs\qwen3\Lib\site-packages\torch\_dynamo\convert_frame.py:1125] RuntimeError: Compiler: cl is not found.
W0905 07:40:07.372000 8916 envs\qwen3\Lib\site-packages\torch\_dynamo\convert_frame.py:1125] 
W0905 07:40:07.372000 8916 envs\qwen3\Lib\site-packages\torch\_dynamo\convert_frame.py:1125] Set TORCH_LOGS="+dynamo" and TORCHDYNAMO_VERBOSE=1 for more information
W0905 07:40:07.372000 8916 envs\qwen3\Lib\site-packages\torch\_dynamo\convert_frame.py:1125] 
W0905 07:40:07.489000 8916 envs\qwen3\Lib\site-packages\torch\_dynamo\convert_frame.py:1125] WON'T CONVERT forward E:\VoiceForge TTV Pipeine\v3\envs\qwen3\Lib\site-packages\audioseal\libs\moshi\modules\conv.py line 157 
W0905 07:40:07.489000 8916 envs\qwen3\Lib\site-packages\torch\_dynamo\convert_frame.py:1125] due to: 
W0905 07:40:07.489000 8916 envs\qwen3\Lib\site-packages\torch\_dynamo\convert_frame.py:1125] Traceback (most recent call last):
W0905 07:40:07.489000 8916 envs\qwen3\Lib\site-packages\torch\_dynamo\convert_frame.py:1125]   File "E:\VoiceForge TTV Pipeine\v3\envs\qwen3\Lib\site-packages\torch\_inductor\cpp_builder.py", line 130, in check_compiler_exist_windows
W0905 07:40:07.489000 8916 envs\qwen3\Lib\site-packages\torch\_dynamo\convert_frame.py:1125]     subprocess.check_output([compiler, "/help"], stderr=subprocess.STDOUT)
W0905 07:40:07.489000 8916 envs\qwen3\Lib\site-packages\torch\_dynamo\convert_frame.py:1125]   File "C:\Python312\Lib\subprocess.py", line 466, in check_output
W0905 07:40:07.489000 8916 envs\qwen3\Lib\site-packages\torch\_dynamo\convert_frame.py:1125]     return run(*popenargs, stdout=PIPE, timeout=timeout, check=True,
W0905 07:40:07.489000 8916 envs\qwen3\Lib\site-packages\torch\_dynamo\convert_frame.py:1125]            ^^^^^^^^^^^^^^^^^^^^^^^^^^^^^^^^^^^^^^^^^^^^^^^^^^^^^^^^^
W0905 07:40:07.489000 8916 envs\qwen3\Lib\site-packages\torch\_dynamo\convert_frame.py:1125]   File "C:\Python312\Lib\subprocess.py", line 548, in run
W0905 07:40:07.489000 8916 envs\qwen3\Lib\site-packages\torch\_dynamo\convert_frame.py:1125]     with Popen(*popenargs, **kwargs) as process:
W0905 07:40:07.489000 8916 envs\qwen3\Lib\site-packages\torch\_dynamo\convert_frame.py:1125]          ^^^^^^^^^^^^^^^^^^^^^^^^^^^
W0905 07:40:07.489000 8916 envs\qwen3\Lib\site-packages\torch\_dynamo\convert_frame.py:1125]   File "C:\Python312\Lib\subprocess.py", line 1026, in __init__
W0905 07:40:07.489000 8916 envs\qwen3\Lib\site-packages\torch\_dynamo\convert_frame.py:1125]     self._execute_child(args, executable, preexec_fn, close_fds,
W0905 07:40:07.489000 8916 envs\qwen3\Lib\site-packages\torch\_dynamo\convert_frame.py:1125]   File "C:\Python312\Lib\subprocess.py", line 1538, in _execute_child
W0905 07:40:07.489000 8916 envs\qwen3\Lib\site-packages\torch\_dynamo\convert_frame.py:1125]     hp, ht, pid, tid = _winapi.CreateProcess(executable, args,
W0905 07:40:07.489000 8916 envs\qwen3\Lib\site-packages\torch\_dynamo\convert_frame.py:1125]                        ^^^^^^^^^^^^^^^^^^^^^^^^^^^^^^^^^^^^^^^
W0905 07:40:07.489000 8916 envs\qwen3\Lib\site-packages\torch\_dynamo\convert_frame.py:1125] FileNotFoundError: [WinError 2] The system cannot find the file specified
W0905 07:40:07.489000 8916 envs\qwen3\Lib\site-packages\torch\_dynamo\convert_frame.py:1125] 
W0905 07:40:07.489000 8916 envs\qwen3\Lib\site-packages\torch\_dynamo\convert_frame.py:1125] The above exception was the direct cause of the following exception:
W0905 07:40:07.489000 8916 envs\qwen3\Lib\site-packages\torch\_dynamo\convert_frame.py:1125] 
W0905 07:40:07.489000 8916 envs\qwen3\Lib\site-packages\torch\_dynamo\convert_frame.py:1125] Traceback (most recent call last):
W0905 07:40:07.489000 8916 envs\qwen3\Lib\site-packages\torch\_dynamo\convert_frame.py:1125]   File "E:\VoiceForge TTV Pipeine\v3\envs\qwen3\Lib\site-packages\torch\_dynamo\output_graph.py", line 1446, in _call_user_compiler
W0905 07:40:07.489000 8916 envs\qwen3\Lib\site-packages\torch\_dynamo\convert_frame.py:1125]     compiled_fn = compiler_fn(gm, self.example_inputs())
W0905 07:40:07.489000 8916 envs\qwen3\Lib\site-packages\torch\_dynamo\convert_frame.py:1125]                   ^^^^^^^^^^^^^^^^^^^^^^^^^^^^^^^^^^^^^^
W0905 07:40:07.489000 8916 envs\qwen3\Lib\site-packages\torch\_dynamo\convert_frame.py:1125]   File "E:\VoiceForge TTV Pipeine\v3\envs\qwen3\Lib\site-packages\torch\_dynamo\repro\after_dynamo.py", line 129, in __call__
W0905 07:40:07.489000 8916 envs\qwen3\Lib\site-packages\torch\_dynamo\convert_frame.py:1125]     compiled_gm = compiler_fn(gm, example_inputs)
W0905 07:40:07.489000 8916 envs\qwen3\Lib\site-packages\torch\_dynamo\convert_frame.py:1125]                   ^^^^^^^^^^^^^^^^^^^^^^^^^^^^^^^
W0905 07:40:07.489000 8916 envs\qwen3\Lib\site-packages\torch\_dynamo\convert_frame.py:1125]   File "E:\VoiceForge TTV Pipeine\v3\envs\qwen3\Lib\site-packages\torch\__init__.py", line 2234, in __call__
W0905 07:40:07.489000 8916 envs\qwen3\Lib\site-packages\torch\_dynamo\convert_frame.py:1125]     return compile_fx(model_, inputs_, config_patches=self.config)
W0905 07:40:07.489000 8916 envs\qwen3\Lib\site-packages\torch\_dynamo\convert_frame.py:1125]            ^^^^^^^^^^^^^^^^^^^^^^^^^^^^^^^^^^^^^^^^^^^^^^^^^^^^^^^
W0905 07:40:07.489000 8916 envs\qwen3\Lib\site-packages\torch\_dynamo\convert_frame.py:1125]   File "E:\VoiceForge TTV Pipeine\v3\envs\qwen3\Lib\site-packages\torch\_inductor\compile_fx.py", line 1521, in compile_fx
W0905 07:40:07.489000 8916 envs\qwen3\Lib\site-packages\torch\_dynamo\convert_frame.py:1125]     return aot_autograd(
W0905 07:40:07.489000 8916 envs\qwen3\Lib\site-packages\torch\_dynamo\convert_frame.py:1125]            ^^^^^^^^^^^^^
W0905 07:40:07.489000 8916 envs\qwen3\Lib\site-packages\torch\_dynamo\convert_frame.py:1125]   File "E:\VoiceForge TTV Pipeine\v3\envs\qwen3\Lib\site-packages\torch\_dynamo\backends\common.py", line 72, in __call__
W0905 07:40:07.489000 8916 envs\qwen3\Lib\site-packages\torch\_dynamo\convert_frame.py:1125]     cg = aot_module_simplified(gm, example_inputs, **self.kwargs)
W0905 07:40:07.489000 8916 envs\qwen3\Lib\site-packages\torch\_dynamo\convert_frame.py:1125]          ^^^^^^^^^^^^^^^^^^^^^^^^^^^^^^^^^^^^^^^^^^^^^^^^^^^^^^^^
W0905 07:40:07.489000 8916 envs\qwen3\Lib\site-packages\torch\_dynamo\convert_frame.py:1125]   File "E:\VoiceForge TTV Pipeine\v3\envs\qwen3\Lib\site-packages\torch\_functorch\aot_autograd.py", line 1071, in aot_module_simplified
W0905 07:40:07.489000 8916 envs\qwen3\Lib\site-packages\torch\_dynamo\convert_frame.py:1125]     compiled_fn = dispatch_and_compile()
W0905 07:40:07.489000 8916 envs\qwen3\Lib\site-packages\torch\_dynamo\convert_frame.py:1125]                   ^^^^^^^^^^^^^^^^^^^^^^
W0905 07:40:07.489000 8916 envs\qwen3\Lib\site-packages\torch\_dynamo\convert_frame.py:1125]   File "E:\VoiceForge TTV Pipeine\v3\envs\qwen3\Lib\site-packages\torch\_functorch\aot_autograd.py", line 1056, in dispatch_and_compile
W0905 07:40:07.489000 8916 envs\qwen3\Lib\site-packages\torch\_dynamo\convert_frame.py:1125]     compiled_fn, _ = create_aot_dispatcher_function(
W0905 07:40:07.489000 8916 envs\qwen3\Lib\site-packages\torch\_dynamo\convert_frame.py:1125]                      ^^^^^^^^^^^^^^^^^^^^^^^^^^^^^^^
W0905 07:40:07.489000 8916 envs\qwen3\Lib\site-packages\torch\_dynamo\convert_frame.py:1125]   File "E:\VoiceForge TTV Pipeine\v3\envs\qwen3\Lib\site-packages\torch\_functorch\aot_autograd.py", line 522, in create_aot_dispatcher_function
W0905 07:40:07.489000 8916 envs\qwen3\Lib\site-packages\torch\_dynamo\convert_frame.py:1125]     return _create_aot_dispatcher_function(
W0905 07:40:07.489000 8916 envs\qwen3\Lib\site-packages\torch\_dynamo\convert_frame.py:1125]            ^^^^^^^^^^^^^^^^^^^^^^^^^^^^^^^^
W0905 07:40:07.489000 8916 envs\qwen3\Lib\site-packages\torch\_dynamo\convert_frame.py:1125]   File "E:\VoiceForge TTV Pipeine\v3\envs\qwen3\Lib\site-packages\torch\_functorch\aot_autograd.py", line 759, in _create_aot_dispatcher_function
W0905 07:40:07.489000 8916 envs\qwen3\Lib\site-packages\torch\_dynamo\convert_frame.py:1125]     compiled_fn, fw_metadata = compiler_fn(
W0905 07:40:07.489000 8916 envs\qwen3\Lib\site-packages\torch\_dynamo\convert_frame.py:1125]                                ^^^^^^^^^^^^
W0905 07:40:07.489000 8916 envs\qwen3\Lib\site-packages\torch\_dynamo\convert_frame.py:1125]   File "E:\VoiceForge TTV Pipeine\v3\envs\qwen3\Lib\site-packages\torch\_functorch\_aot_autograd\jit_compile_runtime_wrappers.py", line 179, in aot_dispatch_base
W0905 07:40:07.489000 8916 envs\qwen3\Lib\site-packages\torch\_dynamo\convert_frame.py:1125]     compiled_fw = compiler(fw_module, updated_flat_args)
W0905 07:40:07.489000 8916 envs\qwen3\Lib\site-packages\torch\_dynamo\convert_frame.py:1125]                   ^^^^^^^^^^^^^^^^^^^^^^^^^^^^^^^^^^^^^^
W0905 07:40:07.489000 8916 envs\qwen3\Lib\site-packages\torch\_dynamo\convert_frame.py:1125]   File "E:\VoiceForge TTV Pipeine\v3\envs\qwen3\Lib\site-packages\torch\_inductor\compile_fx.py", line 1350, in fw_compiler_base
W0905 07:40:07.489000 8916 envs\qwen3\Lib\site-packages\torch\_dynamo\convert_frame.py:1125]     return _fw_compiler_base(model, example_inputs, is_inference)
W0905 07:40:07.489000 8916 envs\qwen3\Lib\site-packages\torch\_dynamo\convert_frame.py:1125]            ^^^^^^^^^^^^^^^^^^^^^^^^^^^^^^^^^^^^^^^^^^^^^^^^^^^^^^
W0905 07:40:07.489000 8916 envs\qwen3\Lib\site-packages\torch\_dynamo\convert_frame.py:1125]   File "E:\VoiceForge TTV Pipeine\v3\envs\qwen3\Lib\site-packages\torch\_inductor\compile_fx.py", line 1421, in _fw_compiler_base
W0905 07:40:07.489000 8916 envs\qwen3\Lib\site-packages\torch\_dynamo\convert_frame.py:1125]     return inner_compile(
W0905 07:40:07.489000 8916 envs\qwen3\Lib\site-packages\torch\_dynamo\convert_frame.py:1125]            ^^^^^^^^^^^^^^
W0905 07:40:07.489000 8916 envs\qwen3\Lib\site-packages\torch\_dynamo\convert_frame.py:1125]   File "E:\VoiceForge TTV Pipeine\v3\envs\qwen3\Lib\site-packages\torch\_inductor\compile_fx.py", line 475, in compile_fx_inner
W0905 07:40:07.489000 8916 envs\qwen3\Lib\site-packages\torch\_dynamo\convert_frame.py:1125]     return wrap_compiler_debug(_compile_fx_inner, compiler_name="inductor")(
W0905 07:40:07.489000 8916 envs\qwen3\Lib\site-packages\torch\_dynamo\convert_frame.py:1125]            ^^^^^^^^^^^^^^^^^^^^^^^^^^^^^^^^^^^^^^^^^^^^^^^^^^^^^^^^^^^^^^^^^
W0905 07:40:07.489000 8916 envs\qwen3\Lib\site-packages\torch\_dynamo\convert_frame.py:1125]   File "E:\VoiceForge TTV Pipeine\v3\envs\qwen3\Lib\site-packages\torch\_dynamo\repro\after_aot.py", line 85, in debug_wrapper
W0905 07:40:07.489000 8916 envs\qwen3\Lib\site-packages\torch\_dynamo\convert_frame.py:1125]     inner_compiled_fn = compiler_fn(gm, example_inputs)
W0905 07:40:07.489000 8916 envs\qwen3\Lib\site-packages\torch\_dynamo\convert_frame.py:1125]                         ^^^^^^^^^^^^^^^^^^^^^^^^^^^^^^^
W0905 07:40:07.489000 8916 envs\qwen3\Lib\site-packages\torch\_dynamo\convert_frame.py:1125]   File "E:\VoiceForge TTV Pipeine\v3\envs\qwen3\Lib\site-packages\torch\_inductor\compile_fx.py", line 661, in _compile_fx_inner
W0905 07:40:07.489000 8916 envs\qwen3\Lib\site-packages\torch\_dynamo\convert_frame.py:1125]     compiled_graph = FxGraphCache.load(
W0905 07:40:07.489000 8916 envs\qwen3\Lib\site-packages\torch\_dynamo\convert_frame.py:1125]                      ^^^^^^^^^^^^^^^^^^
W0905 07:40:07.489000 8916 envs\qwen3\Lib\site-packages\torch\_dynamo\convert_frame.py:1125]   File "E:\VoiceForge TTV Pipeine\v3\envs\qwen3\Lib\site-packages\torch\_inductor\codecache.py", line 1334, in load
W0905 07:40:07.489000 8916 envs\qwen3\Lib\site-packages\torch\_dynamo\convert_frame.py:1125]     compiled_graph = compile_fx_fn(
W0905 07:40:07.489000 8916 envs\qwen3\Lib\site-packages\torch\_dynamo\convert_frame.py:1125]                      ^^^^^^^^^^^^^^
W0905 07:40:07.489000 8916 envs\qwen3\Lib\site-packages\torch\_dynamo\convert_frame.py:1125]   File "E:\VoiceForge TTV Pipeine\v3\envs\qwen3\Lib\site-packages\torch\_inductor\compile_fx.py", line 570, in codegen_and_compile
W0905 07:40:07.489000 8916 envs\qwen3\Lib\site-packages\torch\_dynamo\convert_frame.py:1125]     compiled_graph = fx_codegen_and_compile(gm, example_inputs, **fx_kwargs)
W0905 07:40:07.489000 8916 envs\qwen3\Lib\site-packages\torch\_dynamo\convert_frame.py:1125]                      ^^^^^^^^^^^^^^^^^^^^^^^^^^^^^^^^^^^^^^^^^^^^^^^^^^^^^^^
W0905 07:40:07.489000 8916 envs\qwen3\Lib\site-packages\torch\_dynamo\convert_frame.py:1125]   File "E:\VoiceForge TTV Pipeine\v3\envs\qwen3\Lib\site-packages\torch\_inductor\compile_fx.py", line 878, in fx_codegen_and_compile
W0905 07:40:07.489000 8916 envs\qwen3\Lib\site-packages\torch\_dynamo\convert_frame.py:1125]     compiled_fn = graph.compile_to_fn()
W0905 07:40:07.489000 8916 envs\qwen3\Lib\site-packages\torch\_dynamo\convert_frame.py:1125]                   ^^^^^^^^^^^^^^^^^^^^^
W0905 07:40:07.489000 8916 envs\qwen3\Lib\site-packages\torch\_dynamo\convert_frame.py:1125]   File "E:\VoiceForge TTV Pipeine\v3\envs\qwen3\Lib\site-packages\torch\_inductor\graph.py", line 1913, in compile_to_fn
W0905 07:40:07.489000 8916 envs\qwen3\Lib\site-packages\torch\_dynamo\convert_frame.py:1125]     return self.compile_to_module().call
W0905 07:40:07.489000 8916 envs\qwen3\Lib\site-packages\torch\_dynamo\convert_frame.py:1125]            ^^^^^^^^^^^^^^^^^^^^^^^^
W0905 07:40:07.489000 8916 envs\qwen3\Lib\site-packages\torch\_dynamo\convert_frame.py:1125]   File "E:\VoiceForge TTV Pipeine\v3\envs\qwen3\Lib\site-packages\torch\_inductor\graph.py", line 1839, in compile_to_module
W0905 07:40:07.489000 8916 envs\qwen3\Lib\site-packages\torch\_dynamo\convert_frame.py:1125]     return self._compile_to_module()
W0905 07:40:07.489000 8916 envs\qwen3\Lib\site-packages\torch\_dynamo\convert_frame.py:1125]            ^^^^^^^^^^^^^^^^^^^^^^^^^
W0905 07:40:07.489000 8916 envs\qwen3\Lib\site-packages\torch\_dynamo\convert_frame.py:1125]   File "E:\VoiceForge TTV Pipeine\v3\envs\qwen3\Lib\site-packages\torch\_inductor\graph.py", line 1845, in _compile_to_module
W0905 07:40:07.489000 8916 envs\qwen3\Lib\site-packages\torch\_dynamo\convert_frame.py:1125]     self.codegen_with_cpp_wrapper() if self.cpp_wrapper else self.codegen()
W0905 07:40:07.489000 8916 envs\qwen3\Lib\site-packages\torch\_dynamo\convert_frame.py:1125]                                                              ^^^^^^^^^^^^^^
W0905 07:40:07.489000 8916 envs\qwen3\Lib\site-packages\torch\_dynamo\convert_frame.py:1125]   File "E:\VoiceForge TTV Pipeine\v3\envs\qwen3\Lib\site-packages\torch\_inductor\graph.py", line 1784, in codegen
W0905 07:40:07.489000 8916 envs\qwen3\Lib\site-packages\torch\_dynamo\convert_frame.py:1125]     self.scheduler.codegen()
W0905 07:40:07.489000 8916 envs\qwen3\Lib\site-packages\torch\_dynamo\convert_frame.py:1125]   File "E:\VoiceForge TTV Pipeine\v3\envs\qwen3\Lib\site-packages\torch\_inductor\scheduler.py", line 3383, in codegen
W0905 07:40:07.489000 8916 envs\qwen3\Lib\site-packages\torch\_dynamo\convert_frame.py:1125]     return self._codegen()
W0905 07:40:07.489000 8916 envs\qwen3\Lib\site-packages\torch\_dynamo\convert_frame.py:1125]            ^^^^^^^^^^^^^^^
W0905 07:40:07.489000 8916 envs\qwen3\Lib\site-packages\torch\_dynamo\convert_frame.py:1125]   File "E:\VoiceForge TTV Pipeine\v3\envs\qwen3\Lib\site-packages\torch\_inductor\scheduler.py", line 3461, in _codegen
W0905 07:40:07.489000 8916 envs\qwen3\Lib\site-packages\torch\_dynamo\convert_frame.py:1125]     self.get_backend(device).codegen_node(node)
W0905 07:40:07.489000 8916 envs\qwen3\Lib\site-packages\torch\_dynamo\convert_frame.py:1125]   File "E:\VoiceForge TTV Pipeine\v3\envs\qwen3\Lib\site-packages\torch\_inductor\codegen\cpp.py", line 4468, in codegen_node
W0905 07:40:07.489000 8916 envs\qwen3\Lib\site-packages\torch\_dynamo\convert_frame.py:1125]     cpp_kernel_proxy = CppKernelProxy(kernel_group)
W0905 07:40:07.489000 8916 envs\qwen3\Lib\site-packages\torch\_dynamo\convert_frame.py:1125]                        ^^^^^^^^^^^^^^^^^^^^^^^^^^^^
W0905 07:40:07.489000 8916 envs\qwen3\Lib\site-packages\torch\_dynamo\convert_frame.py:1125]   File "E:\VoiceForge TTV Pipeine\v3\envs\qwen3\Lib\site-packages\torch\_inductor\codegen\cpp.py", line 3466, in __init__
W0905 07:40:07.489000 8916 envs\qwen3\Lib\site-packages\torch\_dynamo\convert_frame.py:1125]     self.picked_vec_isa: cpu_vec_isa.VecISA = cpu_vec_isa.pick_vec_isa()
W0905 07:40:07.489000 8916 envs\qwen3\Lib\site-packages\torch\_dynamo\convert_frame.py:1125]                                               ^^^^^^^^^^^^^^^^^^^^^^^^^^
W0905 07:40:07.489000 8916 envs\qwen3\Lib\site-packages\torch\_dynamo\convert_frame.py:1125]   File "E:\VoiceForge TTV Pipeine\v3\envs\qwen3\Lib\site-packages\torch\_inductor\cpu_vec_isa.py", line 360, in pick_vec_isa
W0905 07:40:07.489000 8916 envs\qwen3\Lib\site-packages\torch\_dynamo\convert_frame.py:1125]     _valid_vec_isa_list: List[VecISA] = valid_vec_isa_list()
W0905 07:40:07.489000 8916 envs\qwen3\Lib\site-packages\torch\_dynamo\convert_frame.py:1125]                                         ^^^^^^^^^^^^^^^^^^^^
W0905 07:40:07.489000 8916 envs\qwen3\Lib\site-packages\torch\_dynamo\convert_frame.py:1125]   File "E:\VoiceForge TTV Pipeine\v3\envs\qwen3\Lib\site-packages\torch\_inductor\cpu_vec_isa.py", line 350, in valid_vec_isa_list
W0905 07:40:07.489000 8916 envs\qwen3\Lib\site-packages\torch\_dynamo\convert_frame.py:1125]     if all(flag in _cpu_supported_x86_isa for flag in str(isa).split()) and isa:
W0905 07:40:07.489000 8916 envs\qwen3\Lib\site-packages\torch\_dynamo\convert_frame.py:1125]                                                                             ^^^
W0905 07:40:07.489000 8916 envs\qwen3\Lib\site-packages\torch\_dynamo\convert_frame.py:1125]   File "E:\VoiceForge TTV Pipeine\v3\envs\qwen3\Lib\site-packages\torch\_inductor\cpu_vec_isa.py", line 148, in __bool__
W0905 07:40:07.489000 8916 envs\qwen3\Lib\site-packages\torch\_dynamo\convert_frame.py:1125]     return self.check_build(VecISA._avx_code)
W0905 07:40:07.489000 8916 envs\qwen3\Lib\site-packages\torch\_dynamo\convert_frame.py:1125]            ^^^^^^^^^^^^^^^^^^^^^^^^^^^^^^^^^^
W0905 07:40:07.489000 8916 envs\qwen3\Lib\site-packages\torch\_dynamo\convert_frame.py:1125]   File "E:\VoiceForge TTV Pipeine\v3\envs\qwen3\Lib\site-packages\torch\_inductor\cpu_vec_isa.py", line 101, in check_build
W0905 07:40:07.489000 8916 envs\qwen3\Lib\site-packages\torch\_dynamo\convert_frame.py:1125]     extra=_get_isa_dry_compile_fingerprint(self._arch_flags),
W0905 07:40:07.489000 8916 envs\qwen3\Lib\site-packages\torch\_dynamo\convert_frame.py:1125]           ^^^^^^^^^^^^^^^^^^^^^^^^^^^^^^^^^^^^^^^^^^^^^^^^^^
W0905 07:40:07.489000 8916 envs\qwen3\Lib\site-packages\torch\_dynamo\convert_frame.py:1125]   File "E:\VoiceForge TTV Pipeine\v3\envs\qwen3\Lib\site-packages\torch\_inductor\cpu_vec_isa.py", line 27, in _get_isa_dry_compile_fingerprint
W0905 07:40:07.489000 8916 envs\qwen3\Lib\site-packages\torch\_dynamo\convert_frame.py:1125]     compiler_info = get_compiler_version_info(get_cpp_compiler())
W0905 07:40:07.489000 8916 envs\qwen3\Lib\site-packages\torch\_dynamo\convert_frame.py:1125]                                               ^^^^^^^^^^^^^^^^^^
W0905 07:40:07.489000 8916 envs\qwen3\Lib\site-packages\torch\_dynamo\convert_frame.py:1125]   File "E:\VoiceForge TTV Pipeine\v3\envs\qwen3\Lib\site-packages\torch\_inductor\cpp_builder.py", line 144, in get_cpp_compiler
W0905 07:40:07.489000 8916 envs\qwen3\Lib\site-packages\torch\_dynamo\convert_frame.py:1125]     check_compiler_exist_windows(compiler)
W0905 07:40:07.489000 8916 envs\qwen3\Lib\site-packages\torch\_dynamo\convert_frame.py:1125]   File "E:\VoiceForge TTV Pipeine\v3\envs\qwen3\Lib\site-packages\torch\_inductor\cpp_builder.py", line 135, in check_compiler_exist_windows
W0905 07:40:07.489000 8916 envs\qwen3\Lib\site-packages\torch\_dynamo\convert_frame.py:1125]     raise RuntimeError(f"Compiler: {compiler} is not found.") from exc
W0905 07:40:07.489000 8916 envs\qwen3\Lib\site-packages\torch\_dynamo\convert_frame.py:1125] RuntimeError: Compiler: cl is not found.
W0905 07:40:07.489000 8916 envs\qwen3\Lib\site-packages\torch\_dynamo\convert_frame.py:1125] 
W0905 07:40:07.489000 8916 envs\qwen3\Lib\site-packages\torch\_dynamo\convert_frame.py:1125] The above exception was the direct cause of the following exception:
W0905 07:40:07.489000 8916 envs\qwen3\Lib\site-packages\torch\_dynamo\convert_frame.py:1125] 
W0905 07:40:07.489000 8916 envs\qwen3\Lib\site-packages\torch\_dynamo\convert_frame.py:1125] Traceback (most recent call last):
W0905 07:40:07.489000 8916 envs\qwen3\Lib\site-packages\torch\_dynamo\convert_frame.py:1125]   File "E:\VoiceForge TTV Pipeine\v3\envs\qwen3\Lib\site-packages\torch\_dynamo\convert_frame.py", line 1064, in __call__
W0905 07:40:07.489000 8916 envs\qwen3\Lib\site-packages\torch\_dynamo\convert_frame.py:1125]     result = self._inner_convert(
W0905 07:40:07.489000 8916 envs\qwen3\Lib\site-packages\torch\_dynamo\convert_frame.py:1125]              ^^^^^^^^^^^^^^^^^^^^
W0905 07:40:07.489000 8916 envs\qwen3\Lib\site-packages\torch\_dynamo\convert_frame.py:1125]   File "E:\VoiceForge TTV Pipeine\v3\envs\qwen3\Lib\site-packages\torch\_dynamo\convert_frame.py", line 526, in __call__
W0905 07:40:07.489000 8916 envs\qwen3\Lib\site-packages\torch\_dynamo\convert_frame.py:1125]     return _compile(
W0905 07:40:07.489000 8916 envs\qwen3\Lib\site-packages\torch\_dynamo\convert_frame.py:1125]            ^^^^^^^^^
W0905 07:40:07.489000 8916 envs\qwen3\Lib\site-packages\torch\_dynamo\convert_frame.py:1125]   File "E:\VoiceForge TTV Pipeine\v3\envs\qwen3\Lib\site-packages\torch\_dynamo\convert_frame.py", line 924, in _compile
W0905 07:40:07.489000 8916 envs\qwen3\Lib\site-packages\torch\_dynamo\convert_frame.py:1125]     guarded_code = compile_inner(code, one_graph, hooks, transform)
W0905 07:40:07.489000 8916 envs\qwen3\Lib\site-packages\torch\_dynamo\convert_frame.py:1125]                    ^^^^^^^^^^^^^^^^^^^^^^^^^^^^^^^^^^^^^^^^^^^^^^^^
W0905 07:40:07.489000 8916 envs\qwen3\Lib\site-packages\torch\_dynamo\convert_frame.py:1125]   File "E:\VoiceForge TTV Pipeine\v3\envs\qwen3\Lib\site-packages\torch\_dynamo\convert_frame.py", line 666, in compile_inner
W0905 07:40:07.489000 8916 envs\qwen3\Lib\site-packages\torch\_dynamo\convert_frame.py:1125]     return _compile_inner(code, one_graph, hooks, transform)
W0905 07:40:07.489000 8916 envs\qwen3\Lib\site-packages\torch\_dynamo\convert_frame.py:1125]            ^^^^^^^^^^^^^^^^^^^^^^^^^^^^^^^^^^^^^^^^^^^^^^^^^
W0905 07:40:07.489000 8916 envs\qwen3\Lib\site-packages\torch\_dynamo\convert_frame.py:1125]   File "E:\VoiceForge TTV Pipeine\v3\envs\qwen3\Lib\site-packages\torch\_utils_internal.py", line 87, in wrapper_function
W0905 07:40:07.489000 8916 envs\qwen3\Lib\site-packages\torch\_dynamo\convert_frame.py:1125]     return function(*args, **kwargs)
W0905 07:40:07.489000 8916 envs\qwen3\Lib\site-packages\torch\_dynamo\convert_frame.py:1125]            ^^^^^^^^^^^^^^^^^^^^^^^^^
W0905 07:40:07.489000 8916 envs\qwen3\Lib\site-packages\torch\_dynamo\convert_frame.py:1125]   File "E:\VoiceForge TTV Pipeine\v3\envs\qwen3\Lib\site-packages\torch\_dynamo\convert_frame.py", line 699, in _compile_inner
W0905 07:40:07.489000 8916 envs\qwen3\Lib\site-packages\torch\_dynamo\convert_frame.py:1125]     out_code = transform_code_object(code, transform)
W0905 07:40:07.489000 8916 envs\qwen3\Lib\site-packages\torch\_dynamo\convert_frame.py:1125]                ^^^^^^^^^^^^^^^^^^^^^^^^^^^^^^^^^^^^^^
W0905 07:40:07.489000 8916 envs\qwen3\Lib\site-packages\torch\_dynamo\convert_frame.py:1125]   File "E:\VoiceForge TTV Pipeine\v3\envs\qwen3\Lib\site-packages\torch\_dynamo\bytecode_transformation.py", line 1322, in transform_code_object
W0905 07:40:07.489000 8916 envs\qwen3\Lib\site-packages\torch\_dynamo\convert_frame.py:1125]     transformations(instructions, code_options)
W0905 07:40:07.489000 8916 envs\qwen3\Lib\site-packages\torch\_dynamo\convert_frame.py:1125]   File "E:\VoiceForge TTV Pipeine\v3\envs\qwen3\Lib\site-packages\torch\_dynamo\convert_frame.py", line 219, in _fn
W0905 07:40:07.489000 8916 envs\qwen3\Lib\site-packages\torch\_dynamo\convert_frame.py:1125]     return fn(*args, **kwargs)
W0905 07:40:07.489000 8916 envs\qwen3\Lib\site-packages\torch\_dynamo\convert_frame.py:1125]            ^^^^^^^^^^^^^^^^^^^
W0905 07:40:07.489000 8916 envs\qwen3\Lib\site-packages\torch\_dynamo\convert_frame.py:1125]   File "E:\VoiceForge TTV Pipeine\v3\envs\qwen3\Lib\site-packages\torch\_dynamo\convert_frame.py", line 634, in transform
W0905 07:40:07.489000 8916 envs\qwen3\Lib\site-packages\torch\_dynamo\convert_frame.py:1125]     tracer.run()
W0905 07:40:07.489000 8916 envs\qwen3\Lib\site-packages\torch\_dynamo\convert_frame.py:1125]   File "E:\VoiceForge TTV Pipeine\v3\envs\qwen3\Lib\site-packages\torch\_dynamo\symbolic_convert.py", line 2796, in run
W0905 07:40:07.489000 8916 envs\qwen3\Lib\site-packages\torch\_dynamo\convert_frame.py:1125]     super().run()
W0905 07:40:07.489000 8916 envs\qwen3\Lib\site-packages\torch\_dynamo\convert_frame.py:1125]   File "E:\VoiceForge TTV Pipeine\v3\envs\qwen3\Lib\site-packages\torch\_dynamo\symbolic_convert.py", line 983, in run
W0905 07:40:07.489000 8916 envs\qwen3\Lib\site-packages\torch\_dynamo\convert_frame.py:1125]     while self.step():
W0905 07:40:07.489000 8916 envs\qwen3\Lib\site-packages\torch\_dynamo\convert_frame.py:1125]           ^^^^^^^^^^^
W0905 07:40:07.489000 8916 envs\qwen3\Lib\site-packages\torch\_dynamo\convert_frame.py:1125]   File "E:\VoiceForge TTV Pipeine\v3\envs\qwen3\Lib\site-packages\torch\_dynamo\symbolic_convert.py", line 895, in step
W0905 07:40:07.489000 8916 envs\qwen3\Lib\site-packages\torch\_dynamo\convert_frame.py:1125]     self.dispatch_table[inst.opcode](self, inst)
W0905 07:40:07.489000 8916 envs\qwen3\Lib\site-packages\torch\_dynamo\convert_frame.py:1125]   File "E:\VoiceForge TTV Pipeine\v3\envs\qwen3\Lib\site-packages\torch\_dynamo\symbolic_convert.py", line 2987, in RETURN_VALUE
W0905 07:40:07.489000 8916 envs\qwen3\Lib\site-packages\torch\_dynamo\convert_frame.py:1125]     self._return(inst)
W0905 07:40:07.489000 8916 envs\qwen3\Lib\site-packages\torch\_dynamo\convert_frame.py:1125]   File "E:\VoiceForge TTV Pipeine\v3\envs\qwen3\Lib\site-packages\torch\_dynamo\symbolic_convert.py", line 2972, in _return
W0905 07:40:07.489000 8916 envs\qwen3\Lib\site-packages\torch\_dynamo\convert_frame.py:1125]     self.output.compile_subgraph(
W0905 07:40:07.489000 8916 envs\qwen3\Lib\site-packages\torch\_dynamo\convert_frame.py:1125]   File "E:\VoiceForge TTV Pipeine\v3\envs\qwen3\Lib\site-packages\torch\_dynamo\output_graph.py", line 1117, in compile_subgraph
W0905 07:40:07.489000 8916 envs\qwen3\Lib\site-packages\torch\_dynamo\convert_frame.py:1125]     self.compile_and_call_fx_graph(tx, list(reversed(stack_values)), root)
W0905 07:40:07.489000 8916 envs\qwen3\Lib\site-packages\torch\_dynamo\convert_frame.py:1125]   File "E:\VoiceForge TTV Pipeine\v3\envs\qwen3\Lib\site-packages\torch\_dynamo\output_graph.py", line 1369, in compile_and_call_fx_graph
W0905 07:40:07.489000 8916 envs\qwen3\Lib\site-packages\torch\_dynamo\convert_frame.py:1125]     compiled_fn = self.call_user_compiler(gm)
W0905 07:40:07.489000 8916 envs\qwen3\Lib\site-packages\torch\_dynamo\convert_frame.py:1125]                   ^^^^^^^^^^^^^^^^^^^^^^^^^^^
W0905 07:40:07.489000 8916 envs\qwen3\Lib\site-packages\torch\_dynamo\convert_frame.py:1125]   File "E:\VoiceForge TTV Pipeine\v3\envs\qwen3\Lib\site-packages\torch\_dynamo\output_graph.py", line 1416, in call_user_compiler
W0905 07:40:07.489000 8916 envs\qwen3\Lib\site-packages\torch\_dynamo\convert_frame.py:1125]     return self._call_user_compiler(gm)
W0905 07:40:07.489000 8916 envs\qwen3\Lib\site-packages\torch\_dynamo\convert_frame.py:1125]            ^^^^^^^^^^^^^^^^^^^^^^^^^^^^
W0905 07:40:07.489000 8916 envs\qwen3\Lib\site-packages\torch\_dynamo\convert_frame.py:1125]   File "E:\VoiceForge TTV Pipeine\v3\envs\qwen3\Lib\site-packages\torch\_dynamo\output_graph.py", line 1465, in _call_user_compiler
W0905 07:40:07.489000 8916 envs\qwen3\Lib\site-packages\torch\_dynamo\convert_frame.py:1125]     raise BackendCompilerFailed(self.compiler_fn, e) from e
W0905 07:40:07.489000 8916 envs\qwen3\Lib\site-packages\torch\_dynamo\convert_frame.py:1125] torch._dynamo.exc.BackendCompilerFailed: backend='inductor' raised:
W0905 07:40:07.489000 8916 envs\qwen3\Lib\site-packages\torch\_dynamo\convert_frame.py:1125] RuntimeError: Compiler: cl is not found.
W0905 07:40:07.489000 8916 envs\qwen3\Lib\site-packages\torch\_dynamo\convert_frame.py:1125] 
W0905 07:40:07.489000 8916 envs\qwen3\Lib\site-packages\torch\_dynamo\convert_frame.py:1125] Set TORCH_LOGS="+dynamo" and TORCHDYNAMO_VERBOSE=1 for more information
W0905 07:40:07.489000 8916 envs\qwen3\Lib\site-packages\torch\_dynamo\convert_frame.py:1125] 
W0905 07:40:07.489000 8916 envs\qwen3\Lib\site-packages\torch\_dynamo\convert_frame.py:1125] Traceback (most recent call last):
W0905 07:40:07.489000 8916 envs\qwen3\Lib\site-packages\torch\_dynamo\convert_frame.py:1125]   File "E:\VoiceForge TTV Pipeine\v3\envs\qwen3\Lib\site-packages\torch\_inductor\cpp_builder.py", line 130, in check_compiler_exist_windows
W0905 07:40:07.489000 8916 envs\qwen3\Lib\site-packages\torch\_dynamo\convert_frame.py:1125]     subprocess.check_output([compiler, "/help"], stderr=subprocess.STDOUT)
W0905 07:40:07.489000 8916 envs\qwen3\Lib\site-packages\torch\_dynamo\convert_frame.py:1125]   File "C:\Python312\Lib\subprocess.py", line 466, in check_output
W0905 07:40:07.489000 8916 envs\qwen3\Lib\site-packages\torch\_dynamo\convert_frame.py:1125]     return run(*popenargs, stdout=PIPE, timeout=timeout, check=True,
W0905 07:40:07.489000 8916 envs\qwen3\Lib\site-packages\torch\_dynamo\convert_frame.py:1125]            ^^^^^^^^^^^^^^^^^^^^^^^^^^^^^^^^^^^^^^^^^^^^^^^^^^^^^^^^^
W0905 07:40:07.489000 8916 envs\qwen3\Lib\site-packages\torch\_dynamo\convert_frame.py:1125]   File "C:\Python312\Lib\subprocess.py", line 548, in run
W0905 07:40:07.489000 8916 envs\qwen3\Lib\site-packages\torch\_dynamo\convert_frame.py:1125]     with Popen(*popenargs, **kwargs) as process:
W0905 07:40:07.489000 8916 envs\qwen3\Lib\site-packages\torch\_dynamo\convert_frame.py:1125]          ^^^^^^^^^^^^^^^^^^^^^^^^^^^
W0905 07:40:07.489000 8916 envs\qwen3\Lib\site-packages\torch\_dynamo\convert_frame.py:1125]   File "C:\Python312\Lib\subprocess.py", line 1026, in __init__
W0905 07:40:07.489000 8916 envs\qwen3\Lib\site-packages\torch\_dynamo\convert_frame.py:1125]     self._execute_child(args, executable, preexec_fn, close_fds,
W0905 07:40:07.489000 8916 envs\qwen3\Lib\site-packages\torch\_dynamo\convert_frame.py:1125]   File "C:\Python312\Lib\subprocess.py", line 1538, in _execute_child
W0905 07:40:07.489000 8916 envs\qwen3\Lib\site-packages\torch\_dynamo\convert_frame.py:1125]     hp, ht, pid, tid = _winapi.CreateProcess(executable, args,
W0905 07:40:07.489000 8916 envs\qwen3\Lib\site-packages\torch\_dynamo\convert_frame.py:1125]                        ^^^^^^^^^^^^^^^^^^^^^^^^^^^^^^^^^^^^^^^
W0905 07:40:07.489000 8916 envs\qwen3\Lib\site-packages\torch\_dynamo\convert_frame.py:1125] FileNotFoundError: [WinError 2] The system cannot find the file specified
W0905 07:40:07.489000 8916 envs\qwen3\Lib\site-packages\torch\_dynamo\convert_frame.py:1125] 
W0905 07:40:07.489000 8916 envs\qwen3\Lib\site-packages\torch\_dynamo\convert_frame.py:1125] The above exception was the direct cause of the following exception:
W0905 07:40:07.489000 8916 envs\qwen3\Lib\site-packages\torch\_dynamo\convert_frame.py:1125] 
W0905 07:40:07.489000 8916 envs\qwen3\Lib\site-packages\torch\_dynamo\convert_frame.py:1125] Traceback (most recent call last):
W0905 07:40:07.489000 8916 envs\qwen3\Lib\site-packages\torch\_dynamo\convert_frame.py:1125]   File "E:\VoiceForge TTV Pipeine\v3\envs\qwen3\Lib\site-packages\torch\_dynamo\output_graph.py", line 1446, in _call_user_compiler
W0905 07:40:07.489000 8916 envs\qwen3\Lib\site-packages\torch\_dynamo\convert_frame.py:1125]     compiled_fn = compiler_fn(gm, self.example_inputs())
W0905 07:40:07.489000 8916 envs\qwen3\Lib\site-packages\torch\_dynamo\convert_frame.py:1125]                   ^^^^^^^^^^^^^^^^^^^^^^^^^^^^^^^^^^^^^^
W0905 07:40:07.489000 8916 envs\qwen3\Lib\site-packages\torch\_dynamo\convert_frame.py:1125]   File "E:\VoiceForge TTV Pipeine\v3\envs\qwen3\Lib\site-packages\torch\_dynamo\repro\after_dynamo.py", line 129, in __call__
W0905 07:40:07.489000 8916 envs\qwen3\Lib\site-packages\torch\_dynamo\convert_frame.py:1125]     compiled_gm = compiler_fn(gm, example_inputs)
W0905 07:40:07.489000 8916 envs\qwen3\Lib\site-packages\torch\_dynamo\convert_frame.py:1125]                   ^^^^^^^^^^^^^^^^^^^^^^^^^^^^^^^
W0905 07:40:07.489000 8916 envs\qwen3\Lib\site-packages\torch\_dynamo\convert_frame.py:1125]   File "E:\VoiceForge TTV Pipeine\v3\envs\qwen3\Lib\site-packages\torch\__init__.py", line 2234, in __call__
W0905 07:40:07.489000 8916 envs\qwen3\Lib\site-packages\torch\_dynamo\convert_frame.py:1125]     return compile_fx(model_, inputs_, config_patches=self.config)
W0905 07:40:07.489000 8916 envs\qwen3\Lib\site-packages\torch\_dynamo\convert_frame.py:1125]            ^^^^^^^^^^^^^^^^^^^^^^^^^^^^^^^^^^^^^^^^^^^^^^^^^^^^^^^
W0905 07:40:07.489000 8916 envs\qwen3\Lib\site-packages\torch\_dynamo\convert_frame.py:1125]   File "E:\VoiceForge TTV Pipeine\v3\envs\qwen3\Lib\site-packages\torch\_inductor\compile_fx.py", line 1521, in compile_fx
W0905 07:40:07.489000 8916 envs\qwen3\Lib\site-packages\torch\_dynamo\convert_frame.py:1125]     return aot_autograd(
W0905 07:40:07.489000 8916 envs\qwen3\Lib\site-packages\torch\_dynamo\convert_frame.py:1125]            ^^^^^^^^^^^^^
W0905 07:40:07.489000 8916 envs\qwen3\Lib\site-packages\torch\_dynamo\convert_frame.py:1125]   File "E:\VoiceForge TTV Pipeine\v3\envs\qwen3\Lib\site-packages\torch\_dynamo\backends\common.py", line 72, in __call__
W0905 07:40:07.489000 8916 envs\qwen3\Lib\site-packages\torch\_dynamo\convert_frame.py:1125]     cg = aot_module_simplified(gm, example_inputs, **self.kwargs)
W0905 07:40:07.489000 8916 envs\qwen3\Lib\site-packages\torch\_dynamo\convert_frame.py:1125]          ^^^^^^^^^^^^^^^^^^^^^^^^^^^^^^^^^^^^^^^^^^^^^^^^^^^^^^^^
W0905 07:40:07.489000 8916 envs\qwen3\Lib\site-packages\torch\_dynamo\convert_frame.py:1125]   File "E:\VoiceForge TTV Pipeine\v3\envs\qwen3\Lib\site-packages\torch\_functorch\aot_autograd.py", line 1071, in aot_module_simplified
W0905 07:40:07.489000 8916 envs\qwen3\Lib\site-packages\torch\_dynamo\convert_frame.py:1125]     compiled_fn = dispatch_and_compile()
W0905 07:40:07.489000 8916 envs\qwen3\Lib\site-packages\torch\_dynamo\convert_frame.py:1125]                   ^^^^^^^^^^^^^^^^^^^^^^
W0905 07:40:07.489000 8916 envs\qwen3\Lib\site-packages\torch\_dynamo\convert_frame.py:1125]   File "E:\VoiceForge TTV Pipeine\v3\envs\qwen3\Lib\site-packages\torch\_functorch\aot_autograd.py", line 1056, in dispatch_and_compile
W0905 07:40:07.489000 8916 envs\qwen3\Lib\site-packages\torch\_dynamo\convert_frame.py:1125]     compiled_fn, _ = create_aot_dispatcher_function(
W0905 07:40:07.489000 8916 envs\qwen3\Lib\site-packages\torch\_dynamo\convert_frame.py:1125]                      ^^^^^^^^^^^^^^^^^^^^^^^^^^^^^^^
W0905 07:40:07.489000 8916 envs\qwen3\Lib\site-packages\torch\_dynamo\convert_frame.py:1125]   File "E:\VoiceForge TTV Pipeine\v3\envs\qwen3\Lib\site-packages\torch\_functorch\aot_autograd.py", line 522, in create_aot_dispatcher_function
W0905 07:40:07.489000 8916 envs\qwen3\Lib\site-packages\torch\_dynamo\convert_frame.py:1125]     return _create_aot_dispatcher_function(
W0905 07:40:07.489000 8916 envs\qwen3\Lib\site-packages\torch\_dynamo\convert_frame.py:1125]            ^^^^^^^^^^^^^^^^^^^^^^^^^^^^^^^^
W0905 07:40:07.489000 8916 envs\qwen3\Lib\site-packages\torch\_dynamo\convert_frame.py:1125]   File "E:\VoiceForge TTV Pipeine\v3\envs\qwen3\Lib\site-packages\torch\_functorch\aot_autograd.py", line 759, in _create_aot_dispatcher_function
W0905 07:40:07.489000 8916 envs\qwen3\Lib\site-packages\torch\_dynamo\convert_frame.py:1125]     compiled_fn, fw_metadata = compiler_fn(
W0905 07:40:07.489000 8916 envs\qwen3\Lib\site-packages\torch\_dynamo\convert_frame.py:1125]                                ^^^^^^^^^^^^
W0905 07:40:07.489000 8916 envs\qwen3\Lib\site-packages\torch\_dynamo\convert_frame.py:1125]   File "E:\VoiceForge TTV Pipeine\v3\envs\qwen3\Lib\site-packages\torch\_functorch\_aot_autograd\jit_compile_runtime_wrappers.py", line 179, in aot_dispatch_base
W0905 07:40:07.489000 8916 envs\qwen3\Lib\site-packages\torch\_dynamo\convert_frame.py:1125]     compiled_fw = compiler(fw_module, updated_flat_args)
W0905 07:40:07.489000 8916 envs\qwen3\Lib\site-packages\torch\_dynamo\convert_frame.py:1125]                   ^^^^^^^^^^^^^^^^^^^^^^^^^^^^^^^^^^^^^^
W0905 07:40:07.489000 8916 envs\qwen3\Lib\site-packages\torch\_dynamo\convert_frame.py:1125]   File "E:\VoiceForge TTV Pipeine\v3\envs\qwen3\Lib\site-packages\torch\_inductor\compile_fx.py", line 1350, in fw_compiler_base
W0905 07:40:07.489000 8916 envs\qwen3\Lib\site-packages\torch\_dynamo\convert_frame.py:1125]     return _fw_compiler_base(model, example_inputs, is_inference)
W0905 07:40:07.489000 8916 envs\qwen3\Lib\site-packages\torch\_dynamo\convert_frame.py:1125]            ^^^^^^^^^^^^^^^^^^^^^^^^^^^^^^^^^^^^^^^^^^^^^^^^^^^^^^
W0905 07:40:07.489000 8916 envs\qwen3\Lib\site-packages\torch\_dynamo\convert_frame.py:1125]   File "E:\VoiceForge TTV Pipeine\v3\envs\qwen3\Lib\site-packages\torch\_inductor\compile_fx.py", line 1421, in _fw_compiler_base
W0905 07:40:07.489000 8916 envs\qwen3\Lib\site-packages\torch\_dynamo\convert_frame.py:1125]     return inner_compile(
W0905 07:40:07.489000 8916 envs\qwen3\Lib\site-packages\torch\_dynamo\convert_frame.py:1125]            ^^^^^^^^^^^^^^
W0905 07:40:07.489000 8916 envs\qwen3\Lib\site-packages\torch\_dynamo\convert_frame.py:1125]   File "E:\VoiceForge TTV Pipeine\v3\envs\qwen3\Lib\site-packages\torch\_inductor\compile_fx.py", line 475, in compile_fx_inner
W0905 07:40:07.489000 8916 envs\qwen3\Lib\site-packages\torch\_dynamo\convert_frame.py:1125]     return wrap_compiler_debug(_compile_fx_inner, compiler_name="inductor")(
W0905 07:40:07.489000 8916 envs\qwen3\Lib\site-packages\torch\_dynamo\convert_frame.py:1125]            ^^^^^^^^^^^^^^^^^^^^^^^^^^^^^^^^^^^^^^^^^^^^^^^^^^^^^^^^^^^^^^^^^
W0905 07:40:07.489000 8916 envs\qwen3\Lib\site-packages\torch\_dynamo\convert_frame.py:1125]   File "E:\VoiceForge TTV Pipeine\v3\envs\qwen3\Lib\site-packages\torch\_dynamo\repro\after_aot.py", line 85, in debug_wrapper
W0905 07:40:07.489000 8916 envs\qwen3\Lib\site-packages\torch\_dynamo\convert_frame.py:1125]     inner_compiled_fn = compiler_fn(gm, example_inputs)
W0905 07:40:07.489000 8916 envs\qwen3\Lib\site-packages\torch\_dynamo\convert_frame.py:1125]                         ^^^^^^^^^^^^^^^^^^^^^^^^^^^^^^^
W0905 07:40:07.489000 8916 envs\qwen3\Lib\site-packages\torch\_dynamo\convert_frame.py:1125]   File "E:\VoiceForge TTV Pipeine\v3\envs\qwen3\Lib\site-packages\torch\_inductor\compile_fx.py", line 661, in _compile_fx_inner
W0905 07:40:07.489000 8916 envs\qwen3\Lib\site-packages\torch\_dynamo\convert_frame.py:1125]     compiled_graph = FxGraphCache.load(
W0905 07:40:07.489000 8916 envs\qwen3\Lib\site-packages\torch\_dynamo\convert_frame.py:1125]                      ^^^^^^^^^^^^^^^^^^
W0905 07:40:07.489000 8916 envs\qwen3\Lib\site-packages\torch\_dynamo\convert_frame.py:1125]   File "E:\VoiceForge TTV Pipeine\v3\envs\qwen3\Lib\site-packages\torch\_inductor\codecache.py", line 1334, in load
W0905 07:40:07.489000 8916 envs\qwen3\Lib\site-packages\torch\_dynamo\convert_frame.py:1125]     compiled_graph = compile_fx_fn(
W0905 07:40:07.489000 8916 envs\qwen3\Lib\site-packages\torch\_dynamo\convert_frame.py:1125]                      ^^^^^^^^^^^^^^
W0905 07:40:07.489000 8916 envs\qwen3\Lib\site-packages\torch\_dynamo\convert_frame.py:1125]   File "E:\VoiceForge TTV Pipeine\v3\envs\qwen3\Lib\site-packages\torch\_inductor\compile_fx.py", line 570, in codegen_and_compile
W0905 07:40:07.489000 8916 envs\qwen3\Lib\site-packages\torch\_dynamo\convert_frame.py:1125]     compiled_graph = fx_codegen_and_compile(gm, example_inputs, **fx_kwargs)
W0905 07:40:07.489000 8916 envs\qwen3\Lib\site-packages\torch\_dynamo\convert_frame.py:1125]                      ^^^^^^^^^^^^^^^^^^^^^^^^^^^^^^^^^^^^^^^^^^^^^^^^^^^^^^^
W0905 07:40:07.489000 8916 envs\qwen3\Lib\site-packages\torch\_dynamo\convert_frame.py:1125]   File "E:\VoiceForge TTV Pipeine\v3\envs\qwen3\Lib\site-packages\torch\_inductor\compile_fx.py", line 878, in fx_codegen_and_compile
W0905 07:40:07.489000 8916 envs\qwen3\Lib\site-packages\torch\_dynamo\convert_frame.py:1125]     compiled_fn = graph.compile_to_fn()
W0905 07:40:07.489000 8916 envs\qwen3\Lib\site-packages\torch\_dynamo\convert_frame.py:1125]                   ^^^^^^^^^^^^^^^^^^^^^
W0905 07:40:07.489000 8916 envs\qwen3\Lib\site-packages\torch\_dynamo\convert_frame.py:1125]   File "E:\VoiceForge TTV Pipeine\v3\envs\qwen3\Lib\site-packages\torch\_inductor\graph.py", line 1913, in compile_to_fn
W0905 07:40:07.489000 8916 envs\qwen3\Lib\site-packages\torch\_dynamo\convert_frame.py:1125]     return self.compile_to_module().call
W0905 07:40:07.489000 8916 envs\qwen3\Lib\site-packages\torch\_dynamo\convert_frame.py:1125]            ^^^^^^^^^^^^^^^^^^^^^^^^
W0905 07:40:07.489000 8916 envs\qwen3\Lib\site-packages\torch\_dynamo\convert_frame.py:1125]   File "E:\VoiceForge TTV Pipeine\v3\envs\qwen3\Lib\site-packages\torch\_inductor\graph.py", line 1839, in compile_to_module
W0905 07:40:07.489000 8916 envs\qwen3\Lib\site-packages\torch\_dynamo\convert_frame.py:1125]     return self._compile_to_module()
W0905 07:40:07.489000 8916 envs\qwen3\Lib\site-packages\torch\_dynamo\convert_frame.py:1125]            ^^^^^^^^^^^^^^^^^^^^^^^^^
W0905 07:40:07.489000 8916 envs\qwen3\Lib\site-packages\torch\_dynamo\convert_frame.py:1125]   File "E:\VoiceForge TTV Pipeine\v3\envs\qwen3\Lib\site-packages\torch\_inductor\graph.py", line 1845, in _compile_to_module
W0905 07:40:07.489000 8916 envs\qwen3\Lib\site-packages\torch\_dynamo\convert_frame.py:1125]     self.codegen_with_cpp_wrapper() if self.cpp_wrapper else self.codegen()
W0905 07:40:07.489000 8916 envs\qwen3\Lib\site-packages\torch\_dynamo\convert_frame.py:1125]                                                              ^^^^^^^^^^^^^^
W0905 07:40:07.489000 8916 envs\qwen3\Lib\site-packages\torch\_dynamo\convert_frame.py:1125]   File "E:\VoiceForge TTV Pipeine\v3\envs\qwen3\Lib\site-packages\torch\_inductor\graph.py", line 1784, in codegen
W0905 07:40:07.489000 8916 envs\qwen3\Lib\site-packages\torch\_dynamo\convert_frame.py:1125]     self.scheduler.codegen()
W0905 07:40:07.489000 8916 envs\qwen3\Lib\site-packages\torch\_dynamo\convert_frame.py:1125]   File "E:\VoiceForge TTV Pipeine\v3\envs\qwen3\Lib\site-packages\torch\_inductor\scheduler.py", line 3383, in codegen
W0905 07:40:07.489000 8916 envs\qwen3\Lib\site-packages\torch\_dynamo\convert_frame.py:1125]     return self._codegen()
W0905 07:40:07.489000 8916 envs\qwen3\Lib\site-packages\torch\_dynamo\convert_frame.py:1125]            ^^^^^^^^^^^^^^^
W0905 07:40:07.489000 8916 envs\qwen3\Lib\site-packages\torch\_dynamo\convert_frame.py:1125]   File "E:\VoiceForge TTV Pipeine\v3\envs\qwen3\Lib\site-packages\torch\_inductor\scheduler.py", line 3461, in _codegen
W0905 07:40:07.489000 8916 envs\qwen3\Lib\site-packages\torch\_dynamo\convert_frame.py:1125]     self.get_backend(device).codegen_node(node)
W0905 07:40:07.489000 8916 envs\qwen3\Lib\site-packages\torch\_dynamo\convert_frame.py:1125]   File "E:\VoiceForge TTV Pipeine\v3\envs\qwen3\Lib\site-packages\torch\_inductor\codegen\cpp.py", line 4468, in codegen_node
W0905 07:40:07.489000 8916 envs\qwen3\Lib\site-packages\torch\_dynamo\convert_frame.py:1125]     cpp_kernel_proxy = CppKernelProxy(kernel_group)
W0905 07:40:07.489000 8916 envs\qwen3\Lib\site-packages\torch\_dynamo\convert_frame.py:1125]                        ^^^^^^^^^^^^^^^^^^^^^^^^^^^^
W0905 07:40:07.489000 8916 envs\qwen3\Lib\site-packages\torch\_dynamo\convert_frame.py:1125]   File "E:\VoiceForge TTV Pipeine\v3\envs\qwen3\Lib\site-packages\torch\_inductor\codegen\cpp.py", line 3466, in __init__
W0905 07:40:07.489000 8916 envs\qwen3\Lib\site-packages\torch\_dynamo\convert_frame.py:1125]     self.picked_vec_isa: cpu_vec_isa.VecISA = cpu_vec_isa.pick_vec_isa()
W0905 07:40:07.489000 8916 envs\qwen3\Lib\site-packages\torch\_dynamo\convert_frame.py:1125]                                               ^^^^^^^^^^^^^^^^^^^^^^^^^^
W0905 07:40:07.489000 8916 envs\qwen3\Lib\site-packages\torch\_dynamo\convert_frame.py:1125]   File "E:\VoiceForge TTV Pipeine\v3\envs\qwen3\Lib\site-packages\torch\_inductor\cpu_vec_isa.py", line 360, in pick_vec_isa
W0905 07:40:07.489000 8916 envs\qwen3\Lib\site-packages\torch\_dynamo\convert_frame.py:1125]     _valid_vec_isa_list: List[VecISA] = valid_vec_isa_list()
W0905 07:40:07.489000 8916 envs\qwen3\Lib\site-packages\torch\_dynamo\convert_frame.py:1125]                                         ^^^^^^^^^^^^^^^^^^^^
W0905 07:40:07.489000 8916 envs\qwen3\Lib\site-packages\torch\_dynamo\convert_frame.py:1125]   File "E:\VoiceForge TTV Pipeine\v3\envs\qwen3\Lib\site-packages\torch\_inductor\cpu_vec_isa.py", line 350, in valid_vec_isa_list
W0905 07:40:07.489000 8916 envs\qwen3\Lib\site-packages\torch\_dynamo\convert_frame.py:1125]     if all(flag in _cpu_supported_x86_isa for flag in str(isa).split()) and isa:
W0905 07:40:07.489000 8916 envs\qwen3\Lib\site-packages\torch\_dynamo\convert_frame.py:1125]                                                                             ^^^
W0905 07:40:07.489000 8916 envs\qwen3\Lib\site-packages\torch\_dynamo\convert_frame.py:1125]   File "E:\VoiceForge TTV Pipeine\v3\envs\qwen3\Lib\site-packages\torch\_inductor\cpu_vec_isa.py", line 148, in __bool__
W0905 07:40:07.489000 8916 envs\qwen3\Lib\site-packages\torch\_dynamo\convert_frame.py:1125]     return self.check_build(VecISA._avx_code)
W0905 07:40:07.489000 8916 envs\qwen3\Lib\site-packages\torch\_dynamo\convert_frame.py:1125]            ^^^^^^^^^^^^^^^^^^^^^^^^^^^^^^^^^^
W0905 07:40:07.489000 8916 envs\qwen3\Lib\site-packages\torch\_dynamo\convert_frame.py:1125]   File "E:\VoiceForge TTV Pipeine\v3\envs\qwen3\Lib\site-packages\torch\_inductor\cpu_vec_isa.py", line 101, in check_build
W0905 07:40:07.489000 8916 envs\qwen3\Lib\site-packages\torch\_dynamo\convert_frame.py:1125]     extra=_get_isa_dry_compile_fingerprint(self._arch_flags),
W0905 07:40:07.489000 8916 envs\qwen3\Lib\site-packages\torch\_dynamo\convert_frame.py:1125]           ^^^^^^^^^^^^^^^^^^^^^^^^^^^^^^^^^^^^^^^^^^^^^^^^^^
W0905 07:40:07.489000 8916 envs\qwen3\Lib\site-packages\torch\_dynamo\convert_frame.py:1125]   File "E:\VoiceForge TTV Pipeine\v3\envs\qwen3\Lib\site-packages\torch\_inductor\cpu_vec_isa.py", line 27, in _get_isa_dry_compile_fingerprint
W0905 07:40:07.489000 8916 envs\qwen3\Lib\site-packages\torch\_dynamo\convert_frame.py:1125]     compiler_info = get_compiler_version_info(get_cpp_compiler())
W0905 07:40:07.489000 8916 envs\qwen3\Lib\site-packages\torch\_dynamo\convert_frame.py:1125]                                               ^^^^^^^^^^^^^^^^^^
W0905 07:40:07.489000 8916 envs\qwen3\Lib\site-packages\torch\_dynamo\convert_frame.py:1125]   File "E:\VoiceForge TTV Pipeine\v3\envs\qwen3\Lib\site-packages\torch\_inductor\cpp_builder.py", line 144, in get_cpp_compiler
W0905 07:40:07.489000 8916 envs\qwen3\Lib\site-packages\torch\_dynamo\convert_frame.py:1125]     check_compiler_exist_windows(compiler)
W0905 07:40:07.489000 8916 envs\qwen3\Lib\site-packages\torch\_dynamo\convert_frame.py:1125]   File "E:\VoiceForge TTV Pipeine\v3\envs\qwen3\Lib\site-packages\torch\_inductor\cpp_builder.py", line 135, in check_compiler_exist_windows
W0905 07:40:07.489000 8916 envs\qwen3\Lib\site-packages\torch\_dynamo\convert_frame.py:1125]     raise RuntimeError(f"Compiler: {compiler} is not found.") from exc
W0905 07:40:07.489000 8916 envs\qwen3\Lib\site-packages\torch\_dynamo\convert_frame.py:1125] RuntimeError: Compiler: cl is not found.
W0905 07:40:07.489000 8916 envs\qwen3\Lib\site-packages\torch\_dynamo\convert_frame.py:1125] 
W0905 07:40:07.489000 8916 envs\qwen3\Lib\site-packages\torch\_dynamo\convert_frame.py:1125] The above exception was the direct cause of the following exception:
W0905 07:40:07.489000 8916 envs\qwen3\Lib\site-packages\torch\_dynamo\convert_frame.py:1125] 
W0905 07:40:07.489000 8916 envs\qwen3\Lib\site-packages\torch\_dynamo\convert_frame.py:1125] Traceback (most recent call last):
W0905 07:40:07.489000 8916 envs\qwen3\Lib\site-packages\torch\_dynamo\convert_frame.py:1125]   File "E:\VoiceForge TTV Pipeine\v3\envs\qwen3\Lib\site-packages\torch\_dynamo\convert_frame.py", line 1064, in __call__
W0905 07:40:07.489000 8916 envs\qwen3\Lib\site-packages\torch\_dynamo\convert_frame.py:1125]     result = self._inner_convert(
W0905 07:40:07.489000 8916 envs\qwen3\Lib\site-packages\torch\_dynamo\convert_frame.py:1125]              ^^^^^^^^^^^^^^^^^^^^
W0905 07:40:07.489000 8916 envs\qwen3\Lib\site-packages\torch\_dynamo\convert_frame.py:1125]   File "E:\VoiceForge TTV Pipeine\v3\envs\qwen3\Lib\site-packages\torch\_dynamo\convert_frame.py", line 526, in __call__
W0905 07:40:07.489000 8916 envs\qwen3\Lib\site-packages\torch\_dynamo\convert_frame.py:1125]     return _compile(
W0905 07:40:07.489000 8916 envs\qwen3\Lib\site-packages\torch\_dynamo\convert_frame.py:1125]            ^^^^^^^^^
W0905 07:40:07.489000 8916 envs\qwen3\Lib\site-packages\torch\_dynamo\convert_frame.py:1125]   File "E:\VoiceForge TTV Pipeine\v3\envs\qwen3\Lib\site-packages\torch\_dynamo\convert_frame.py", line 924, in _compile
W0905 07:40:07.489000 8916 envs\qwen3\Lib\site-packages\torch\_dynamo\convert_frame.py:1125]     guarded_code = compile_inner(code, one_graph, hooks, transform)
W0905 07:40:07.489000 8916 envs\qwen3\Lib\site-packages\torch\_dynamo\convert_frame.py:1125]                    ^^^^^^^^^^^^^^^^^^^^^^^^^^^^^^^^^^^^^^^^^^^^^^^^
W0905 07:40:07.489000 8916 envs\qwen3\Lib\site-packages\torch\_dynamo\convert_frame.py:1125]   File "E:\VoiceForge TTV Pipeine\v3\envs\qwen3\Lib\site-packages\torch\_dynamo\convert_frame.py", line 666, in compile_inner
W0905 07:40:07.489000 8916 envs\qwen3\Lib\site-packages\torch\_dynamo\convert_frame.py:1125]     return _compile_inner(code, one_graph, hooks, transform)
W0905 07:40:07.489000 8916 envs\qwen3\Lib\site-packages\torch\_dynamo\convert_frame.py:1125]            ^^^^^^^^^^^^^^^^^^^^^^^^^^^^^^^^^^^^^^^^^^^^^^^^^
W0905 07:40:07.489000 8916 envs\qwen3\Lib\site-packages\torch\_dynamo\convert_frame.py:1125]   File "E:\VoiceForge TTV Pipeine\v3\envs\qwen3\Lib\site-packages\torch\_utils_internal.py", line 87, in wrapper_function
W0905 07:40:07.489000 8916 envs\qwen3\Lib\site-packages\torch\_dynamo\convert_frame.py:1125]     return function(*args, **kwargs)
W0905 07:40:07.489000 8916 envs\qwen3\Lib\site-packages\torch\_dynamo\convert_frame.py:1125]            ^^^^^^^^^^^^^^^^^^^^^^^^^
W0905 07:40:07.489000 8916 envs\qwen3\Lib\site-packages\torch\_dynamo\convert_frame.py:1125]   File "E:\VoiceForge TTV Pipeine\v3\envs\qwen3\Lib\site-packages\torch\_dynamo\convert_frame.py", line 699, in _compile_inner
W0905 07:40:07.489000 8916 envs\qwen3\Lib\site-packages\torch\_dynamo\convert_frame.py:1125]     out_code = transform_code_object(code, transform)
W0905 07:40:07.489000 8916 envs\qwen3\Lib\site-packages\torch\_dynamo\convert_frame.py:1125]                ^^^^^^^^^^^^^^^^^^^^^^^^^^^^^^^^^^^^^^
W0905 07:40:07.489000 8916 envs\qwen3\Lib\site-packages\torch\_dynamo\convert_frame.py:1125]   File "E:\VoiceForge TTV Pipeine\v3\envs\qwen3\Lib\site-packages\torch\_dynamo\bytecode_transformation.py", line 1322, in transform_code_object
W0905 07:40:07.489000 8916 envs\qwen3\Lib\site-packages\torch\_dynamo\convert_frame.py:1125]     transformations(instructions, code_options)
W0905 07:40:07.489000 8916 envs\qwen3\Lib\site-packages\torch\_dynamo\convert_frame.py:1125]   File "E:\VoiceForge TTV Pipeine\v3\envs\qwen3\Lib\site-packages\torch\_dynamo\convert_frame.py", line 219, in _fn
W0905 07:40:07.489000 8916 envs\qwen3\Lib\site-packages\torch\_dynamo\convert_frame.py:1125]     return fn(*args, **kwargs)
W0905 07:40:07.489000 8916 envs\qwen3\Lib\site-packages\torch\_dynamo\convert_frame.py:1125]            ^^^^^^^^^^^^^^^^^^^
W0905 07:40:07.489000 8916 envs\qwen3\Lib\site-packages\torch\_dynamo\convert_frame.py:1125]   File "E:\VoiceForge TTV Pipeine\v3\envs\qwen3\Lib\site-packages\torch\_dynamo\convert_frame.py", line 634, in transform
W0905 07:40:07.489000 8916 envs\qwen3\Lib\site-packages\torch\_dynamo\convert_frame.py:1125]     tracer.run()
W0905 07:40:07.489000 8916 envs\qwen3\Lib\site-packages\torch\_dynamo\convert_frame.py:1125]   File "E:\VoiceForge TTV Pipeine\v3\envs\qwen3\Lib\site-packages\torch\_dynamo\symbolic_convert.py", line 2796, in run
W0905 07:40:07.489000 8916 envs\qwen3\Lib\site-packages\torch\_dynamo\convert_frame.py:1125]     super().run()
W0905 07:40:07.489000 8916 envs\qwen3\Lib\site-packages\torch\_dynamo\convert_frame.py:1125]   File "E:\VoiceForge TTV Pipeine\v3\envs\qwen3\Lib\site-packages\torch\_dynamo\symbolic_convert.py", line 983, in run
W0905 07:40:07.489000 8916 envs\qwen3\Lib\site-packages\torch\_dynamo\convert_frame.py:1125]     while self.step():
W0905 07:40:07.489000 8916 envs\qwen3\Lib\site-packages\torch\_dynamo\convert_frame.py:1125]           ^^^^^^^^^^^
W0905 07:40:07.489000 8916 envs\qwen3\Lib\site-packages\torch\_dynamo\convert_frame.py:1125]   File "E:\VoiceForge TTV Pipeine\v3\envs\qwen3\Lib\site-packages\torch\_dynamo\symbolic_convert.py", line 895, in step
W0905 07:40:07.489000 8916 envs\qwen3\Lib\site-packages\torch\_dynamo\convert_frame.py:1125]     self.dispatch_table[inst.opcode](self, inst)
W0905 07:40:07.489000 8916 envs\qwen3\Lib\site-packages\torch\_dynamo\convert_frame.py:1125]   File "E:\VoiceForge TTV Pipeine\v3\envs\qwen3\Lib\site-packages\torch\_dynamo\symbolic_convert.py", line 2987, in RETURN_VALUE
W0905 07:40:07.489000 8916 envs\qwen3\Lib\site-packages\torch\_dynamo\convert_frame.py:1125]     self._return(inst)
W0905 07:40:07.489000 8916 envs\qwen3\Lib\site-packages\torch\_dynamo\convert_frame.py:1125]   File "E:\VoiceForge TTV Pipeine\v3\envs\qwen3\Lib\site-packages\torch\_dynamo\symbolic_convert.py", line 2972, in _return
W0905 07:40:07.489000 8916 envs\qwen3\Lib\site-packages\torch\_dynamo\convert_frame.py:1125]     self.output.compile_subgraph(
W0905 07:40:07.489000 8916 envs\qwen3\Lib\site-packages\torch\_dynamo\convert_frame.py:1125]   File "E:\VoiceForge TTV Pipeine\v3\envs\qwen3\Lib\site-packages\torch\_dynamo\output_graph.py", line 1117, in compile_subgraph
W0905 07:40:07.489000 8916 envs\qwen3\Lib\site-packages\torch\_dynamo\convert_frame.py:1125]     self.compile_and_call_fx_graph(tx, list(reversed(stack_values)), root)
W0905 07:40:07.489000 8916 envs\qwen3\Lib\site-packages\torch\_dynamo\convert_frame.py:1125]   File "E:\VoiceForge TTV Pipeine\v3\envs\qwen3\Lib\site-packages\torch\_dynamo\output_graph.py", line 1369, in compile_and_call_fx_graph
W0905 07:40:07.489000 8916 envs\qwen3\Lib\site-packages\torch\_dynamo\convert_frame.py:1125]     compiled_fn = self.call_user_compiler(gm)
W0905 07:40:07.489000 8916 envs\qwen3\Lib\site-packages\torch\_dynamo\convert_frame.py:1125]                   ^^^^^^^^^^^^^^^^^^^^^^^^^^^
W0905 07:40:07.489000 8916 envs\qwen3\Lib\site-packages\torch\_dynamo\convert_frame.py:1125]   File "E:\VoiceForge TTV Pipeine\v3\envs\qwen3\Lib\site-packages\torch\_dynamo\output_graph.py", line 1416, in call_user_compiler
W0905 07:40:07.489000 8916 envs\qwen3\Lib\site-packages\torch\_dynamo\convert_frame.py:1125]     return self._call_user_compiler(gm)
W0905 07:40:07.489000 8916 envs\qwen3\Lib\site-packages\torch\_dynamo\convert_frame.py:1125]            ^^^^^^^^^^^^^^^^^^^^^^^^^^^^
W0905 07:40:07.489000 8916 envs\qwen3\Lib\site-packages\torch\_dynamo\convert_frame.py:1125]   File "E:\VoiceForge TTV Pipeine\v3\envs\qwen3\Lib\site-packages\torch\_dynamo\output_graph.py", line 1465, in _call_user_compiler
W0905 07:40:07.489000 8916 envs\qwen3\Lib\site-packages\torch\_dynamo\convert_frame.py:1125]     raise BackendCompilerFailed(self.compiler_fn, e) from e
W0905 07:40:07.489000 8916 envs\qwen3\Lib\site-packages\torch\_dynamo\convert_frame.py:1125] torch._dynamo.exc.BackendCompilerFailed: backend='inductor' raised:
W0905 07:40:07.489000 8916 envs\qwen3\Lib\site-packages\torch\_dynamo\convert_frame.py:1125] RuntimeError: Compiler: cl is not found.
W0905 07:40:07.489000 8916 envs\qwen3\Lib\site-packages\torch\_dynamo\convert_frame.py:1125] 
W0905 07:40:07.489000 8916 envs\qwen3\Lib\site-packages\torch\_dynamo\convert_frame.py:1125] Set TORCH_LOGS="+dynamo" and TORCHDYNAMO_VERBOSE=1 for more information
W0905 07:40:07.489000 8916 envs\qwen3\Lib\site-packages\torch\_dynamo\convert_frame.py:1125] 
W0905 07:40:07.588000 8916 envs\qwen3\Lib\site-packages\torch\_dynamo\convert_frame.py:1125] WON'T CONVERT forward E:\VoiceForge TTV Pipeine\v3\envs\qwen3\Lib\site-packages\audioseal\libs\moshi\modules\streaming.py line 333 
W0905 07:40:07.588000 8916 envs\qwen3\Lib\site-packages\torch\_dynamo\convert_frame.py:1125] due to: 
W0905 07:40:07.588000 8916 envs\qwen3\Lib\site-packages\torch\_dynamo\convert_frame.py:1125] Traceback (most recent call last):
W0905 07:40:07.588000 8916 envs\qwen3\Lib\site-packages\torch\_dynamo\convert_frame.py:1125]   File "E:\VoiceForge TTV Pipeine\v3\envs\qwen3\Lib\site-packages\torch\_inductor\cpp_builder.py", line 130, in check_compiler_exist_windows
W0905 07:40:07.588000 8916 envs\qwen3\Lib\site-packages\torch\_dynamo\convert_frame.py:1125]     subprocess.check_output([compiler, "/help"], stderr=subprocess.STDOUT)
W0905 07:40:07.588000 8916 envs\qwen3\Lib\site-packages\torch\_dynamo\convert_frame.py:1125]   File "C:\Python312\Lib\subprocess.py", line 466, in check_output
W0905 07:40:07.588000 8916 envs\qwen3\Lib\site-packages\torch\_dynamo\convert_frame.py:1125]     return run(*popenargs, stdout=PIPE, timeout=timeout, check=True,
W0905 07:40:07.588000 8916 envs\qwen3\Lib\site-packages\torch\_dynamo\convert_frame.py:1125]            ^^^^^^^^^^^^^^^^^^^^^^^^^^^^^^^^^^^^^^^^^^^^^^^^^^^^^^^^^
W0905 07:40:07.588000 8916 envs\qwen3\Lib\site-packages\torch\_dynamo\convert_frame.py:1125]   File "C:\Python312\Lib\subprocess.py", line 548, in run
W0905 07:40:07.588000 8916 envs\qwen3\Lib\site-packages\torch\_dynamo\convert_frame.py:1125]     with Popen(*popenargs, **kwargs) as process:
W0905 07:40:07.588000 8916 envs\qwen3\Lib\site-packages\torch\_dynamo\convert_frame.py:1125]          ^^^^^^^^^^^^^^^^^^^^^^^^^^^
W0905 07:40:07.588000 8916 envs\qwen3\Lib\site-packages\torch\_dynamo\convert_frame.py:1125]   File "C:\Python312\Lib\subprocess.py", line 1026, in __init__
W0905 07:40:07.588000 8916 envs\qwen3\Lib\site-packages\torch\_dynamo\convert_frame.py:1125]     self._execute_child(args, executable, preexec_fn, close_fds,
W0905 07:40:07.588000 8916 envs\qwen3\Lib\site-packages\torch\_dynamo\convert_frame.py:1125]   File "C:\Python312\Lib\subprocess.py", line 1538, in _execute_child
W0905 07:40:07.588000 8916 envs\qwen3\Lib\site-packages\torch\_dynamo\convert_frame.py:1125]     hp, ht, pid, tid = _winapi.CreateProcess(executable, args,
W0905 07:40:07.588000 8916 envs\qwen3\Lib\site-packages\torch\_dynamo\convert_frame.py:1125]                        ^^^^^^^^^^^^^^^^^^^^^^^^^^^^^^^^^^^^^^^
W0905 07:40:07.588000 8916 envs\qwen3\Lib\site-packages\torch\_dynamo\convert_frame.py:1125] FileNotFoundError: [WinError 2] The system cannot find the file specified
W0905 07:40:07.588000 8916 envs\qwen3\Lib\site-packages\torch\_dynamo\convert_frame.py:1125] 
W0905 07:40:07.588000 8916 envs\qwen3\Lib\site-packages\torch\_dynamo\convert_frame.py:1125] The above exception was the direct cause of the following exception:
W0905 07:40:07.588000 8916 envs\qwen3\Lib\site-packages\torch\_dynamo\convert_frame.py:1125] 
W0905 07:40:07.588000 8916 envs\qwen3\Lib\site-packages\torch\_dynamo\convert_frame.py:1125] Traceback (most recent call last):
W0905 07:40:07.588000 8916 envs\qwen3\Lib\site-packages\torch\_dynamo\convert_frame.py:1125]   File "E:\VoiceForge TTV Pipeine\v3\envs\qwen3\Lib\site-packages\torch\_dynamo\output_graph.py", line 1446, in _call_user_compiler
W0905 07:40:07.588000 8916 envs\qwen3\Lib\site-packages\torch\_dynamo\convert_frame.py:1125]     compiled_fn = compiler_fn(gm, self.example_inputs())
W0905 07:40:07.588000 8916 envs\qwen3\Lib\site-packages\torch\_dynamo\convert_frame.py:1125]                   ^^^^^^^^^^^^^^^^^^^^^^^^^^^^^^^^^^^^^^
W0905 07:40:07.588000 8916 envs\qwen3\Lib\site-packages\torch\_dynamo\convert_frame.py:1125]   File "E:\VoiceForge TTV Pipeine\v3\envs\qwen3\Lib\site-packages\torch\_dynamo\repro\after_dynamo.py", line 129, in __call__
W0905 07:40:07.588000 8916 envs\qwen3\Lib\site-packages\torch\_dynamo\convert_frame.py:1125]     compiled_gm = compiler_fn(gm, example_inputs)
W0905 07:40:07.588000 8916 envs\qwen3\Lib\site-packages\torch\_dynamo\convert_frame.py:1125]                   ^^^^^^^^^^^^^^^^^^^^^^^^^^^^^^^
W0905 07:40:07.588000 8916 envs\qwen3\Lib\site-packages\torch\_dynamo\convert_frame.py:1125]   File "E:\VoiceForge TTV Pipeine\v3\envs\qwen3\Lib\site-packages\torch\__init__.py", line 2234, in __call__
W0905 07:40:07.588000 8916 envs\qwen3\Lib\site-packages\torch\_dynamo\convert_frame.py:1125]     return compile_fx(model_, inputs_, config_patches=self.config)
W0905 07:40:07.588000 8916 envs\qwen3\Lib\site-packages\torch\_dynamo\convert_frame.py:1125]            ^^^^^^^^^^^^^^^^^^^^^^^^^^^^^^^^^^^^^^^^^^^^^^^^^^^^^^^
W0905 07:40:07.588000 8916 envs\qwen3\Lib\site-packages\torch\_dynamo\convert_frame.py:1125]   File "E:\VoiceForge TTV Pipeine\v3\envs\qwen3\Lib\site-packages\torch\_inductor\compile_fx.py", line 1521, in compile_fx
W0905 07:40:07.588000 8916 envs\qwen3\Lib\site-packages\torch\_dynamo\convert_frame.py:1125]     return aot_autograd(
W0905 07:40:07.588000 8916 envs\qwen3\Lib\site-packages\torch\_dynamo\convert_frame.py:1125]            ^^^^^^^^^^^^^
W0905 07:40:07.588000 8916 envs\qwen3\Lib\site-packages\torch\_dynamo\convert_frame.py:1125]   File "E:\VoiceForge TTV Pipeine\v3\envs\qwen3\Lib\site-packages\torch\_dynamo\backends\common.py", line 72, in __call__
W0905 07:40:07.588000 8916 envs\qwen3\Lib\site-packages\torch\_dynamo\convert_frame.py:1125]     cg = aot_module_simplified(gm, example_inputs, **self.kwargs)
W0905 07:40:07.588000 8916 envs\qwen3\Lib\site-packages\torch\_dynamo\convert_frame.py:1125]          ^^^^^^^^^^^^^^^^^^^^^^^^^^^^^^^^^^^^^^^^^^^^^^^^^^^^^^^^
W0905 07:40:07.588000 8916 envs\qwen3\Lib\site-packages\torch\_dynamo\convert_frame.py:1125]   File "E:\VoiceForge TTV Pipeine\v3\envs\qwen3\Lib\site-packages\torch\_functorch\aot_autograd.py", line 1071, in aot_module_simplified
W0905 07:40:07.588000 8916 envs\qwen3\Lib\site-packages\torch\_dynamo\convert_frame.py:1125]     compiled_fn = dispatch_and_compile()
W0905 07:40:07.588000 8916 envs\qwen3\Lib\site-packages\torch\_dynamo\convert_frame.py:1125]                   ^^^^^^^^^^^^^^^^^^^^^^
W0905 07:40:07.588000 8916 envs\qwen3\Lib\site-packages\torch\_dynamo\convert_frame.py:1125]   File "E:\VoiceForge TTV Pipeine\v3\envs\qwen3\Lib\site-packages\torch\_functorch\aot_autograd.py", line 1056, in dispatch_and_compile
W0905 07:40:07.588000 8916 envs\qwen3\Lib\site-packages\torch\_dynamo\convert_frame.py:1125]     compiled_fn, _ = create_aot_dispatcher_function(
W0905 07:40:07.588000 8916 envs\qwen3\Lib\site-packages\torch\_dynamo\convert_frame.py:1125]                      ^^^^^^^^^^^^^^^^^^^^^^^^^^^^^^^
W0905 07:40:07.588000 8916 envs\qwen3\Lib\site-packages\torch\_dynamo\convert_frame.py:1125]   File "E:\VoiceForge TTV Pipeine\v3\envs\qwen3\Lib\site-packages\torch\_functorch\aot_autograd.py", line 522, in create_aot_dispatcher_function
W0905 07:40:07.588000 8916 envs\qwen3\Lib\site-packages\torch\_dynamo\convert_frame.py:1125]     return _create_aot_dispatcher_function(
W0905 07:40:07.588000 8916 envs\qwen3\Lib\site-packages\torch\_dynamo\convert_frame.py:1125]            ^^^^^^^^^^^^^^^^^^^^^^^^^^^^^^^^
W0905 07:40:07.588000 8916 envs\qwen3\Lib\site-packages\torch\_dynamo\convert_frame.py:1125]   File "E:\VoiceForge TTV Pipeine\v3\envs\qwen3\Lib\site-packages\torch\_functorch\aot_autograd.py", line 759, in _create_aot_dispatcher_function
W0905 07:40:07.588000 8916 envs\qwen3\Lib\site-packages\torch\_dynamo\convert_frame.py:1125]     compiled_fn, fw_metadata = compiler_fn(
W0905 07:40:07.588000 8916 envs\qwen3\Lib\site-packages\torch\_dynamo\convert_frame.py:1125]                                ^^^^^^^^^^^^
W0905 07:40:07.588000 8916 envs\qwen3\Lib\site-packages\torch\_dynamo\convert_frame.py:1125]   File "E:\VoiceForge TTV Pipeine\v3\envs\qwen3\Lib\site-packages\torch\_functorch\_aot_autograd\jit_compile_runtime_wrappers.py", line 179, in aot_dispatch_base
W0905 07:40:07.588000 8916 envs\qwen3\Lib\site-packages\torch\_dynamo\convert_frame.py:1125]     compiled_fw = compiler(fw_module, updated_flat_args)
W0905 07:40:07.588000 8916 envs\qwen3\Lib\site-packages\torch\_dynamo\convert_frame.py:1125]                   ^^^^^^^^^^^^^^^^^^^^^^^^^^^^^^^^^^^^^^
W0905 07:40:07.588000 8916 envs\qwen3\Lib\site-packages\torch\_dynamo\convert_frame.py:1125]   File "E:\VoiceForge TTV Pipeine\v3\envs\qwen3\Lib\site-packages\torch\_inductor\compile_fx.py", line 1350, in fw_compiler_base
W0905 07:40:07.588000 8916 envs\qwen3\Lib\site-packages\torch\_dynamo\convert_frame.py:1125]     return _fw_compiler_base(model, example_inputs, is_inference)
W0905 07:40:07.588000 8916 envs\qwen3\Lib\site-packages\torch\_dynamo\convert_frame.py:1125]            ^^^^^^^^^^^^^^^^^^^^^^^^^^^^^^^^^^^^^^^^^^^^^^^^^^^^^^
W0905 07:40:07.588000 8916 envs\qwen3\Lib\site-packages\torch\_dynamo\convert_frame.py:1125]   File "E:\VoiceForge TTV Pipeine\v3\envs\qwen3\Lib\site-packages\torch\_inductor\compile_fx.py", line 1421, in _fw_compiler_base
W0905 07:40:07.588000 8916 envs\qwen3\Lib\site-packages\torch\_dynamo\convert_frame.py:1125]     return inner_compile(
W0905 07:40:07.588000 8916 envs\qwen3\Lib\site-packages\torch\_dynamo\convert_frame.py:1125]            ^^^^^^^^^^^^^^
W0905 07:40:07.588000 8916 envs\qwen3\Lib\site-packages\torch\_dynamo\convert_frame.py:1125]   File "E:\VoiceForge TTV Pipeine\v3\envs\qwen3\Lib\site-packages\torch\_inductor\compile_fx.py", line 475, in compile_fx_inner
W0905 07:40:07.588000 8916 envs\qwen3\Lib\site-packages\torch\_dynamo\convert_frame.py:1125]     return wrap_compiler_debug(_compile_fx_inner, compiler_name="inductor")(
W0905 07:40:07.588000 8916 envs\qwen3\Lib\site-packages\torch\_dynamo\convert_frame.py:1125]            ^^^^^^^^^^^^^^^^^^^^^^^^^^^^^^^^^^^^^^^^^^^^^^^^^^^^^^^^^^^^^^^^^
W0905 07:40:07.588000 8916 envs\qwen3\Lib\site-packages\torch\_dynamo\convert_frame.py:1125]   File "E:\VoiceForge TTV Pipeine\v3\envs\qwen3\Lib\site-packages\torch\_dynamo\repro\after_aot.py", line 85, in debug_wrapper
W0905 07:40:07.588000 8916 envs\qwen3\Lib\site-packages\torch\_dynamo\convert_frame.py:1125]     inner_compiled_fn = compiler_fn(gm, example_inputs)
W0905 07:40:07.588000 8916 envs\qwen3\Lib\site-packages\torch\_dynamo\convert_frame.py:1125]                         ^^^^^^^^^^^^^^^^^^^^^^^^^^^^^^^
W0905 07:40:07.588000 8916 envs\qwen3\Lib\site-packages\torch\_dynamo\convert_frame.py:1125]   File "E:\VoiceForge TTV Pipeine\v3\envs\qwen3\Lib\site-packages\torch\_inductor\compile_fx.py", line 661, in _compile_fx_inner
W0905 07:40:07.588000 8916 envs\qwen3\Lib\site-packages\torch\_dynamo\convert_frame.py:1125]     compiled_graph = FxGraphCache.load(
W0905 07:40:07.588000 8916 envs\qwen3\Lib\site-packages\torch\_dynamo\convert_frame.py:1125]                      ^^^^^^^^^^^^^^^^^^
W0905 07:40:07.588000 8916 envs\qwen3\Lib\site-packages\torch\_dynamo\convert_frame.py:1125]   File "E:\VoiceForge TTV Pipeine\v3\envs\qwen3\Lib\site-packages\torch\_inductor\codecache.py", line 1334, in load
W0905 07:40:07.588000 8916 envs\qwen3\Lib\site-packages\torch\_dynamo\convert_frame.py:1125]     compiled_graph = compile_fx_fn(
W0905 07:40:07.588000 8916 envs\qwen3\Lib\site-packages\torch\_dynamo\convert_frame.py:1125]                      ^^^^^^^^^^^^^^
W0905 07:40:07.588000 8916 envs\qwen3\Lib\site-packages\torch\_dynamo\convert_frame.py:1125]   File "E:\VoiceForge TTV Pipeine\v3\envs\qwen3\Lib\site-packages\torch\_inductor\compile_fx.py", line 570, in codegen_and_compile
W0905 07:40:07.588000 8916 envs\qwen3\Lib\site-packages\torch\_dynamo\convert_frame.py:1125]     compiled_graph = fx_codegen_and_compile(gm, example_inputs, **fx_kwargs)
W0905 07:40:07.588000 8916 envs\qwen3\Lib\site-packages\torch\_dynamo\convert_frame.py:1125]                      ^^^^^^^^^^^^^^^^^^^^^^^^^^^^^^^^^^^^^^^^^^^^^^^^^^^^^^^
W0905 07:40:07.588000 8916 envs\qwen3\Lib\site-packages\torch\_dynamo\convert_frame.py:1125]   File "E:\VoiceForge TTV Pipeine\v3\envs\qwen3\Lib\site-packages\torch\_inductor\compile_fx.py", line 878, in fx_codegen_and_compile
W0905 07:40:07.588000 8916 envs\qwen3\Lib\site-packages\torch\_dynamo\convert_frame.py:1125]     compiled_fn = graph.compile_to_fn()
W0905 07:40:07.588000 8916 envs\qwen3\Lib\site-packages\torch\_dynamo\convert_frame.py:1125]                   ^^^^^^^^^^^^^^^^^^^^^
W0905 07:40:07.588000 8916 envs\qwen3\Lib\site-packages\torch\_dynamo\convert_frame.py:1125]   File "E:\VoiceForge TTV Pipeine\v3\envs\qwen3\Lib\site-packages\torch\_inductor\graph.py", line 1913, in compile_to_fn
W0905 07:40:07.588000 8916 envs\qwen3\Lib\site-packages\torch\_dynamo\convert_frame.py:1125]     return self.compile_to_module().call
W0905 07:40:07.588000 8916 envs\qwen3\Lib\site-packages\torch\_dynamo\convert_frame.py:1125]            ^^^^^^^^^^^^^^^^^^^^^^^^
W0905 07:40:07.588000 8916 envs\qwen3\Lib\site-packages\torch\_dynamo\convert_frame.py:1125]   File "E:\VoiceForge TTV Pipeine\v3\envs\qwen3\Lib\site-packages\torch\_inductor\graph.py", line 1839, in compile_to_module
W0905 07:40:07.588000 8916 envs\qwen3\Lib\site-packages\torch\_dynamo\convert_frame.py:1125]     return self._compile_to_module()
W0905 07:40:07.588000 8916 envs\qwen3\Lib\site-packages\torch\_dynamo\convert_frame.py:1125]            ^^^^^^^^^^^^^^^^^^^^^^^^^
W0905 07:40:07.588000 8916 envs\qwen3\Lib\site-packages\torch\_dynamo\convert_frame.py:1125]   File "E:\VoiceForge TTV Pipeine\v3\envs\qwen3\Lib\site-packages\torch\_inductor\graph.py", line 1845, in _compile_to_module
W0905 07:40:07.588000 8916 envs\qwen3\Lib\site-packages\torch\_dynamo\convert_frame.py:1125]     self.codegen_with_cpp_wrapper() if self.cpp_wrapper else self.codegen()
W0905 07:40:07.588000 8916 envs\qwen3\Lib\site-packages\torch\_dynamo\convert_frame.py:1125]                                                              ^^^^^^^^^^^^^^
W0905 07:40:07.588000 8916 envs\qwen3\Lib\site-packages\torch\_dynamo\convert_frame.py:1125]   File "E:\VoiceForge TTV Pipeine\v3\envs\qwen3\Lib\site-packages\torch\_inductor\graph.py", line 1784, in codegen
W0905 07:40:07.588000 8916 envs\qwen3\Lib\site-packages\torch\_dynamo\convert_frame.py:1125]     self.scheduler.codegen()
W0905 07:40:07.588000 8916 envs\qwen3\Lib\site-packages\torch\_dynamo\convert_frame.py:1125]   File "E:\VoiceForge TTV Pipeine\v3\envs\qwen3\Lib\site-packages\torch\_inductor\scheduler.py", line 3383, in codegen
W0905 07:40:07.588000 8916 envs\qwen3\Lib\site-packages\torch\_dynamo\convert_frame.py:1125]     return self._codegen()
W0905 07:40:07.588000 8916 envs\qwen3\Lib\site-packages\torch\_dynamo\convert_frame.py:1125]            ^^^^^^^^^^^^^^^
W0905 07:40:07.588000 8916 envs\qwen3\Lib\site-packages\torch\_dynamo\convert_frame.py:1125]   File "E:\VoiceForge TTV Pipeine\v3\envs\qwen3\Lib\site-packages\torch\_inductor\scheduler.py", line 3461, in _codegen
W0905 07:40:07.588000 8916 envs\qwen3\Lib\site-packages\torch\_dynamo\convert_frame.py:1125]     self.get_backend(device).codegen_node(node)
W0905 07:40:07.588000 8916 envs\qwen3\Lib\site-packages\torch\_dynamo\convert_frame.py:1125]   File "E:\VoiceForge TTV Pipeine\v3\envs\qwen3\Lib\site-packages\torch\_inductor\codegen\cpp.py", line 4468, in codegen_node
W0905 07:40:07.588000 8916 envs\qwen3\Lib\site-packages\torch\_dynamo\convert_frame.py:1125]     cpp_kernel_proxy = CppKernelProxy(kernel_group)
W0905 07:40:07.588000 8916 envs\qwen3\Lib\site-packages\torch\_dynamo\convert_frame.py:1125]                        ^^^^^^^^^^^^^^^^^^^^^^^^^^^^
W0905 07:40:07.588000 8916 envs\qwen3\Lib\site-packages\torch\_dynamo\convert_frame.py:1125]   File "E:\VoiceForge TTV Pipeine\v3\envs\qwen3\Lib\site-packages\torch\_inductor\codegen\cpp.py", line 3466, in __init__
W0905 07:40:07.588000 8916 envs\qwen3\Lib\site-packages\torch\_dynamo\convert_frame.py:1125]     self.picked_vec_isa: cpu_vec_isa.VecISA = cpu_vec_isa.pick_vec_isa()
W0905 07:40:07.588000 8916 envs\qwen3\Lib\site-packages\torch\_dynamo\convert_frame.py:1125]                                               ^^^^^^^^^^^^^^^^^^^^^^^^^^
W0905 07:40:07.588000 8916 envs\qwen3\Lib\site-packages\torch\_dynamo\convert_frame.py:1125]   File "E:\VoiceForge TTV Pipeine\v3\envs\qwen3\Lib\site-packages\torch\_inductor\cpu_vec_isa.py", line 360, in pick_vec_isa
W0905 07:40:07.588000 8916 envs\qwen3\Lib\site-packages\torch\_dynamo\convert_frame.py:1125]     _valid_vec_isa_list: List[VecISA] = valid_vec_isa_list()
W0905 07:40:07.588000 8916 envs\qwen3\Lib\site-packages\torch\_dynamo\convert_frame.py:1125]                                         ^^^^^^^^^^^^^^^^^^^^
W0905 07:40:07.588000 8916 envs\qwen3\Lib\site-packages\torch\_dynamo\convert_frame.py:1125]   File "E:\VoiceForge TTV Pipeine\v3\envs\qwen3\Lib\site-packages\torch\_inductor\cpu_vec_isa.py", line 350, in valid_vec_isa_list
W0905 07:40:07.588000 8916 envs\qwen3\Lib\site-packages\torch\_dynamo\convert_frame.py:1125]     if all(flag in _cpu_supported_x86_isa for flag in str(isa).split()) and isa:
W0905 07:40:07.588000 8916 envs\qwen3\Lib\site-packages\torch\_dynamo\convert_frame.py:1125]                                                                             ^^^
W0905 07:40:07.588000 8916 envs\qwen3\Lib\site-packages\torch\_dynamo\convert_frame.py:1125]   File "E:\VoiceForge TTV Pipeine\v3\envs\qwen3\Lib\site-packages\torch\_inductor\cpu_vec_isa.py", line 148, in __bool__
W0905 07:40:07.588000 8916 envs\qwen3\Lib\site-packages\torch\_dynamo\convert_frame.py:1125]     return self.check_build(VecISA._avx_code)
W0905 07:40:07.588000 8916 envs\qwen3\Lib\site-packages\torch\_dynamo\convert_frame.py:1125]            ^^^^^^^^^^^^^^^^^^^^^^^^^^^^^^^^^^
W0905 07:40:07.588000 8916 envs\qwen3\Lib\site-packages\torch\_dynamo\convert_frame.py:1125]   File "E:\VoiceForge TTV Pipeine\v3\envs\qwen3\Lib\site-packages\torch\_inductor\cpu_vec_isa.py", line 101, in check_build
W0905 07:40:07.588000 8916 envs\qwen3\Lib\site-packages\torch\_dynamo\convert_frame.py:1125]     extra=_get_isa_dry_compile_fingerprint(self._arch_flags),
W0905 07:40:07.588000 8916 envs\qwen3\Lib\site-packages\torch\_dynamo\convert_frame.py:1125]           ^^^^^^^^^^^^^^^^^^^^^^^^^^^^^^^^^^^^^^^^^^^^^^^^^^
W0905 07:40:07.588000 8916 envs\qwen3\Lib\site-packages\torch\_dynamo\convert_frame.py:1125]   File "E:\VoiceForge TTV Pipeine\v3\envs\qwen3\Lib\site-packages\torch\_inductor\cpu_vec_isa.py", line 27, in _get_isa_dry_compile_fingerprint
W0905 07:40:07.588000 8916 envs\qwen3\Lib\site-packages\torch\_dynamo\convert_frame.py:1125]     compiler_info = get_compiler_version_info(get_cpp_compiler())
W0905 07:40:07.588000 8916 envs\qwen3\Lib\site-packages\torch\_dynamo\convert_frame.py:1125]                                               ^^^^^^^^^^^^^^^^^^
W0905 07:40:07.588000 8916 envs\qwen3\Lib\site-packages\torch\_dynamo\convert_frame.py:1125]   File "E:\VoiceForge TTV Pipeine\v3\envs\qwen3\Lib\site-packages\torch\_inductor\cpp_builder.py", line 144, in get_cpp_compiler
W0905 07:40:07.588000 8916 envs\qwen3\Lib\site-packages\torch\_dynamo\convert_frame.py:1125]     check_compiler_exist_windows(compiler)
W0905 07:40:07.588000 8916 envs\qwen3\Lib\site-packages\torch\_dynamo\convert_frame.py:1125]   File "E:\VoiceForge TTV Pipeine\v3\envs\qwen3\Lib\site-packages\torch\_inductor\cpp_builder.py", line 135, in check_compiler_exist_windows
W0905 07:40:07.588000 8916 envs\qwen3\Lib\site-packages\torch\_dynamo\convert_frame.py:1125]     raise RuntimeError(f"Compiler: {compiler} is not found.") from exc
W0905 07:40:07.588000 8916 envs\qwen3\Lib\site-packages\torch\_dynamo\convert_frame.py:1125] RuntimeError: Compiler: cl is not found.
W0905 07:40:07.588000 8916 envs\qwen3\Lib\site-packages\torch\_dynamo\convert_frame.py:1125] 
W0905 07:40:07.588000 8916 envs\qwen3\Lib\site-packages\torch\_dynamo\convert_frame.py:1125] The above exception was the direct cause of the following exception:
W0905 07:40:07.588000 8916 envs\qwen3\Lib\site-packages\torch\_dynamo\convert_frame.py:1125] 
W0905 07:40:07.588000 8916 envs\qwen3\Lib\site-packages\torch\_dynamo\convert_frame.py:1125] Traceback (most recent call last):
W0905 07:40:07.588000 8916 envs\qwen3\Lib\site-packages\torch\_dynamo\convert_frame.py:1125]   File "E:\VoiceForge TTV Pipeine\v3\envs\qwen3\Lib\site-packages\torch\_dynamo\convert_frame.py", line 1064, in __call__
W0905 07:40:07.588000 8916 envs\qwen3\Lib\site-packages\torch\_dynamo\convert_frame.py:1125]     result = self._inner_convert(
W0905 07:40:07.588000 8916 envs\qwen3\Lib\site-packages\torch\_dynamo\convert_frame.py:1125]              ^^^^^^^^^^^^^^^^^^^^
W0905 07:40:07.588000 8916 envs\qwen3\Lib\site-packages\torch\_dynamo\convert_frame.py:1125]   File "E:\VoiceForge TTV Pipeine\v3\envs\qwen3\Lib\site-packages\torch\_dynamo\convert_frame.py", line 526, in __call__
W0905 07:40:07.588000 8916 envs\qwen3\Lib\site-packages\torch\_dynamo\convert_frame.py:1125]     return _compile(
W0905 07:40:07.588000 8916 envs\qwen3\Lib\site-packages\torch\_dynamo\convert_frame.py:1125]            ^^^^^^^^^
W0905 07:40:07.588000 8916 envs\qwen3\Lib\site-packages\torch\_dynamo\convert_frame.py:1125]   File "E:\VoiceForge TTV Pipeine\v3\envs\qwen3\Lib\site-packages\torch\_dynamo\convert_frame.py", line 924, in _compile
W0905 07:40:07.588000 8916 envs\qwen3\Lib\site-packages\torch\_dynamo\convert_frame.py:1125]     guarded_code = compile_inner(code, one_graph, hooks, transform)
W0905 07:40:07.588000 8916 envs\qwen3\Lib\site-packages\torch\_dynamo\convert_frame.py:1125]                    ^^^^^^^^^^^^^^^^^^^^^^^^^^^^^^^^^^^^^^^^^^^^^^^^
W0905 07:40:07.588000 8916 envs\qwen3\Lib\site-packages\torch\_dynamo\convert_frame.py:1125]   File "E:\VoiceForge TTV Pipeine\v3\envs\qwen3\Lib\site-packages\torch\_dynamo\convert_frame.py", line 666, in compile_inner
W0905 07:40:07.588000 8916 envs\qwen3\Lib\site-packages\torch\_dynamo\convert_frame.py:1125]     return _compile_inner(code, one_graph, hooks, transform)
W0905 07:40:07.588000 8916 envs\qwen3\Lib\site-packages\torch\_dynamo\convert_frame.py:1125]            ^^^^^^^^^^^^^^^^^^^^^^^^^^^^^^^^^^^^^^^^^^^^^^^^^
W0905 07:40:07.588000 8916 envs\qwen3\Lib\site-packages\torch\_dynamo\convert_frame.py:1125]   File "E:\VoiceForge TTV Pipeine\v3\envs\qwen3\Lib\site-packages\torch\_utils_internal.py", line 87, in wrapper_function
W0905 07:40:07.588000 8916 envs\qwen3\Lib\site-packages\torch\_dynamo\convert_frame.py:1125]     return function(*args, **kwargs)
W0905 07:40:07.588000 8916 envs\qwen3\Lib\site-packages\torch\_dynamo\convert_frame.py:1125]            ^^^^^^^^^^^^^^^^^^^^^^^^^
W0905 07:40:07.588000 8916 envs\qwen3\Lib\site-packages\torch\_dynamo\convert_frame.py:1125]   File "E:\VoiceForge TTV Pipeine\v3\envs\qwen3\Lib\site-packages\torch\_dynamo\convert_frame.py", line 699, in _compile_inner
W0905 07:40:07.588000 8916 envs\qwen3\Lib\site-packages\torch\_dynamo\convert_frame.py:1125]     out_code = transform_code_object(code, transform)
W0905 07:40:07.588000 8916 envs\qwen3\Lib\site-packages\torch\_dynamo\convert_frame.py:1125]                ^^^^^^^^^^^^^^^^^^^^^^^^^^^^^^^^^^^^^^
W0905 07:40:07.588000 8916 envs\qwen3\Lib\site-packages\torch\_dynamo\convert_frame.py:1125]   File "E:\VoiceForge TTV Pipeine\v3\envs\qwen3\Lib\site-packages\torch\_dynamo\bytecode_transformation.py", line 1322, in transform_code_object
W0905 07:40:07.588000 8916 envs\qwen3\Lib\site-packages\torch\_dynamo\convert_frame.py:1125]     transformations(instructions, code_options)
W0905 07:40:07.588000 8916 envs\qwen3\Lib\site-packages\torch\_dynamo\convert_frame.py:1125]   File "E:\VoiceForge TTV Pipeine\v3\envs\qwen3\Lib\site-packages\torch\_dynamo\convert_frame.py", line 219, in _fn
W0905 07:40:07.588000 8916 envs\qwen3\Lib\site-packages\torch\_dynamo\convert_frame.py:1125]     return fn(*args, **kwargs)
W0905 07:40:07.588000 8916 envs\qwen3\Lib\site-packages\torch\_dynamo\convert_frame.py:1125]            ^^^^^^^^^^^^^^^^^^^
W0905 07:40:07.588000 8916 envs\qwen3\Lib\site-packages\torch\_dynamo\convert_frame.py:1125]   File "E:\VoiceForge TTV Pipeine\v3\envs\qwen3\Lib\site-packages\torch\_dynamo\convert_frame.py", line 634, in transform
W0905 07:40:07.588000 8916 envs\qwen3\Lib\site-packages\torch\_dynamo\convert_frame.py:1125]     tracer.run()
W0905 07:40:07.588000 8916 envs\qwen3\Lib\site-packages\torch\_dynamo\convert_frame.py:1125]   File "E:\VoiceForge TTV Pipeine\v3\envs\qwen3\Lib\site-packages\torch\_dynamo\symbolic_convert.py", line 2796, in run
W0905 07:40:07.588000 8916 envs\qwen3\Lib\site-packages\torch\_dynamo\convert_frame.py:1125]     super().run()
W0905 07:40:07.588000 8916 envs\qwen3\Lib\site-packages\torch\_dynamo\convert_frame.py:1125]   File "E:\VoiceForge TTV Pipeine\v3\envs\qwen3\Lib\site-packages\torch\_dynamo\symbolic_convert.py", line 983, in run
W0905 07:40:07.588000 8916 envs\qwen3\Lib\site-packages\torch\_dynamo\convert_frame.py:1125]     while self.step():
W0905 07:40:07.588000 8916 envs\qwen3\Lib\site-packages\torch\_dynamo\convert_frame.py:1125]           ^^^^^^^^^^^
W0905 07:40:07.588000 8916 envs\qwen3\Lib\site-packages\torch\_dynamo\convert_frame.py:1125]   File "E:\VoiceForge TTV Pipeine\v3\envs\qwen3\Lib\site-packages\torch\_dynamo\symbolic_convert.py", line 895, in step
W0905 07:40:07.588000 8916 envs\qwen3\Lib\site-packages\torch\_dynamo\convert_frame.py:1125]     self.dispatch_table[inst.opcode](self, inst)
W0905 07:40:07.588000 8916 envs\qwen3\Lib\site-packages\torch\_dynamo\convert_frame.py:1125]   File "E:\VoiceForge TTV Pipeine\v3\envs\qwen3\Lib\site-packages\torch\_dynamo\symbolic_convert.py", line 2987, in RETURN_VALUE
W0905 07:40:07.588000 8916 envs\qwen3\Lib\site-packages\torch\_dynamo\convert_frame.py:1125]     self._return(inst)
W0905 07:40:07.588000 8916 envs\qwen3\Lib\site-packages\torch\_dynamo\convert_frame.py:1125]   File "E:\VoiceForge TTV Pipeine\v3\envs\qwen3\Lib\site-packages\torch\_dynamo\symbolic_convert.py", line 2972, in _return
W0905 07:40:07.588000 8916 envs\qwen3\Lib\site-packages\torch\_dynamo\convert_frame.py:1125]     self.output.compile_subgraph(
W0905 07:40:07.588000 8916 envs\qwen3\Lib\site-packages\torch\_dynamo\convert_frame.py:1125]   File "E:\VoiceForge TTV Pipeine\v3\envs\qwen3\Lib\site-packages\torch\_dynamo\output_graph.py", line 1117, in compile_subgraph
W0905 07:40:07.588000 8916 envs\qwen3\Lib\site-packages\torch\_dynamo\convert_frame.py:1125]     self.compile_and_call_fx_graph(tx, list(reversed(stack_values)), root)
W0905 07:40:07.588000 8916 envs\qwen3\Lib\site-packages\torch\_dynamo\convert_frame.py:1125]   File "E:\VoiceForge TTV Pipeine\v3\envs\qwen3\Lib\site-packages\torch\_dynamo\output_graph.py", line 1369, in compile_and_call_fx_graph
W0905 07:40:07.588000 8916 envs\qwen3\Lib\site-packages\torch\_dynamo\convert_frame.py:1125]     compiled_fn = self.call_user_compiler(gm)
W0905 07:40:07.588000 8916 envs\qwen3\Lib\site-packages\torch\_dynamo\convert_frame.py:1125]                   ^^^^^^^^^^^^^^^^^^^^^^^^^^^
W0905 07:40:07.588000 8916 envs\qwen3\Lib\site-packages\torch\_dynamo\convert_frame.py:1125]   File "E:\VoiceForge TTV Pipeine\v3\envs\qwen3\Lib\site-packages\torch\_dynamo\output_graph.py", line 1416, in call_user_compiler
W0905 07:40:07.588000 8916 envs\qwen3\Lib\site-packages\torch\_dynamo\convert_frame.py:1125]     return self._call_user_compiler(gm)
W0905 07:40:07.588000 8916 envs\qwen3\Lib\site-packages\torch\_dynamo\convert_frame.py:1125]            ^^^^^^^^^^^^^^^^^^^^^^^^^^^^
W0905 07:40:07.588000 8916 envs\qwen3\Lib\site-packages\torch\_dynamo\convert_frame.py:1125]   File "E:\VoiceForge TTV Pipeine\v3\envs\qwen3\Lib\site-packages\torch\_dynamo\output_graph.py", line 1465, in _call_user_compiler
W0905 07:40:07.588000 8916 envs\qwen3\Lib\site-packages\torch\_dynamo\convert_frame.py:1125]     raise BackendCompilerFailed(self.compiler_fn, e) from e
W0905 07:40:07.588000 8916 envs\qwen3\Lib\site-packages\torch\_dynamo\convert_frame.py:1125] torch._dynamo.exc.BackendCompilerFailed: backend='inductor' raised:
W0905 07:40:07.588000 8916 envs\qwen3\Lib\site-packages\torch\_dynamo\convert_frame.py:1125] RuntimeError: Compiler: cl is not found.
W0905 07:40:07.588000 8916 envs\qwen3\Lib\site-packages\torch\_dynamo\convert_frame.py:1125] 
W0905 07:40:07.588000 8916 envs\qwen3\Lib\site-packages\torch\_dynamo\convert_frame.py:1125] Set TORCH_LOGS="+dynamo" and TORCHDYNAMO_VERBOSE=1 for more information
W0905 07:40:07.588000 8916 envs\qwen3\Lib\site-packages\torch\_dynamo\convert_frame.py:1125] 
W0905 07:40:07.588000 8916 envs\qwen3\Lib\site-packages\torch\_dynamo\convert_frame.py:1125] Traceback (most recent call last):
W0905 07:40:07.588000 8916 envs\qwen3\Lib\site-packages\torch\_dynamo\convert_frame.py:1125]   File "E:\VoiceForge TTV Pipeine\v3\envs\qwen3\Lib\site-packages\torch\_inductor\cpp_builder.py", line 130, in check_compiler_exist_windows
W0905 07:40:07.588000 8916 envs\qwen3\Lib\site-packages\torch\_dynamo\convert_frame.py:1125]     subprocess.check_output([compiler, "/help"], stderr=subprocess.STDOUT)
W0905 07:40:07.588000 8916 envs\qwen3\Lib\site-packages\torch\_dynamo\convert_frame.py:1125]   File "C:\Python312\Lib\subprocess.py", line 466, in check_output
W0905 07:40:07.588000 8916 envs\qwen3\Lib\site-packages\torch\_dynamo\convert_frame.py:1125]     return run(*popenargs, stdout=PIPE, timeout=timeout, check=True,
W0905 07:40:07.588000 8916 envs\qwen3\Lib\site-packages\torch\_dynamo\convert_frame.py:1125]            ^^^^^^^^^^^^^^^^^^^^^^^^^^^^^^^^^^^^^^^^^^^^^^^^^^^^^^^^^
W0905 07:40:07.588000 8916 envs\qwen3\Lib\site-packages\torch\_dynamo\convert_frame.py:1125]   File "C:\Python312\Lib\subprocess.py", line 548, in run
W0905 07:40:07.588000 8916 envs\qwen3\Lib\site-packages\torch\_dynamo\convert_frame.py:1125]     with Popen(*popenargs, **kwargs) as process:
W0905 07:40:07.588000 8916 envs\qwen3\Lib\site-packages\torch\_dynamo\convert_frame.py:1125]          ^^^^^^^^^^^^^^^^^^^^^^^^^^^
W0905 07:40:07.588000 8916 envs\qwen3\Lib\site-packages\torch\_dynamo\convert_frame.py:1125]   File "C:\Python312\Lib\subprocess.py", line 1026, in __init__
W0905 07:40:07.588000 8916 envs\qwen3\Lib\site-packages\torch\_dynamo\convert_frame.py:1125]     self._execute_child(args, executable, preexec_fn, close_fds,
W0905 07:40:07.588000 8916 envs\qwen3\Lib\site-packages\torch\_dynamo\convert_frame.py:1125]   File "C:\Python312\Lib\subprocess.py", line 1538, in _execute_child
W0905 07:40:07.588000 8916 envs\qwen3\Lib\site-packages\torch\_dynamo\convert_frame.py:1125]     hp, ht, pid, tid = _winapi.CreateProcess(executable, args,
W0905 07:40:07.588000 8916 envs\qwen3\Lib\site-packages\torch\_dynamo\convert_frame.py:1125]                        ^^^^^^^^^^^^^^^^^^^^^^^^^^^^^^^^^^^^^^^
W0905 07:40:07.588000 8916 envs\qwen3\Lib\site-packages\torch\_dynamo\convert_frame.py:1125] FileNotFoundError: [WinError 2] The system cannot find the file specified
W0905 07:40:07.588000 8916 envs\qwen3\Lib\site-packages\torch\_dynamo\convert_frame.py:1125] 
W0905 07:40:07.588000 8916 envs\qwen3\Lib\site-packages\torch\_dynamo\convert_frame.py:1125] The above exception was the direct cause of the following exception:
W0905 07:40:07.588000 8916 envs\qwen3\Lib\site-packages\torch\_dynamo\convert_frame.py:1125] 
W0905 07:40:07.588000 8916 envs\qwen3\Lib\site-packages\torch\_dynamo\convert_frame.py:1125] Traceback (most recent call last):
W0905 07:40:07.588000 8916 envs\qwen3\Lib\site-packages\torch\_dynamo\convert_frame.py:1125]   File "E:\VoiceForge TTV Pipeine\v3\envs\qwen3\Lib\site-packages\torch\_dynamo\output_graph.py", line 1446, in _call_user_compiler
W0905 07:40:07.588000 8916 envs\qwen3\Lib\site-packages\torch\_dynamo\convert_frame.py:1125]     compiled_fn = compiler_fn(gm, self.example_inputs())
W0905 07:40:07.588000 8916 envs\qwen3\Lib\site-packages\torch\_dynamo\convert_frame.py:1125]                   ^^^^^^^^^^^^^^^^^^^^^^^^^^^^^^^^^^^^^^
W0905 07:40:07.588000 8916 envs\qwen3\Lib\site-packages\torch\_dynamo\convert_frame.py:1125]   File "E:\VoiceForge TTV Pipeine\v3\envs\qwen3\Lib\site-packages\torch\_dynamo\repro\after_dynamo.py", line 129, in __call__
W0905 07:40:07.588000 8916 envs\qwen3\Lib\site-packages\torch\_dynamo\convert_frame.py:1125]     compiled_gm = compiler_fn(gm, example_inputs)
W0905 07:40:07.588000 8916 envs\qwen3\Lib\site-packages\torch\_dynamo\convert_frame.py:1125]                   ^^^^^^^^^^^^^^^^^^^^^^^^^^^^^^^
W0905 07:40:07.588000 8916 envs\qwen3\Lib\site-packages\torch\_dynamo\convert_frame.py:1125]   File "E:\VoiceForge TTV Pipeine\v3\envs\qwen3\Lib\site-packages\torch\__init__.py", line 2234, in __call__
W0905 07:40:07.588000 8916 envs\qwen3\Lib\site-packages\torch\_dynamo\convert_frame.py:1125]     return compile_fx(model_, inputs_, config_patches=self.config)
W0905 07:40:07.588000 8916 envs\qwen3\Lib\site-packages\torch\_dynamo\convert_frame.py:1125]            ^^^^^^^^^^^^^^^^^^^^^^^^^^^^^^^^^^^^^^^^^^^^^^^^^^^^^^^
W0905 07:40:07.588000 8916 envs\qwen3\Lib\site-packages\torch\_dynamo\convert_frame.py:1125]   File "E:\VoiceForge TTV Pipeine\v3\envs\qwen3\Lib\site-packages\torch\_inductor\compile_fx.py", line 1521, in compile_fx
W0905 07:40:07.588000 8916 envs\qwen3\Lib\site-packages\torch\_dynamo\convert_frame.py:1125]     return aot_autograd(
W0905 07:40:07.588000 8916 envs\qwen3\Lib\site-packages\torch\_dynamo\convert_frame.py:1125]            ^^^^^^^^^^^^^
W0905 07:40:07.588000 8916 envs\qwen3\Lib\site-packages\torch\_dynamo\convert_frame.py:1125]   File "E:\VoiceForge TTV Pipeine\v3\envs\qwen3\Lib\site-packages\torch\_dynamo\backends\common.py", line 72, in __call__
W0905 07:40:07.588000 8916 envs\qwen3\Lib\site-packages\torch\_dynamo\convert_frame.py:1125]     cg = aot_module_simplified(gm, example_inputs, **self.kwargs)
W0905 07:40:07.588000 8916 envs\qwen3\Lib\site-packages\torch\_dynamo\convert_frame.py:1125]          ^^^^^^^^^^^^^^^^^^^^^^^^^^^^^^^^^^^^^^^^^^^^^^^^^^^^^^^^
W0905 07:40:07.588000 8916 envs\qwen3\Lib\site-packages\torch\_dynamo\convert_frame.py:1125]   File "E:\VoiceForge TTV Pipeine\v3\envs\qwen3\Lib\site-packages\torch\_functorch\aot_autograd.py", line 1071, in aot_module_simplified
W0905 07:40:07.588000 8916 envs\qwen3\Lib\site-packages\torch\_dynamo\convert_frame.py:1125]     compiled_fn = dispatch_and_compile()
W0905 07:40:07.588000 8916 envs\qwen3\Lib\site-packages\torch\_dynamo\convert_frame.py:1125]                   ^^^^^^^^^^^^^^^^^^^^^^
W0905 07:40:07.588000 8916 envs\qwen3\Lib\site-packages\torch\_dynamo\convert_frame.py:1125]   File "E:\VoiceForge TTV Pipeine\v3\envs\qwen3\Lib\site-packages\torch\_functorch\aot_autograd.py", line 1056, in dispatch_and_compile
W0905 07:40:07.588000 8916 envs\qwen3\Lib\site-packages\torch\_dynamo\convert_frame.py:1125]     compiled_fn, _ = create_aot_dispatcher_function(
W0905 07:40:07.588000 8916 envs\qwen3\Lib\site-packages\torch\_dynamo\convert_frame.py:1125]                      ^^^^^^^^^^^^^^^^^^^^^^^^^^^^^^^
W0905 07:40:07.588000 8916 envs\qwen3\Lib\site-packages\torch\_dynamo\convert_frame.py:1125]   File "E:\VoiceForge TTV Pipeine\v3\envs\qwen3\Lib\site-packages\torch\_functorch\aot_autograd.py", line 522, in create_aot_dispatcher_function
W0905 07:40:07.588000 8916 envs\qwen3\Lib\site-packages\torch\_dynamo\convert_frame.py:1125]     return _create_aot_dispatcher_function(
W0905 07:40:07.588000 8916 envs\qwen3\Lib\site-packages\torch\_dynamo\convert_frame.py:1125]            ^^^^^^^^^^^^^^^^^^^^^^^^^^^^^^^^
W0905 07:40:07.588000 8916 envs\qwen3\Lib\site-packages\torch\_dynamo\convert_frame.py:1125]   File "E:\VoiceForge TTV Pipeine\v3\envs\qwen3\Lib\site-packages\torch\_functorch\aot_autograd.py", line 759, in _create_aot_dispatcher_function
W0905 07:40:07.588000 8916 envs\qwen3\Lib\site-packages\torch\_dynamo\convert_frame.py:1125]     compiled_fn, fw_metadata = compiler_fn(
W0905 07:40:07.588000 8916 envs\qwen3\Lib\site-packages\torch\_dynamo\convert_frame.py:1125]                                ^^^^^^^^^^^^
W0905 07:40:07.588000 8916 envs\qwen3\Lib\site-packages\torch\_dynamo\convert_frame.py:1125]   File "E:\VoiceForge TTV Pipeine\v3\envs\qwen3\Lib\site-packages\torch\_functorch\_aot_autograd\jit_compile_runtime_wrappers.py", line 179, in aot_dispatch_base
W0905 07:40:07.588000 8916 envs\qwen3\Lib\site-packages\torch\_dynamo\convert_frame.py:1125]     compiled_fw = compiler(fw_module, updated_flat_args)
W0905 07:40:07.588000 8916 envs\qwen3\Lib\site-packages\torch\_dynamo\convert_frame.py:1125]                   ^^^^^^^^^^^^^^^^^^^^^^^^^^^^^^^^^^^^^^
W0905 07:40:07.588000 8916 envs\qwen3\Lib\site-packages\torch\_dynamo\convert_frame.py:1125]   File "E:\VoiceForge TTV Pipeine\v3\envs\qwen3\Lib\site-packages\torch\_inductor\compile_fx.py", line 1350, in fw_compiler_base
W0905 07:40:07.588000 8916 envs\qwen3\Lib\site-packages\torch\_dynamo\convert_frame.py:1125]     return _fw_compiler_base(model, example_inputs, is_inference)
W0905 07:40:07.588000 8916 envs\qwen3\Lib\site-packages\torch\_dynamo\convert_frame.py:1125]            ^^^^^^^^^^^^^^^^^^^^^^^^^^^^^^^^^^^^^^^^^^^^^^^^^^^^^^
W0905 07:40:07.588000 8916 envs\qwen3\Lib\site-packages\torch\_dynamo\convert_frame.py:1125]   File "E:\VoiceForge TTV Pipeine\v3\envs\qwen3\Lib\site-packages\torch\_inductor\compile_fx.py", line 1421, in _fw_compiler_base
W0905 07:40:07.588000 8916 envs\qwen3\Lib\site-packages\torch\_dynamo\convert_frame.py:1125]     return inner_compile(
W0905 07:40:07.588000 8916 envs\qwen3\Lib\site-packages\torch\_dynamo\convert_frame.py:1125]            ^^^^^^^^^^^^^^
W0905 07:40:07.588000 8916 envs\qwen3\Lib\site-packages\torch\_dynamo\convert_frame.py:1125]   File "E:\VoiceForge TTV Pipeine\v3\envs\qwen3\Lib\site-packages\torch\_inductor\compile_fx.py", line 475, in compile_fx_inner
W0905 07:40:07.588000 8916 envs\qwen3\Lib\site-packages\torch\_dynamo\convert_frame.py:1125]     return wrap_compiler_debug(_compile_fx_inner, compiler_name="inductor")(
W0905 07:40:07.588000 8916 envs\qwen3\Lib\site-packages\torch\_dynamo\convert_frame.py:1125]            ^^^^^^^^^^^^^^^^^^^^^^^^^^^^^^^^^^^^^^^^^^^^^^^^^^^^^^^^^^^^^^^^^
W0905 07:40:07.588000 8916 envs\qwen3\Lib\site-packages\torch\_dynamo\convert_frame.py:1125]   File "E:\VoiceForge TTV Pipeine\v3\envs\qwen3\Lib\site-packages\torch\_dynamo\repro\after_aot.py", line 85, in debug_wrapper
W0905 07:40:07.588000 8916 envs\qwen3\Lib\site-packages\torch\_dynamo\convert_frame.py:1125]     inner_compiled_fn = compiler_fn(gm, example_inputs)
W0905 07:40:07.588000 8916 envs\qwen3\Lib\site-packages\torch\_dynamo\convert_frame.py:1125]                         ^^^^^^^^^^^^^^^^^^^^^^^^^^^^^^^
W0905 07:40:07.588000 8916 envs\qwen3\Lib\site-packages\torch\_dynamo\convert_frame.py:1125]   File "E:\VoiceForge TTV Pipeine\v3\envs\qwen3\Lib\site-packages\torch\_inductor\compile_fx.py", line 661, in _compile_fx_inner
W0905 07:40:07.588000 8916 envs\qwen3\Lib\site-packages\torch\_dynamo\convert_frame.py:1125]     compiled_graph = FxGraphCache.load(
W0905 07:40:07.588000 8916 envs\qwen3\Lib\site-packages\torch\_dynamo\convert_frame.py:1125]                      ^^^^^^^^^^^^^^^^^^
W0905 07:40:07.588000 8916 envs\qwen3\Lib\site-packages\torch\_dynamo\convert_frame.py:1125]   File "E:\VoiceForge TTV Pipeine\v3\envs\qwen3\Lib\site-packages\torch\_inductor\codecache.py", line 1334, in load
W0905 07:40:07.588000 8916 envs\qwen3\Lib\site-packages\torch\_dynamo\convert_frame.py:1125]     compiled_graph = compile_fx_fn(
W0905 07:40:07.588000 8916 envs\qwen3\Lib\site-packages\torch\_dynamo\convert_frame.py:1125]                      ^^^^^^^^^^^^^^
W0905 07:40:07.588000 8916 envs\qwen3\Lib\site-packages\torch\_dynamo\convert_frame.py:1125]   File "E:\VoiceForge TTV Pipeine\v3\envs\qwen3\Lib\site-packages\torch\_inductor\compile_fx.py", line 570, in codegen_and_compile
W0905 07:40:07.588000 8916 envs\qwen3\Lib\site-packages\torch\_dynamo\convert_frame.py:1125]     compiled_graph = fx_codegen_and_compile(gm, example_inputs, **fx_kwargs)
W0905 07:40:07.588000 8916 envs\qwen3\Lib\site-packages\torch\_dynamo\convert_frame.py:1125]                      ^^^^^^^^^^^^^^^^^^^^^^^^^^^^^^^^^^^^^^^^^^^^^^^^^^^^^^^
W0905 07:40:07.588000 8916 envs\qwen3\Lib\site-packages\torch\_dynamo\convert_frame.py:1125]   File "E:\VoiceForge TTV Pipeine\v3\envs\qwen3\Lib\site-packages\torch\_inductor\compile_fx.py", line 878, in fx_codegen_and_compile
W0905 07:40:07.588000 8916 envs\qwen3\Lib\site-packages\torch\_dynamo\convert_frame.py:1125]     compiled_fn = graph.compile_to_fn()
W0905 07:40:07.588000 8916 envs\qwen3\Lib\site-packages\torch\_dynamo\convert_frame.py:1125]                   ^^^^^^^^^^^^^^^^^^^^^
W0905 07:40:07.588000 8916 envs\qwen3\Lib\site-packages\torch\_dynamo\convert_frame.py:1125]   File "E:\VoiceForge TTV Pipeine\v3\envs\qwen3\Lib\site-packages\torch\_inductor\graph.py", line 1913, in compile_to_fn
W0905 07:40:07.588000 8916 envs\qwen3\Lib\site-packages\torch\_dynamo\convert_frame.py:1125]     return self.compile_to_module().call
W0905 07:40:07.588000 8916 envs\qwen3\Lib\site-packages\torch\_dynamo\convert_frame.py:1125]            ^^^^^^^^^^^^^^^^^^^^^^^^
W0905 07:40:07.588000 8916 envs\qwen3\Lib\site-packages\torch\_dynamo\convert_frame.py:1125]   File "E:\VoiceForge TTV Pipeine\v3\envs\qwen3\Lib\site-packages\torch\_inductor\graph.py", line 1839, in compile_to_module
W0905 07:40:07.588000 8916 envs\qwen3\Lib\site-packages\torch\_dynamo\convert_frame.py:1125]     return self._compile_to_module()
W0905 07:40:07.588000 8916 envs\qwen3\Lib\site-packages\torch\_dynamo\convert_frame.py:1125]            ^^^^^^^^^^^^^^^^^^^^^^^^^
W0905 07:40:07.588000 8916 envs\qwen3\Lib\site-packages\torch\_dynamo\convert_frame.py:1125]   File "E:\VoiceForge TTV Pipeine\v3\envs\qwen3\Lib\site-packages\torch\_inductor\graph.py", line 1845, in _compile_to_module
W0905 07:40:07.588000 8916 envs\qwen3\Lib\site-packages\torch\_dynamo\convert_frame.py:1125]     self.codegen_with_cpp_wrapper() if self.cpp_wrapper else self.codegen()
W0905 07:40:07.588000 8916 envs\qwen3\Lib\site-packages\torch\_dynamo\convert_frame.py:1125]                                                              ^^^^^^^^^^^^^^
W0905 07:40:07.588000 8916 envs\qwen3\Lib\site-packages\torch\_dynamo\convert_frame.py:1125]   File "E:\VoiceForge TTV Pipeine\v3\envs\qwen3\Lib\site-packages\torch\_inductor\graph.py", line 1784, in codegen
W0905 07:40:07.588000 8916 envs\qwen3\Lib\site-packages\torch\_dynamo\convert_frame.py:1125]     self.scheduler.codegen()
W0905 07:40:07.588000 8916 envs\qwen3\Lib\site-packages\torch\_dynamo\convert_frame.py:1125]   File "E:\VoiceForge TTV Pipeine\v3\envs\qwen3\Lib\site-packages\torch\_inductor\scheduler.py", line 3383, in codegen
W0905 07:40:07.588000 8916 envs\qwen3\Lib\site-packages\torch\_dynamo\convert_frame.py:1125]     return self._codegen()
W0905 07:40:07.588000 8916 envs\qwen3\Lib\site-packages\torch\_dynamo\convert_frame.py:1125]            ^^^^^^^^^^^^^^^
W0905 07:40:07.588000 8916 envs\qwen3\Lib\site-packages\torch\_dynamo\convert_frame.py:1125]   File "E:\VoiceForge TTV Pipeine\v3\envs\qwen3\Lib\site-packages\torch\_inductor\scheduler.py", line 3461, in _codegen
W0905 07:40:07.588000 8916 envs\qwen3\Lib\site-packages\torch\_dynamo\convert_frame.py:1125]     self.get_backend(device).codegen_node(node)
W0905 07:40:07.588000 8916 envs\qwen3\Lib\site-packages\torch\_dynamo\convert_frame.py:1125]   File "E:\VoiceForge TTV Pipeine\v3\envs\qwen3\Lib\site-packages\torch\_inductor\codegen\cpp.py", line 4468, in codegen_node
W0905 07:40:07.588000 8916 envs\qwen3\Lib\site-packages\torch\_dynamo\convert_frame.py:1125]     cpp_kernel_proxy = CppKernelProxy(kernel_group)
W0905 07:40:07.588000 8916 envs\qwen3\Lib\site-packages\torch\_dynamo\convert_frame.py:1125]                        ^^^^^^^^^^^^^^^^^^^^^^^^^^^^
W0905 07:40:07.588000 8916 envs\qwen3\Lib\site-packages\torch\_dynamo\convert_frame.py:1125]   File "E:\VoiceForge TTV Pipeine\v3\envs\qwen3\Lib\site-packages\torch\_inductor\codegen\cpp.py", line 3466, in __init__
W0905 07:40:07.588000 8916 envs\qwen3\Lib\site-packages\torch\_dynamo\convert_frame.py:1125]     self.picked_vec_isa: cpu_vec_isa.VecISA = cpu_vec_isa.pick_vec_isa()
W0905 07:40:07.588000 8916 envs\qwen3\Lib\site-packages\torch\_dynamo\convert_frame.py:1125]                                               ^^^^^^^^^^^^^^^^^^^^^^^^^^
W0905 07:40:07.588000 8916 envs\qwen3\Lib\site-packages\torch\_dynamo\convert_frame.py:1125]   File "E:\VoiceForge TTV Pipeine\v3\envs\qwen3\Lib\site-packages\torch\_inductor\cpu_vec_isa.py", line 360, in pick_vec_isa
W0905 07:40:07.588000 8916 envs\qwen3\Lib\site-packages\torch\_dynamo\convert_frame.py:1125]     _valid_vec_isa_list: List[VecISA] = valid_vec_isa_list()
W0905 07:40:07.588000 8916 envs\qwen3\Lib\site-packages\torch\_dynamo\convert_frame.py:1125]                                         ^^^^^^^^^^^^^^^^^^^^
W0905 07:40:07.588000 8916 envs\qwen3\Lib\site-packages\torch\_dynamo\convert_frame.py:1125]   File "E:\VoiceForge TTV Pipeine\v3\envs\qwen3\Lib\site-packages\torch\_inductor\cpu_vec_isa.py", line 350, in valid_vec_isa_list
W0905 07:40:07.588000 8916 envs\qwen3\Lib\site-packages\torch\_dynamo\convert_frame.py:1125]     if all(flag in _cpu_supported_x86_isa for flag in str(isa).split()) and isa:
W0905 07:40:07.588000 8916 envs\qwen3\Lib\site-packages\torch\_dynamo\convert_frame.py:1125]                                                                             ^^^
W0905 07:40:07.588000 8916 envs\qwen3\Lib\site-packages\torch\_dynamo\convert_frame.py:1125]   File "E:\VoiceForge TTV Pipeine\v3\envs\qwen3\Lib\site-packages\torch\_inductor\cpu_vec_isa.py", line 148, in __bool__
W0905 07:40:07.588000 8916 envs\qwen3\Lib\site-packages\torch\_dynamo\convert_frame.py:1125]     return self.check_build(VecISA._avx_code)
W0905 07:40:07.588000 8916 envs\qwen3\Lib\site-packages\torch\_dynamo\convert_frame.py:1125]            ^^^^^^^^^^^^^^^^^^^^^^^^^^^^^^^^^^
W0905 07:40:07.588000 8916 envs\qwen3\Lib\site-packages\torch\_dynamo\convert_frame.py:1125]   File "E:\VoiceForge TTV Pipeine\v3\envs\qwen3\Lib\site-packages\torch\_inductor\cpu_vec_isa.py", line 101, in check_build
W0905 07:40:07.588000 8916 envs\qwen3\Lib\site-packages\torch\_dynamo\convert_frame.py:1125]     extra=_get_isa_dry_compile_fingerprint(self._arch_flags),
W0905 07:40:07.588000 8916 envs\qwen3\Lib\site-packages\torch\_dynamo\convert_frame.py:1125]           ^^^^^^^^^^^^^^^^^^^^^^^^^^^^^^^^^^^^^^^^^^^^^^^^^^
W0905 07:40:07.588000 8916 envs\qwen3\Lib\site-packages\torch\_dynamo\convert_frame.py:1125]   File "E:\VoiceForge TTV Pipeine\v3\envs\qwen3\Lib\site-packages\torch\_inductor\cpu_vec_isa.py", line 27, in _get_isa_dry_compile_fingerprint
W0905 07:40:07.588000 8916 envs\qwen3\Lib\site-packages\torch\_dynamo\convert_frame.py:1125]     compiler_info = get_compiler_version_info(get_cpp_compiler())
W0905 07:40:07.588000 8916 envs\qwen3\Lib\site-packages\torch\_dynamo\convert_frame.py:1125]                                               ^^^^^^^^^^^^^^^^^^
W0905 07:40:07.588000 8916 envs\qwen3\Lib\site-packages\torch\_dynamo\convert_frame.py:1125]   File "E:\VoiceForge TTV Pipeine\v3\envs\qwen3\Lib\site-packages\torch\_inductor\cpp_builder.py", line 144, in get_cpp_compiler
W0905 07:40:07.588000 8916 envs\qwen3\Lib\site-packages\torch\_dynamo\convert_frame.py:1125]     check_compiler_exist_windows(compiler)
W0905 07:40:07.588000 8916 envs\qwen3\Lib\site-packages\torch\_dynamo\convert_frame.py:1125]   File "E:\VoiceForge TTV Pipeine\v3\envs\qwen3\Lib\site-packages\torch\_inductor\cpp_builder.py", line 135, in check_compiler_exist_windows
W0905 07:40:07.588000 8916 envs\qwen3\Lib\site-packages\torch\_dynamo\convert_frame.py:1125]     raise RuntimeError(f"Compiler: {compiler} is not found.") from exc
W0905 07:40:07.588000 8916 envs\qwen3\Lib\site-packages\torch\_dynamo\convert_frame.py:1125] RuntimeError: Compiler: cl is not found.
W0905 07:40:07.588000 8916 envs\qwen3\Lib\site-packages\torch\_dynamo\convert_frame.py:1125] 
W0905 07:40:07.588000 8916 envs\qwen3\Lib\site-packages\torch\_dynamo\convert_frame.py:1125] The above exception was the direct cause of the following exception:
W0905 07:40:07.588000 8916 envs\qwen3\Lib\site-packages\torch\_dynamo\convert_frame.py:1125] 
W0905 07:40:07.588000 8916 envs\qwen3\Lib\site-packages\torch\_dynamo\convert_frame.py:1125] Traceback (most recent call last):
W0905 07:40:07.588000 8916 envs\qwen3\Lib\site-packages\torch\_dynamo\convert_frame.py:1125]   File "E:\VoiceForge TTV Pipeine\v3\envs\qwen3\Lib\site-packages\torch\_dynamo\convert_frame.py", line 1064, in __call__
W0905 07:40:07.588000 8916 envs\qwen3\Lib\site-packages\torch\_dynamo\convert_frame.py:1125]     result = self._inner_convert(
W0905 07:40:07.588000 8916 envs\qwen3\Lib\site-packages\torch\_dynamo\convert_frame.py:1125]              ^^^^^^^^^^^^^^^^^^^^
W0905 07:40:07.588000 8916 envs\qwen3\Lib\site-packages\torch\_dynamo\convert_frame.py:1125]   File "E:\VoiceForge TTV Pipeine\v3\envs\qwen3\Lib\site-packages\torch\_dynamo\convert_frame.py", line 526, in __call__
W0905 07:40:07.588000 8916 envs\qwen3\Lib\site-packages\torch\_dynamo\convert_frame.py:1125]     return _compile(
W0905 07:40:07.588000 8916 envs\qwen3\Lib\site-packages\torch\_dynamo\convert_frame.py:1125]            ^^^^^^^^^
W0905 07:40:07.588000 8916 envs\qwen3\Lib\site-packages\torch\_dynamo\convert_frame.py:1125]   File "E:\VoiceForge TTV Pipeine\v3\envs\qwen3\Lib\site-packages\torch\_dynamo\convert_frame.py", line 924, in _compile
W0905 07:40:07.588000 8916 envs\qwen3\Lib\site-packages\torch\_dynamo\convert_frame.py:1125]     guarded_code = compile_inner(code, one_graph, hooks, transform)
W0905 07:40:07.588000 8916 envs\qwen3\Lib\site-packages\torch\_dynamo\convert_frame.py:1125]                    ^^^^^^^^^^^^^^^^^^^^^^^^^^^^^^^^^^^^^^^^^^^^^^^^
W0905 07:40:07.588000 8916 envs\qwen3\Lib\site-packages\torch\_dynamo\convert_frame.py:1125]   File "E:\VoiceForge TTV Pipeine\v3\envs\qwen3\Lib\site-packages\torch\_dynamo\convert_frame.py", line 666, in compile_inner
W0905 07:40:07.588000 8916 envs\qwen3\Lib\site-packages\torch\_dynamo\convert_frame.py:1125]     return _compile_inner(code, one_graph, hooks, transform)
W0905 07:40:07.588000 8916 envs\qwen3\Lib\site-packages\torch\_dynamo\convert_frame.py:1125]            ^^^^^^^^^^^^^^^^^^^^^^^^^^^^^^^^^^^^^^^^^^^^^^^^^
W0905 07:40:07.588000 8916 envs\qwen3\Lib\site-packages\torch\_dynamo\convert_frame.py:1125]   File "E:\VoiceForge TTV Pipeine\v3\envs\qwen3\Lib\site-packages\torch\_utils_internal.py", line 87, in wrapper_function
W0905 07:40:07.588000 8916 envs\qwen3\Lib\site-packages\torch\_dynamo\convert_frame.py:1125]     return function(*args, **kwargs)
W0905 07:40:07.588000 8916 envs\qwen3\Lib\site-packages\torch\_dynamo\convert_frame.py:1125]            ^^^^^^^^^^^^^^^^^^^^^^^^^
W0905 07:40:07.588000 8916 envs\qwen3\Lib\site-packages\torch\_dynamo\convert_frame.py:1125]   File "E:\VoiceForge TTV Pipeine\v3\envs\qwen3\Lib\site-packages\torch\_dynamo\convert_frame.py", line 699, in _compile_inner
W0905 07:40:07.588000 8916 envs\qwen3\Lib\site-packages\torch\_dynamo\convert_frame.py:1125]     out_code = transform_code_object(code, transform)
W0905 07:40:07.588000 8916 envs\qwen3\Lib\site-packages\torch\_dynamo\convert_frame.py:1125]                ^^^^^^^^^^^^^^^^^^^^^^^^^^^^^^^^^^^^^^
W0905 07:40:07.588000 8916 envs\qwen3\Lib\site-packages\torch\_dynamo\convert_frame.py:1125]   File "E:\VoiceForge TTV Pipeine\v3\envs\qwen3\Lib\site-packages\torch\_dynamo\bytecode_transformation.py", line 1322, in transform_code_object
W0905 07:40:07.588000 8916 envs\qwen3\Lib\site-packages\torch\_dynamo\convert_frame.py:1125]     transformations(instructions, code_options)
W0905 07:40:07.588000 8916 envs\qwen3\Lib\site-packages\torch\_dynamo\convert_frame.py:1125]   File "E:\VoiceForge TTV Pipeine\v3\envs\qwen3\Lib\site-packages\torch\_dynamo\convert_frame.py", line 219, in _fn
W0905 07:40:07.588000 8916 envs\qwen3\Lib\site-packages\torch\_dynamo\convert_frame.py:1125]     return fn(*args, **kwargs)
W0905 07:40:07.588000 8916 envs\qwen3\Lib\site-packages\torch\_dynamo\convert_frame.py:1125]            ^^^^^^^^^^^^^^^^^^^
W0905 07:40:07.588000 8916 envs\qwen3\Lib\site-packages\torch\_dynamo\convert_frame.py:1125]   File "E:\VoiceForge TTV Pipeine\v3\envs\qwen3\Lib\site-packages\torch\_dynamo\convert_frame.py", line 634, in transform
W0905 07:40:07.588000 8916 envs\qwen3\Lib\site-packages\torch\_dynamo\convert_frame.py:1125]     tracer.run()
W0905 07:40:07.588000 8916 envs\qwen3\Lib\site-packages\torch\_dynamo\convert_frame.py:1125]   File "E:\VoiceForge TTV Pipeine\v3\envs\qwen3\Lib\site-packages\torch\_dynamo\symbolic_convert.py", line 2796, in run
W0905 07:40:07.588000 8916 envs\qwen3\Lib\site-packages\torch\_dynamo\convert_frame.py:1125]     super().run()
W0905 07:40:07.588000 8916 envs\qwen3\Lib\site-packages\torch\_dynamo\convert_frame.py:1125]   File "E:\VoiceForge TTV Pipeine\v3\envs\qwen3\Lib\site-packages\torch\_dynamo\symbolic_convert.py", line 983, in run
W0905 07:40:07.588000 8916 envs\qwen3\Lib\site-packages\torch\_dynamo\convert_frame.py:1125]     while self.step():
W0905 07:40:07.588000 8916 envs\qwen3\Lib\site-packages\torch\_dynamo\convert_frame.py:1125]           ^^^^^^^^^^^
W0905 07:40:07.588000 8916 envs\qwen3\Lib\site-packages\torch\_dynamo\convert_frame.py:1125]   File "E:\VoiceForge TTV Pipeine\v3\envs\qwen3\Lib\site-packages\torch\_dynamo\symbolic_convert.py", line 895, in step
W0905 07:40:07.588000 8916 envs\qwen3\Lib\site-packages\torch\_dynamo\convert_frame.py:1125]     self.dispatch_table[inst.opcode](self, inst)
W0905 07:40:07.588000 8916 envs\qwen3\Lib\site-packages\torch\_dynamo\convert_frame.py:1125]   File "E:\VoiceForge TTV Pipeine\v3\envs\qwen3\Lib\site-packages\torch\_dynamo\symbolic_convert.py", line 2987, in RETURN_VALUE
W0905 07:40:07.588000 8916 envs\qwen3\Lib\site-packages\torch\_dynamo\convert_frame.py:1125]     self._return(inst)
W0905 07:40:07.588000 8916 envs\qwen3\Lib\site-packages\torch\_dynamo\convert_frame.py:1125]   File "E:\VoiceForge TTV Pipeine\v3\envs\qwen3\Lib\site-packages\torch\_dynamo\symbolic_convert.py", line 2972, in _return
W0905 07:40:07.588000 8916 envs\qwen3\Lib\site-packages\torch\_dynamo\convert_frame.py:1125]     self.output.compile_subgraph(
W0905 07:40:07.588000 8916 envs\qwen3\Lib\site-packages\torch\_dynamo\convert_frame.py:1125]   File "E:\VoiceForge TTV Pipeine\v3\envs\qwen3\Lib\site-packages\torch\_dynamo\output_graph.py", line 1117, in compile_subgraph
W0905 07:40:07.588000 8916 envs\qwen3\Lib\site-packages\torch\_dynamo\convert_frame.py:1125]     self.compile_and_call_fx_graph(tx, list(reversed(stack_values)), root)
W0905 07:40:07.588000 8916 envs\qwen3\Lib\site-packages\torch\_dynamo\convert_frame.py:1125]   File "E:\VoiceForge TTV Pipeine\v3\envs\qwen3\Lib\site-packages\torch\_dynamo\output_graph.py", line 1369, in compile_and_call_fx_graph
W0905 07:40:07.588000 8916 envs\qwen3\Lib\site-packages\torch\_dynamo\convert_frame.py:1125]     compiled_fn = self.call_user_compiler(gm)
W0905 07:40:07.588000 8916 envs\qwen3\Lib\site-packages\torch\_dynamo\convert_frame.py:1125]                   ^^^^^^^^^^^^^^^^^^^^^^^^^^^
W0905 07:40:07.588000 8916 envs\qwen3\Lib\site-packages\torch\_dynamo\convert_frame.py:1125]   File "E:\VoiceForge TTV Pipeine\v3\envs\qwen3\Lib\site-packages\torch\_dynamo\output_graph.py", line 1416, in call_user_compiler
W0905 07:40:07.588000 8916 envs\qwen3\Lib\site-packages\torch\_dynamo\convert_frame.py:1125]     return self._call_user_compiler(gm)
W0905 07:40:07.588000 8916 envs\qwen3\Lib\site-packages\torch\_dynamo\convert_frame.py:1125]            ^^^^^^^^^^^^^^^^^^^^^^^^^^^^
W0905 07:40:07.588000 8916 envs\qwen3\Lib\site-packages\torch\_dynamo\convert_frame.py:1125]   File "E:\VoiceForge TTV Pipeine\v3\envs\qwen3\Lib\site-packages\torch\_dynamo\output_graph.py", line 1465, in _call_user_compiler
W0905 07:40:07.588000 8916 envs\qwen3\Lib\site-packages\torch\_dynamo\convert_frame.py:1125]     raise BackendCompilerFailed(self.compiler_fn, e) from e
W0905 07:40:07.588000 8916 envs\qwen3\Lib\site-packages\torch\_dynamo\convert_frame.py:1125] torch._dynamo.exc.BackendCompilerFailed: backend='inductor' raised:
W0905 07:40:07.588000 8916 envs\qwen3\Lib\site-packages\torch\_dynamo\convert_frame.py:1125] RuntimeError: Compiler: cl is not found.
W0905 07:40:07.588000 8916 envs\qwen3\Lib\site-packages\torch\_dynamo\convert_frame.py:1125] 
W0905 07:40:07.588000 8916 envs\qwen3\Lib\site-packages\torch\_dynamo\convert_frame.py:1125] Set TORCH_LOGS="+dynamo" and TORCHDYNAMO_VERBOSE=1 for more information
W0905 07:40:07.588000 8916 envs\qwen3\Lib\site-packages\torch\_dynamo\convert_frame.py:1125] 
Setting `pad_token_id` to `eos_token_id`:2150 for open-end generation.
Setting `pad_token_id` to `eos_token_id`:2150 for open-end generation.
Setting `pad_token_id` to `eos_token_id`:2150 for open-end generation.
Setting `pad_token_id` to `eos_token_id`:2150 for open-end generation.
Setting `pad_token_id` to `eos_token_id`:2150 for open-end generation.
Setting `pad_token_id` to `eos_token_id`:2150 for open-end generation.
Setting `pad_token_id` to `eos_token_id`:2150 for open-end generation.
Setting `pad_token_id` to `eos_token_id`:2150 for open-end generation.
Setting `pad_token_id` to `eos_token_id`:2150 for open-end generation.
Setting `pad_token_id` to `eos_token_id`:2150 for open-end generation.
Setting `pad_token_id` to `eos_token_id`:2150 for open-end generation.
Setting `pad_token_id` to `eos_token_id`:2150 for open-end generation.
Setting `pad_token_id` to `eos_token_id`:2150 for open-end generation.
Setting `pad_token_id` to `eos_token_id`:2150 for open-end generation.
Setting `pad_token_id` to `eos_token_id`:2150 for open-end generation.
Setting `pad_token_id` to `eos_token_id`:2150 for open-end generation.
Setting `pad_token_id` to `eos_token_id`:2150 for open-end generation.
Setting `pad_token_id` to `eos_token_id`:2150 for open-end generation.
Setting `pad_token_id` to `eos_token_id`:2150 for open-end generation.
Setting `pad_token_id` to `eos_token_id`:2150 for open-end generation.
Setting `pad_token_id` to `eos_token_id`:2150 for open-end generation.
Setting `pad_token_id` to `eos_token_id`:2150 for open-end generation.
Setting `pad_token_id` to `eos_token_id`:2150 for open-end generation.
Setting `pad_token_id` to `eos_token_id`:2150 for open-end generation.
Setting `pad_token_id` to `eos_token_id`:2150 for open-end generation.
Setting `pad_token_id` to `eos_token_id`:2150 for open-end generation.
Setting `pad_token_id` to `eos_token_id`:2150 for open-end generation.
Setting `pad_token_id` to `eos_token_id`:2150 for open-end generation.
Setting `pad_token_id` to `eos_token_id`:2150 for open-end generation.
Setting `pad_token_id` to `eos_token_id`:2150 for open-end generation.
Setting `pad_token_id` to `eos_token_id`:2150 for open-end generation.
Setting `pad_token_id` to `eos_token_id`:2150 for open-end generation.
Setting `pad_token_id` to `eos_token_id`:2150 for open-end generation.
Setting `pad_token_id` to `eos_token_id`:2150 for open-end generation.
Setting `pad_token_id` to `eos_token_id`:2150 for open-end generation.
Setting `pad_token_id` to `eos_token_id`:2150 for open-end generation.
      10/300 | clean 7 (70%) | 9.5 min | eta 275.5 min
Setting `pad_token_id` to `eos_token_id`:2150 for open-end generation.
Setting `pad_token_id` to `eos_token_id`:2150 for open-end generation.
Setting `pad_token_id` to `eos_token_id`:2150 for open-end generation.
Setting `pad_token_id` to `eos_token_id`:2150 for open-end generation.
Setting `pad_token_id` to `eos_token_id`:2150 for open-end generation.
Setting `pad_token_id` to `eos_token_id`:2150 for open-end generation.
Setting `pad_token_id` to `eos_token_id`:2150 for open-end generation.
Setting `pad_token_id` to `eos_token_id`:2150 for open-end generation.
Setting `pad_token_id` to `eos_token_id`:2150 for open-end generation.
Setting `pad_token_id` to `eos_token_id`:2150 for open-end generation.
Setting `pad_token_id` to `eos_token_id`:2150 for open-end generation.
Setting `pad_token_id` to `eos_token_id`:2150 for open-end generation.
Setting `pad_token_id` to `eos_token_id`:2150 for open-end generation.
Setting `pad_token_id` to `eos_token_id`:2150 for open-end generation.
Setting `pad_token_id` to `eos_token_id`:2150 for open-end generation.
Setting `pad_token_id` to `eos_token_id`:2150 for open-end generation.
Setting `pad_token_id` to `eos_token_id`:2150 for open-end generation.
Setting `pad_token_id` to `eos_token_id`:2150 for open-end generation.
Setting `pad_token_id` to `eos_token_id`:2150 for open-end generation.
Setting `pad_token_id` to `eos_token_id`:2150 for open-end generation.
Setting `pad_token_id` to `eos_token_id`:2150 for open-end generation.
Setting `pad_token_id` to `eos_token_id`:2150 for open-end generation.
Setting `pad_token_id` to `eos_token_id`:2150 for open-end generation.
Setting `pad_token_id` to `eos_token_id`:2150 for open-end generation.
Setting `pad_token_id` to `eos_token_id`:2150 for open-end generation.
Setting `pad_token_id` to `eos_token_id`:2150 for open-end generation.
Setting `pad_token_id` to `eos_token_id`:2150 for open-end generation.
Setting `pad_token_id` to `eos_token_id`:2150 for open-end generation.
Setting `pad_token_id` to `eos_token_id`:2150 for open-end generation.
Setting `pad_token_id` to `eos_token_id`:2150 for open-end generation.
Setting `pad_token_id` to `eos_token_id`:2150 for open-end generation.
Setting `pad_token_id` to `eos_token_id`:2150 for open-end generation.
Setting `pad_token_id` to `eos_token_id`:2150 for open-end generation.
Setting `pad_token_id` to `eos_token_id`:2150 for open-end generation.
Setting `pad_token_id` to `eos_token_id`:2150 for open-end generation.
Setting `pad_token_id` to `eos_token_id`:2150 for open-end generation.
Setting `pad_token_id` to `eos_token_id`:2150 for open-end generation.
Setting `pad_token_id` to `eos_token_id`:2150 for open-end generation.
Setting `pad_token_id` to `eos_token_id`:2150 for open-end generation.
Setting `pad_token_id` to `eos_token_id`:2150 for open-end generation.
Setting `pad_token_id` to `eos_token_id`:2150 for open-end generation.
Setting `pad_token_id` to `eos_token_id`:2150 for open-end generation.
      20/300 | clean 14 (70%) | 18.6 min | eta 260.0 min
Setting `pad_token_id` to `eos_token_id`:2150 for open-end generation.
Setting `pad_token_id` to `eos_token_id`:2150 for open-end generation.
Setting `pad_token_id` to `eos_token_id`:2150 for open-end generation.
Setting `pad_token_id` to `eos_token_id`:2150 for open-end generation.
Setting `pad_token_id` to `eos_token_id`:2150 for open-end generation.
Setting `pad_token_id` to `eos_token_id`:2150 for open-end generation.
Setting `pad_token_id` to `eos_token_id`:2150 for open-end generation.
Setting `pad_token_id` to `eos_token_id`:2150 for open-end generation.
Setting `pad_token_id` to `eos_token_id`:2150 for open-end generation.
Setting `pad_token_id` to `eos_token_id`:2150 for open-end generation.
Setting `pad_token_id` to `eos_token_id`:2150 for open-end generation.
Setting `pad_token_id` to `eos_token_id`:2150 for open-end generation.
Setting `pad_token_id` to `eos_token_id`:2150 for open-end generation.
Setting `pad_token_id` to `eos_token_id`:2150 for open-end generation.
Setting `pad_token_id` to `eos_token_id`:2150 for open-end generation.
Setting `pad_token_id` to `eos_token_id`:2150 for open-end generation.
Setting `pad_token_id` to `eos_token_id`:2150 for open-end generation.
Setting `pad_token_id` to `eos_token_id`:2150 for open-end generation.
Setting `pad_token_id` to `eos_token_id`:2150 for open-end generation.
Setting `pad_token_id` to `eos_token_id`:2150 for open-end generation.
Setting `pad_token_id` to `eos_token_id`:2150 for open-end generation.
Setting `pad_token_id` to `eos_token_id`:2150 for open-end generation.
Setting `pad_token_id` to `eos_token_id`:2150 for open-end generation.
Setting `pad_token_id` to `eos_token_id`:2150 for open-end generation.
Setting `pad_token_id` to `eos_token_id`:2150 for open-end generation.
Setting `pad_token_id` to `eos_token_id`:2150 for open-end generation.
Setting `pad_token_id` to `eos_token_id`:2150 for open-end generation.
Setting `pad_token_id` to `eos_token_id`:2150 for open-end generation.
Setting `pad_token_id` to `eos_token_id`:2150 for open-end generation.
Setting `pad_token_id` to `eos_token_id`:2150 for open-end generation.
Setting `pad_token_id` to `eos_token_id`:2150 for open-end generation.
Setting `pad_token_id` to `eos_token_id`:2150 for open-end generation.
Setting `pad_token_id` to `eos_token_id`:2150 for open-end generation.
Setting `pad_token_id` to `eos_token_id`:2150 for open-end generation.
Setting `pad_token_id` to `eos_token_id`:2150 for open-end generation.
Setting `pad_token_id` to `eos_token_id`:2150 for open-end generation.
Setting `pad_token_id` to `eos_token_id`:2150 for open-end generation.
Setting `pad_token_id` to `eos_token_id`:2150 for open-end generation.
Setting `pad_token_id` to `eos_token_id`:2150 for open-end generation.
      30/300 | clean 22 (73%) | 27.8 min | eta 250.6 min
Setting `pad_token_id` to `eos_token_id`:2150 for open-end generation.
Setting `pad_token_id` to `eos_token_id`:2150 for open-end generation.
Setting `pad_token_id` to `eos_token_id`:2150 for open-end generation.
Setting `pad_token_id` to `eos_token_id`:2150 for open-end generation.
Setting `pad_token_id` to `eos_token_id`:2150 for open-end generation.
Setting `pad_token_id` to `eos_token_id`:2150 for open-end generation.
Setting `pad_token_id` to `eos_token_id`:2150 for open-end generation.
Setting `pad_token_id` to `eos_token_id`:2150 for open-end generation.
Setting `pad_token_id` to `eos_token_id`:2150 for open-end generation.
Setting `pad_token_id` to `eos_token_id`:2150 for open-end generation.
Setting `pad_token_id` to `eos_token_id`:2150 for open-end generation.
Setting `pad_token_id` to `eos_token_id`:2150 for open-end generation.
Setting `pad_token_id` to `eos_token_id`:2150 for open-end generation.
Setting `pad_token_id` to `eos_token_id`:2150 for open-end generation.
